prime_mover,rowid,RC1,RC2,RC3,RC4
CC,58,0.14604337348361637,-0.0413186212398621,-0.07380437431269753,NA
CC,59,0.13460668441063137,-0.02941684553074786,-0.06035435450538297,NA
CC,60,0.18103253438287392,-0.03183676721951141,-0.05746696735634904,NA
CC,61,0.2255908234462471,-0.03516216812936138,-0.047462934329433167,NA
CC,62,0.2610305773344036,-0.037749295140523144,-0.02907230402103312,NA
CC,63,0.31170531396931017,-0.04097301596993071,-0.03008766980744092,NA
CC,64,0.1594530805529483,-0.039849882659605394,-0.07842111839069249,NA
CC,65,0.1281531578090084,-0.019012474965924554,-0.06365063740079151,NA
CC,66,0.18058911671541206,-0.02390230704458659,-0.06091369636287753,NA
CC,67,0.23307479583340412,-0.03150534784857448,-0.051999813976860494,NA
CC,68,0.26168212948076874,-0.03135854844014253,-0.035137481267231006,NA
CC,69,0.3148895914153727,-0.03615374377257735,-0.03447229187155448,NA
CC,70,-0.4404636110523474,-0.004237813018798469,0.3175057487744334,NA
CC,71,-0.5004982215013445,0.0286407140530158,0.3683318502940869,NA
CC,72,-0.4082083636127169,0.03206958955311837,0.36703031278681864,NA
CC,73,-0.5604733539134426,0.06477897840283144,0.3466082613332901,NA
CC,74,-0.5981208029079252,0.06754380245013894,0.24720302813531322,NA
CC,75,-0.5913897220749395,0.052078534720252076,0.1911139415902135,NA
CC,76,-0.5780967538989599,0.05555418343323054,0.1760405155963963,NA
CC,77,-0.4457353145157977,0.03925001998615505,0.1563291436935808,NA
CC,78,-0.3391995220847226,0.03380838090680494,0.17117935348849753,NA
CC,429,-0.07880589822133255,-0.07240891992305824,0.001999818023616624,NA
CC,430,0.03208844153042052,-0.08496504277464181,-0.0034198353593322497,NA
CC,431,0.09734481121247057,-0.09336897337732003,0.009190001979413453,NA
CC,432,0.24863527124803494,-0.10541275362271774,0.03450993564129918,NA
CC,433,0.2103223892848915,-0.1085111852085158,0.014820091763908083,NA
CC,434,0.24258830405099208,-0.10416300384046527,0.023301293165010804,NA
CC,435,-0.0987245325859934,-0.07118062061734015,-0.001453241113877519,NA
CC,436,0.004137917075989319,-0.0832357089533977,-0.011303742944704917,NA
CC,437,0.0850330740010319,-0.09022625438063923,0.01579033095098091,NA
CC,438,0.22073368597131138,-0.10110002631302188,0.03258530166954831,NA
CC,439,0.18894350215317027,-0.10501991901745562,0.014304990886638235,NA
CC,440,0.24752996750058445,-0.10809879381414421,0.01589761080703208,NA
CC,441,-1.142968647543416,-0.052360699307645024,0.2454248099568803,NA
CC,442,-1.1413974349330824,-0.052917930460046024,0.27384357095943046,NA
CC,443,-0.7361023838566512,-0.03519224444072472,0.38638944917271695,NA
CC,444,-0.9899300309775709,-0.03506256293412018,0.23491053389491962,NA
CC,488,-0.13736378445979364,-0.08101931526413378,-0.0916013311735028,NA
CC,489,-0.14566739292541261,-0.07347230366383752,-0.08903398382854691,NA
CC,490,-0.0770855226263787,-0.08358780854100686,-0.08412830574343691,NA
CC,491,-0.07498561485888412,-0.07978982672685185,-0.07868271396447712,NA
CC,492,-0.03329417304941625,-0.08431323852678124,-0.07555541451907384,NA
CC,575,-0.8012741477687213,0.4953788952264197,0.1338525976251995,NA
CC,576,-0.7475128296620678,0.15526749558756212,0.1272842940445799,NA
CC,577,-0.6597623093485684,0.19381657447168013,0.22821336581337062,NA
CC,578,-0.6589165847520745,0.4919862858975381,0.10195231975198299,NA
CC,579,-0.5604522265198465,0.32581583801545777,0.1584450953442988,NA
CC,580,-0.35077213138110286,0.4775151959355038,0.1967281805887293,NA
CC,581,-0.265086913565987,0.5691327916855496,0.21969849902507677,NA
CC,594,0.5608260372541287,0.6621351898314265,0.5120505400627129,NA
CC,595,0.671331114043813,0.5950791709975718,0.4409373343170763,NA
CC,596,0.773255697161276,0.5944758208668001,0.43035949673982293,NA
CC,597,0.8695642831934015,0.5026203016304226,0.433733606106485,NA
CC,598,1.0034149655834919,0.5995191711341562,0.48965519851222206,NA
CC,612,0.6360670796836344,-0.04497840437365398,-0.10120408613581737,NA
CC,613,0.8169731197901312,-0.19703194309903915,0.015551704837545621,NA
CC,615,0.6259204176501559,-0.02522845565515825,-0.10460979828002118,NA
CC,616,0.7484677342070544,-0.0435387265935044,0.015171019001579697,NA
CC,618,0.5656782505155238,0.03980634424990951,0.07901241257286112,NA
CC,619,0.6241267916314247,0.022931316227603853,0.09841049479958437,NA
CC,620,0.68811223720532,0.013651092756414542,0.10516991750959631,NA
CC,638,-0.7967423709650467,0.12871351524841007,0.08275792650552978,NA
CC,639,-0.7399698730977634,0.41273643372682944,0.07030985450223667,NA
CC,640,-0.5776438171575924,0.3241912899667616,0.18544678770299924,NA
CC,641,-0.45310647133907933,0.26033485387117006,0.1408108404253338,NA
CC,665,-0.982575081424112,0.11663143528490283,0.33849049169282797,NA
CC,666,-0.853280354746944,0.3064681662500102,0.3874345231985777,NA
CC,667,-0.8813276286198946,0.22317334551627016,0.3937994937861015,NA
CC,668,-0.7443807249760058,0.1626649361803218,0.33161336782447937,NA
CC,669,-0.5616944745134915,0.6272521826553741,0.39980403755595456,NA
CC,670,-0.5081355596500675,0.6803188521774829,0.44252339014266573,NA
CC,671,0.5257885372443669,0.32587362183713103,0.25705304134005696,NA
CC,672,0.5984176195103705,0.3152250830038,0.28598176899569483,NA
CC,673,0.6578490144025688,0.1859524999936058,0.19609711997615623,NA
CC,674,0.7262390904052198,0.3082555515281008,0.280859445985651,NA
CC,685,-0.8508573117070994,0.41232195600111676,-0.10045601438991535,NA
CC,686,-0.9182012048208049,0.44803223118208546,-0.041904218383008514,NA
CC,687,-0.6481427070278359,0.4709247445714586,-0.01979954634338552,NA
CC,688,-0.574229599463274,0.5631781348772895,0.019466895387234243,NA
CC,689,-0.6201630011606147,0.7379386765395175,0.03420784492694192,NA
CC,690,-0.5143905233866439,0.7180776145303766,0.080800025468518,NA
CC,691,-0.4401895608472779,0.5746750525615123,0.03670694886404412,NA
CC,692,-0.47097566687276216,0.6521351536786568,0.06102921756358457,NA
CC,693,-0.3356890716391986,0.5573267699621106,0.18277203206284764,NA
CC,694,-0.1518594840613166,0.6381726176909865,0.1802384730198053,NA
CC,695,-0.12622507374568823,0.7362205665155912,0.1550889640106726,NA
CC,696,0.022316418099639312,0.45683150906045017,0.09976539063744137,NA
CC,697,0.004690612460175379,0.41856892747536684,0.14662866814205022,NA
CC,747,-0.5667232055118553,0.11917833087194304,-0.0667844945181114,NA
CC,748,-0.5695956860375265,-0.02960553197503786,-2.9282504106091495e-4,NA
CC,761,-0.48781503346129523,-0.06579237469090606,0.20978219627985714,NA
CC,763,-0.28626969413500497,-0.0731157528842704,0.23042617445705857,NA
CC,892,0.07626933162632127,-0.056851666816997395,-0.023880908975146695,NA
CC,893,0.11481248086782464,-0.06567508582177553,-0.02656660418783939,NA
CC,894,0.11135450909015632,-0.058529073863870115,-0.022553651615374322,NA
CC,897,-0.01221193666169524,-0.054250527543153675,-0.0028087550037020287,NA
CC,898,-0.17330648332524615,-0.04044396167702384,-0.04786564390075504,NA
CC,899,-0.0072652471356617196,-0.058025553495387204,-0.04048913992079879,NA
CC,900,-0.08025856357849331,-0.0456876337464095,-0.054974160770974785,NA
CC,901,-0.042600523190799364,-0.045025110995282516,-0.03291243822842794,NA
CC,902,0.027770449555258304,-0.05573988743504751,-0.03983185390070237,NA
CC,903,0.04678474302803556,-0.05621563291649202,-0.03373419465261762,NA
CC,1113,-0.5084907197669232,0.03074906696247128,-0.05029544524033174,NA
CC,1114,-0.4739167283083771,0.025636042837015777,-0.035103068360748946,NA
CC,1115,-0.3420212399630223,0.0027800323501037706,-0.02033727031837458,NA
CC,1116,-0.4130288974337081,0.046738259079663266,0.00445005057732738,NA
CC,1117,-0.28423695421921674,0.018775100233665347,0.016002843337615532,NA
CC,1118,-0.4570924910798308,-0.025438908583581103,-9.693347233006484e-4,NA
CC,1119,-0.34457683034478237,-0.08449259289986187,0.014123725525559877,NA
CC,1120,-0.38007832447445217,-0.07310943523179933,0.02075978707681955,NA
CC,1121,-0.379032406189968,-0.07009159714176989,0.052795467849955445,NA
CC,1122,-0.2953438439484257,-0.076131625204205855,0.058222668552943044,NA
CC,1123,-0.4801085362335181,-0.06862576571469958,-0.01624501667527695,NA
CC,1124,-0.45507155594442905,-0.07248430532521907,0.0014280875846334451,NA
CC,1125,-0.44547461435098307,-0.06913498426966805,0.011067556546905126,NA
CC,1126,-0.2842649662276569,-0.0950687274986225,0.02125010807850329,NA
CC,1127,-0.3815667050326313,-0.07394139919946946,0.0508743857465442,NA
CC,1128,-0.3397704191439238,-0.07182641163868021,0.0538486622517574,NA
CC,1130,-2.83921587137714,0.12003986187730978,0.6535671269242946,NA
CC,1131,-2.4683302141851544,0.06809966402753477,0.6095358750616773,NA
CC,1269,0.4460210038693182,-0.03970294111688909,-0.06903146993814382,NA
CC,1270,0.44684911190857013,-0.02554212826890421,-0.036048583044269694,NA
CC,1271,0.5073790282024491,-0.04988528963075565,-0.08362825206801505,NA
CC,1272,0.5233371119738915,-0.051874912830492045,-0.09876752636642559,NA
CC,1273,0.5301232251304477,-0.049009547723167936,-0.10446816441622624,NA
CC,1274,0.5439666279281985,-0.04772031378289885,-0.10294373693419032,NA
CC,1275,0.5100065787304882,-0.017819152637313856,-0.06694377263811457,NA
CC,1486,-0.3522812120838195,0.07762192511520295,-0.16589833822415867,NA
CC,1487,-0.264389550212137,0.06221493117414322,-0.15783121916748022,NA
CC,1909,0.3122275491887965,-0.0861321062469171,-0.18867806111811686,NA
CC,2263,-0.2678919407753514,0.08994099099309814,-0.19789785736410237,NA
CC,2264,-0.07587767844859246,0.041726886195816014,-0.1859402194416424,NA
CC,2265,-0.14039591456869766,0.07120988916348117,-0.19334777148345997,NA
CC,2266,-0.12906991067102452,0.08019924209202041,-0.19067645005882564,NA
CC,2267,-0.03367679958247895,0.06139881669396548,-0.17876216356097668,NA
CC,2352,0.47564122087687244,-0.0865669559534453,0.16705231031843457,NA
CC,2353,0.4754456486469557,-0.06311737854311414,0.13401575159902393,NA
CC,2354,0.519986359495076,-0.06686563769332625,0.14598513497329024,NA
CC,2355,0.5613374866423458,-0.07672582747821584,0.16005076753842173,NA
CC,2356,0.6040026790141346,-0.056726291175889676,0.16174459495755905,NA
CC,2357,0.6528559643033871,-0.05376577880790985,0.14788177317580548,NA
CC,2358,0.7068016537315517,-0.05537294787340033,0.18641067333195432,NA
CC,2923,0.5382057846700582,-0.06664332772327154,-0.1396953523040672,NA
CC,2924,0.5553863768493945,-0.05501719037262374,-0.1312337441469828,NA
CC,2925,0.5646032656713833,-0.07552326710736744,-0.1334905385910309,NA
CC,2926,0.5797451989759409,-0.0733314696130768,-0.13466761891656281,NA
CC,2927,0.6207884630422649,-0.0434211868750652,-0.11792335384586008,NA
CC,2928,0.6290229477246329,-0.056156330538307625,-0.11365872026822507,NA
CC,2929,0.07392655095424466,-0.10401548536306361,-0.05824898250290135,NA
CC,2930,0.05733238379871704,-0.09318276408854353,-0.04038383213655377,NA
CC,2931,0.08691131778877846,-0.10218713708680141,-0.05060753900933593,NA
CC,2932,-0.036407182672531915,-0.052796571907868295,-0.056316715133974654,NA
CC,2933,-0.016909927639753762,-0.04932003619078103,-0.03616387489032945,NA
CC,2934,0.1211200210027787,-0.08457572098582415,-0.005580999386357037,NA
CC,2935,0.04728730426968709,-0.0372038081977992,0.016817721584916755,NA
CC,2936,0.05030395538250638,-0.03571963792132831,0.0012212403501321342,NA
CC,2937,0.09439655773823266,-0.04840563145148915,-0.011195398756936701,NA
CC,2938,0.08836683879835523,-0.0450514487644552,-0.041630330518980053,NA
CC,2939,0.0345168001612345,0.0024157897229233265,-0.03291443316114448,NA
CC,2940,0.1318202768335439,-0.022683885397403736,0.015678016452865977,NA
CC,2965,0.2382431468325418,0.018945337559092258,-0.15827211471762712,NA
CC,2966,0.30067407666814133,-0.014916986987646232,-0.1639164930547742,NA
CC,2967,0.1854483323624612,0.13269083952516222,-0.1694860552908248,NA
CC,2968,0.23475003788065016,0.11972462309488213,-0.15194135218803415,NA
CC,2969,0.32627204803965837,0.05346953351765291,-0.15518917627161566,NA
CC,2970,0.28462591909395646,0.11840433001103497,-0.17145003067990616,NA
CC,2971,0.29431224329270883,0.147040441858024,-0.166761824319419,NA
CC,2972,0.3772961157751814,0.09375572334012924,-0.12612217580831028,NA
CC,3156,0.3621265361296472,-0.09749866356705558,-0.1867949823290686,NA
CC,3157,0.36420373462149863,-0.09554633669198662,-0.1879175057179753,NA
CC,3158,0.3759724288251162,-0.09891324473755056,-0.18163612750849653,NA
CC,3159,0.39075338467171955,-0.10359995531349621,-0.18245452278075203,NA
CC,3160,0.3938915414602325,-0.10213667049032236,-0.1792830757234822,NA
CC,3161,0.3981765592631241,-0.10335122337969561,-0.17435192155564105,NA
CC,3162,0.4085337881934031,-0.10323229360638368,-0.1751420121161573,NA
CC,3163,0.4189166864726319,-0.10445004432442294,-0.17445249118641157,NA
CC,3164,0.43142953260366523,-0.1091333067628967,-0.18018589495211518,NA
CC,3165,0.449255172637001,-0.10888974997756916,-0.1773829835220447,NA
CC,3166,0.45751695408476367,-0.10372286676145362,-0.17952674896340332,NA
CC,3167,0.46156833546315656,-0.10734865159909769,-0.1840409760757012,NA
CC,3537,0.4784047610836946,-0.08321762173476895,-0.24196613492124233,NA
CC,3538,0.4829688680907164,-0.08221759417516913,-0.23832533142403206,NA
CC,3539,0.4884328202762803,-0.08326488149177873,-0.2418299017781759,NA
CC,3541,0.49510955727531253,-0.08053944779905244,-0.24131806849421314,NA
CC,3543,-0.16061533440410827,-0.10228435787857594,-0.00878752546715441,NA
CC,3544,-0.14877964860302145,-0.09856580877806681,-0.0060260673194919,NA
CC,3545,-0.08330338268055609,-0.1039427491332912,-0.007188593064677279,NA
CC,3546,-0.0373458812178955,-0.10348490743574495,-0.010152445706477622,NA
CC,3547,0.028890996628941443,-0.11273052674161091,-0.007479172454957371,NA
CC,3548,0.052002905376519165,-0.10675355428849757,-0.003421595310004839,NA
CC,3550,-0.4480016342299344,-0.0834074954736045,0.08452445333193534,NA
CC,3551,-0.3963320816985757,-0.09235132381219123,0.047005755100999955,NA
CC,3552,-0.30223997102913447,-0.1073920789479112,0.04819645637553242,NA
CC,3553,-0.32843222922970866,-0.09359985700009502,0.05802686666219364,NA
CC,3554,-0.3059965504359801,-0.10898398794077072,0.11148342833756555,NA
CC,3555,-0.2659950646440303,-0.09630093034081617,0.07264808490524124,NA
CC,4261,-0.47379101332140655,-0.052341111131802495,-0.03761443871141865,NA
CC,4262,-0.4980822671718172,-0.05366360689185833,-0.029182681009513683,NA
CC,4263,-0.3050720867347187,-0.07259231448023484,-0.04490875403081245,NA
CC,4264,-0.381425664064037,-0.0468222685244713,-0.05158388931292188,NA
CC,4265,-0.37607816294532775,-0.047967172537589656,-0.0329981829063925,NA
CC,4266,-0.29017408356092644,-0.05149616044144605,-0.041994582775272585,NA
CC,4267,-0.2330550639520234,-0.053696794981431414,-0.03340553323510428,NA
CC,4269,-0.012051511154299293,-0.08791245758902586,-0.037581432331830485,NA
CC,4343,-0.504519753682019,-0.015913240114874477,-0.051141605372568066,NA
CC,4344,-0.35476821510367873,-0.030978382765592102,-0.06457943481249567,NA
CC,4345,-0.3723142686654084,-0.013558812082907845,-0.0744717928199622,NA
CC,4346,-0.3981516645371105,-0.004329372800831302,-0.05906213953868158,NA
CC,4347,-0.3098398196863431,-0.011038342046074815,-0.06770938110206913,NA
CC,4348,-0.2561001284635008,-0.01335263534543143,-0.05864425414563548,NA
CC,4349,-0.15242220048764732,-0.035362695956996204,-0.05322453995173703,NA
CC,4350,-0.08919430255303618,-0.038426968434731056,-0.0575640800614156,NA
CC,5118,-0.4265969540453624,0.002832941075399131,-0.06874519292673313,NA
CC,5119,-0.41661584738553503,0.019977414821162675,-0.08003523430218067,NA
CC,5716,0.33057368497180756,0.007434679375543343,-0.10011851857761497,NA
CC,5717,0.2666397007486225,0.01664585391805556,-0.13023745778725918,NA
CC,5718,0.3110341179450334,0.00918220289805563,-0.12393833787113226,NA
CC,5719,0.3407929454428879,-0.028392224522833093,-0.12678011118189778,NA
CC,5720,0.3389886103116715,-2.884110939027268e-4,-0.12820203672586766,NA
CC,5721,0.36200946247255816,0.0028544112639570128,-0.12713195903158336,NA
CC,5722,0.6094229508209332,-0.578644471348816,-0.03630354613872793,NA
CC,5832,-0.12011932803111247,0.16697476246775544,0.08055406723224158,NA
CC,5833,-0.2731855614853507,0.028636375354473345,-0.003479483907209632,NA
CC,5834,-0.26983372510313264,-0.018585358909769173,-0.0022956793621741324,NA
CC,5835,-0.1453239243189988,-0.07650366201811219,-0.01638822474983214,NA
CC,5836,-0.24487941237869196,0.004633278070810937,-0.014669019077528387,NA
CC,5837,-0.1273558518397943,-0.06079549847560241,-0.02025168630101684,NA
CC,5838,-0.08128398692793135,0.005117347884512442,-0.0147037510574363,NA
CC,5839,-0.007507382689411918,-0.009845113849323338,-0.017573044199014776,NA
CC,5840,0.049667984698283985,-0.06635853653929019,-0.016167959111000142,NA
CC,5841,0.120865665122195,-0.08193394238238894,-0.01844616295601866,NA
CC,5842,0.10857397135961286,-0.0739699800690074,0.0032157637262214497,NA
CC,5843,0.19651722479566563,-0.08885438693288132,0.004152347759021718,NA
CC,5844,0.2095268139403271,-0.07949883306800415,-0.0022823442781550163,NA
CC,6858,-0.7791095888910181,0.6379222071188309,0.0423391380953478,NA
CC,6859,-0.650728614813544,0.5914951682362235,0.1040125980076854,NA
CC,6860,-0.5598174154349607,0.5562305832513097,0.1464183347363915,NA
CC,6861,-0.610249747517233,0.6921654950686713,0.14311664486437453,NA
CC,6862,-0.5492440263162527,0.6990123046541327,0.19415206418078074,NA
CC,6863,-0.36177025587227174,0.49392376951746036,0.15257475217961985,NA
CC,6864,-0.42888182781099765,0.701113917498961,0.10034704966109174,NA
CC,6865,-0.2844453231291182,0.6495822003699555,0.13523652872501019,NA
CC,6866,-0.17788377638081285,0.5824185108499,0.16662047877958497,NA
CC,6892,0.39940775033507525,0.2060244881532788,-0.1663860294146447,NA
CC,6893,0.464201620621778,0.127832278824792,-0.13224854566519004,NA
CC,6894,0.4615646316660163,0.21131132447339993,-0.13394454955972934,NA
CC,6895,0.49438225745235476,0.2016604651253787,-0.12896507638897162,NA
CC,6896,0.5248430661253819,0.16899198108226834,-0.14825561755677766,NA
CC,6897,0.5549705194267408,0.18190029588170725,-0.13429894067345038,NA
CC,6898,0.41116440705886714,0.1365627870745869,-0.12521396043463331,NA
CC,6899,0.4516344825847975,0.11231476087639068,-0.1181221615670812,NA
CC,6900,0.47870969592378304,0.11193267520817869,-0.11393465878487041,NA
CC,6901,0.5014784077180469,0.13409478770535885,-0.10102367239871453,NA
CC,6902,0.5289170695291748,0.11751164923149944,-0.12335914556717252,NA
CC,6903,0.5599708877241225,0.12461497805736756,-0.10994049305557269,NA
CC,6904,-0.423590621680949,0.32292974450423145,0.3015199352390233,NA
CC,6905,-0.3708528529610483,0.3008374842159305,0.3244449110226198,NA
CC,6906,-0.1890485385300825,0.2782124090555369,0.3359587756997003,NA
CC,6907,-0.19282924025170078,0.3212262186612666,0.3480076676658147,NA
CC,6908,-0.13360265178482428,0.24576295928304065,0.346062210525965,NA
CC,6909,-0.023312477956429236,0.24646832956306455,0.364766925232164,NA
CC,6910,-1.2611919262244875,0.5040028645513589,0.5831887154217718,NA
CC,6911,-0.6901870780838445,1.3370074996079162,1.0652272413168893,NA
CC,6912,-0.47575012887530055,1.2425181629461954,1.2620823547009616,NA
CC,7173,0.2708705703809131,0.09682753474385948,-0.15446247197985788,NA
CC,7174,0.29732532182820004,0.10622496685253541,-0.14773530509281088,NA
CC,7175,0.2944434406476842,-0.02449498591975798,-0.10125675547154164,NA
CC,7176,0.32377929413635204,-0.02390906948120497,-0.08980229894820155,NA
CC,7437,-0.3526353627554549,-0.041209907775973116,0.0013040500605203283,NA
CC,7438,-0.2860737256391677,-0.04905759015175847,0.017526271634398186,NA
CC,7439,-0.3131166508287905,-0.04011462843590551,0.04262497949367162,NA
CC,7440,-0.1723263333665422,-0.05852768643451124,0.049977409740861616,NA
CC,7441,-0.0879933288725375,-0.06907331317301577,0.07871895008772155,NA
CC,7442,-0.050720663698502984,-0.06608838901765482,0.09444977673915042,NA
CC,7443,0.001991315467913153,-0.06246873813043148,0.12154492508006338,NA
CC,7444,0.0643431239879577,-0.07579403716951287,0.1057909191867983,NA
CC,7445,0.058824307910807554,-0.0653545753297134,0.10048242857824728,NA
CC,7446,0.11162047910390001,-0.07493734027418987,0.09976566343527075,NA
CC,7447,0.19597978589674286,-0.09102752970275972,0.11304749710274153,NA
CC,7448,0.23868670390518357,-0.09303797613381959,0.11991776221557966,NA
CC,7449,0.2392098964878345,-0.08445256990642537,0.10405016075008945,NA
CC,7450,0.27240493945477173,-0.08112984148615059,0.11472807194582245,NA
CC,7451,0.32566681238292,-0.09036070575143439,0.11290645638951474,NA
CC,7841,0.49315621287068917,-0.04142059123078356,0.1590960095457253,NA
CC,7842,0.515327708152391,-0.04204225802115472,0.1463949811982708,NA
CC,7843,0.524522727925987,-0.03801853781448254,0.1503129198304939,NA
CC,7844,0.5218336614050894,-0.06762528520894251,0.11179454531198069,NA
CC,7845,1.5778607067677664,1.010892160670451,0.6693663719391909,NA
CC,7846,0.7679752900876602,0.13448041742071462,0.23786843910776817,NA
CC,7847,0.6266903958191634,-0.021541543823816088,0.1896089263304646,NA
CC,8133,-0.3201789280530215,-0.008787092227106278,-0.11510819364337553,NA
CC,8134,-0.3502839054932943,-0.010186683754842472,-0.08867538260668882,NA
CC,8135,-0.21409110650269197,-0.024483615170547604,-0.1002714134335146,NA
CC,8136,-0.2493688332341405,-0.00439372897278171,-0.10554023817768643,NA
CC,8137,-0.17306396169838112,-0.01618008911027484,-0.09704503915471917,NA
CC,8138,-0.09150544639413127,-0.030155933578769445,-0.09304717205406385,NA
CC,8139,-0.06323945144220244,-0.02593548132363356,-0.09615018945987604,NA
CC,8140,1.9760680571742715e-4,-0.03764700795007421,-0.08888732199507997,NA
CC,8141,0.048495258529830804,-0.03862223820325614,-0.08055556445774649,NA
CC,8352,0.3636474384449493,-0.019361380201443346,-0.14912621910141857,NA
CC,8353,0.38673174721693593,-0.018438260170731743,-0.15061100350822515,NA
CC,8354,0.4158106648955926,-0.01831486682469604,-0.14106449889876965,NA
CC,8355,0.44775646286027615,-0.02046951264300091,-0.13958344500652364,NA
CC,8386,0.28601033804937126,0.17435962177311223,-0.733317446799732,NA
CC,8387,0.2832247321690827,0.18124317899487538,-0.7229843762625374,NA
CC,8388,0.3037784786848974,0.18455332269113006,-0.7403198722119297,NA
CC,8389,0.3341085579507308,0.17205822233233103,-0.732526071569333,NA
CC,8390,0.3488063998269605,0.17017664623213694,-0.7178871737132722,NA
CC,8391,0.3386466972228796,0.21177676423750041,-0.7782482446420065,NA
CC,8392,0.3580001394802327,0.21331142026247238,-0.789671184766478,NA
CC,8422,-0.0388219885823464,0.20453285181492317,-0.8247023846502647,NA
CC,8423,-0.02969509562794746,0.20660985210513716,-0.8265050883516657,NA
CC,8424,0.008615628949015647,0.1925199274487064,-0.792745110680388,NA
CC,8425,0.014923009591388587,0.18950511153290428,-0.7783529719479556,NA
CC,8426,0.040282597802948,0.18189030791234503,-0.7611330101471272,NA
CC,8427,0.04268582912589763,0.1900614434861425,-0.7747448933113313,NA
CC,8428,0.08263436027445033,0.18704185862472456,-0.7791189142928763,NA
CC,8429,0.1072851562608824,0.17958357188249893,-0.7606187085397914,NA
CC,8430,0.14027548175414128,0.1729656317796519,-0.7524389640937587,NA
CC,8431,0.14963966420964112,0.18119287869579576,-0.7684010157700131,NA
CC,8432,0.17303969244345005,0.18549783605288753,-0.7885640165295574,NA
CC,8433,0.17975106529378368,0.1877667827987793,-0.7789428417384926,NA
CC,8434,0.20643823170518627,0.18742675052152366,-0.7873989461238138,NA
CC,8435,0.2038146822331284,0.20449410958222752,-0.8109154110266555,NA
CC,8436,0.23057061919970548,0.2001830665110592,-0.8003325614552269,NA
CC,8573,0.4972093467134118,-0.049712586339164595,-0.25219253232359845,NA
CC,8631,0.10162038522718982,-0.004011191032466547,-0.21712161894200094,NA
CC,8632,0.10114914160256011,0.003693753733839628,-0.21799034126342465,NA
CC,8633,0.10841254696057101,0.005105063226132917,-0.21635751946091827,NA
CC,8634,0.14199390177323926,-0.003472699960146667,-0.2104054205385033,NA
CC,8635,0.16650901889965325,-0.002102489778161643,-0.21204670618694813,NA
CC,8636,0.3090565298777565,-0.06500265558013021,-0.19841778740827412,NA
CC,8637,0.2656174069900764,-0.03932909009585877,-0.1998388565174845,NA
CC,8638,0.21573278580014235,-0.0012160763326098637,-0.2032984134573153,NA
CC,8639,0.27505968301143924,-0.023510288324461205,-0.2043181587437049,NA
CC,8640,0.2620802562893161,-0.004036273276327272,-0.2092576373373858,NA
CC,8641,0.2845071083597524,-0.010379998363962374,-0.20193048854276846,NA
CC,8642,0.3184795669536741,-0.019462880735734104,-0.1982360457925972,NA
CC,8643,0.35145971265151216,-0.032066199235369144,-0.2008586835693474,NA
CC,8644,0.3426673486638738,-0.012609189149343267,-0.19851599985164464,NA
CC,8645,0.36698996738806045,-0.01941956173999128,-0.19271649730767873,NA
CC,8736,0.3481350623936665,0.14481425088081037,-0.5721827614071079,NA
CC,8737,0.3594323233394145,0.2226537235403923,-0.5729619159487938,NA
CC,8817,0.041468080311787836,0.16933792333739478,-0.09505822245924178,NA
CC,8818,-0.00809821823467129,0.16894663042662336,-0.10521445616158277,NA
CC,8819,0.13682971614605377,0.0523428414724791,-0.058488735935239455,NA
CC,8820,0.19213859902556163,-0.044905594016730006,-0.08856493121132628,NA
CC,8821,0.22190124010831208,-0.06543905999400679,-0.09341650659862576,NA
CC,8822,0.23594576502397294,-0.07666791981985863,-0.08183152601190982,NA
CC,8823,0.1998096678358238,-0.027147977654119797,-0.0729265883865848,NA
CC,8824,0.24164056408414156,-0.04133903966907236,-0.08183952512441153,NA
CC,8825,0.23252405317262267,-0.0190017686199002,-0.06652420808376748,NA
CC,8826,0.18495214139550287,0.0577940583491677,-0.10485043864398551,NA
CC,8827,0.20359634339533111,0.058548530360515195,-0.10689524757733444,NA
CC,8828,0.21641176044635746,0.07368680696694088,-0.10448944569154855,NA
CC,8829,0.19224037355483162,0.1359394169108857,-0.14549989653244325,NA
CC,8830,0.23461935082829283,0.10989273259742123,-0.13820815181604346,NA
CC,8831,0.26250674139269725,0.11628984003982791,-0.11052690523012373,NA
CC,9164,0.32149373815917026,0.11911810415164983,-0.14126739968938348,NA
CC,9165,0.3785802450035627,0.6459721716668374,-0.10440503220775925,NA
CC,9166,0.3536049273219452,0.9360850668497653,-0.13187778953049895,NA
CC,9167,0.3562392772906349,0.4266688325301221,-0.11037282544424334,NA
CC,9168,0.37059121441990367,-0.02601325573698604,-0.15608148416025217,NA
CC,9169,0.32048310969833715,-0.08013052699197472,-0.15048492108219896,NA
CC,9170,0.41682368661008523,-0.09948050642474968,-0.165822741547185,NA
CC,9171,0.8976807970814504,-0.2579043366981363,0.078249031912873,NA
CC,9172,0.4730581855694094,-0.223865472547915,-0.10549972354216719,NA
CC,9173,0.4186840428996929,-0.0930738313052819,-0.15582166191245483,NA
CC,9174,0.4773236098277208,-0.1422440416839635,-0.16118981393210607,NA
CC,9195,0.4169860148259765,0.03224758547950897,-0.5073119399770402,NA
CC,9196,0.32052016572024394,0.19711717493704814,-0.7895830414529571,NA
CC,9197,0.5169534677986731,-0.13869708476837864,-0.23192525566598937,NA
CC,9198,0.3743828631505446,-0.014677484586467346,-0.15121768169272534,NA
CC,9199,0.4255942629141736,0.19552373406096296,-0.12168192770432285,NA
CC,9200,0.3793630668016353,-0.08664800897041613,-0.1559764804398796,NA
CC,9201,0.35152747355325675,-0.07675133758488305,-0.1531710926980772,NA
CC,9202,0.4001367907605165,-0.08531763102502202,-0.1632919444466505,NA
CC,9203,0.623764949374164,-0.33356578382536595,-0.06282189233975019,NA
CC,9231,0.10878299387499665,-0.06899965076014417,-0.07897113468321038,NA
CC,9232,0.2129049325325656,-0.08490944494286524,-0.08983421730349271,NA
CC,9233,0.21786429656553785,-0.0791038962216192,-0.08048913738357424,NA
CC,9234,0.3685351537733773,-0.10676606445694593,-0.07748710691743933,NA
CC,9235,0.2834701012645128,-0.08418015622849506,-0.06576958911386749,NA
CC,9236,0.3220557624273031,-0.08589271561349499,-0.05298653229014096,NA
CC,9237,0.33590962397768076,-0.08443447873183128,-0.057371566628566885,NA
CC,9238,0.35400902057064276,-0.08176458131712643,-0.05265395280731906,NA
CC,9239,0.4046694727060175,-0.08777910143366226,-0.05634288916267006,NA
CC,9240,0.018666408706827852,-0.07218673100682486,-0.06321761125203883,NA
CC,9241,0.08685098618756737,-0.07847375740503632,-0.05883382412870697,NA
CC,9242,0.04639788020004931,-0.07523406206062437,-0.026954977795733043,NA
CC,9243,0.2269750633930318,-0.09948367717545137,-0.05402995400468233,NA
CC,9244,0.20604670200110323,-0.08683486312004099,-0.03971740184600825,NA
CC,9245,0.302305206360212,-0.10308323717567669,-0.03926764853486867,NA
CC,9246,0.33865609411247377,-0.10207265046144647,-0.02574242697442758,NA
CC,9247,0.33860903052644775,-0.0883664230024151,-0.005260837977220984,NA
CC,9248,0.3781800451786082,-0.09113225450526616,0.008328447738781091,NA
CC,9249,0.4083572182812761,-0.09877525079860561,-0.01207223262507983,NA
CC,9250,0.13615376548905445,-0.07647199671578116,0.023880274764881033,NA
CC,9251,0.19323103551326606,-0.08712826640472023,0.00627162190110982,NA
CC,9252,0.18700518890342796,-0.07744526114753564,0.007968655411440482,NA
CC,9253,0.24210357026158183,-0.08407030688023787,0.015978667798475905,NA
CC,9335,0.10235383162564113,-0.09321489150035245,-0.027689647615591603,NA
CC,9336,0.11204709768987517,-0.08719825155903584,-0.02067261435193754,NA
CC,9337,0.2124268169678849,-0.09717718294691084,-0.0034878520470079913,NA
CC,9338,0.26994449394046,-0.11066431990282533,-0.02676054388358391,NA
CC,9339,0.2253270184170477,-0.08855223705806797,-0.004276670149836309,NA
CC,9340,0.26869741118403845,-0.09549473773823247,0.010755708535320256,NA
CC,9341,0.05821156670134898,-0.0843006816294775,-0.024273771941339187,NA
CC,9342,0.10503569054557137,-0.08725800291108488,-0.024539954355605388,NA
CC,9343,0.19781528805238077,-0.10085334409327977,-0.026526384764547897,NA
CC,9344,0.22067216044949142,-0.09722841745371498,-0.017656222421786497,NA
CC,9345,0.30216743180535793,-0.11229789547216774,-0.01809694702965024,NA
CC,9346,0.2936631634749801,-0.10572408501602311,0.002074117770382491,NA
CC,9347,-0.2840311593103167,-0.11085668412425309,0.32007462999309094,NA
CC,9348,-0.26657077257893147,-0.09577114922187613,0.38854250988481875,NA
CC,9349,-0.3731983018395074,-0.10505264606790893,0.2673282260498575,NA
CC,9350,-0.20572172666198132,-0.09693188192213506,0.3765121653006456,NA
CC,9390,0.3899175867132203,-0.0270892236606681,-0.15733982645790093,NA
CC,9391,0.3041391685021791,-0.022762247312851328,-0.16129346855899176,NA
CC,9392,0.3727318710314082,-0.03327322215460069,-0.1608929971213929,NA
CC,9393,0.39954646747373845,-0.034331100489468795,-0.15606337369588322,NA
CC,9394,0.44051584621104467,-0.04450087983597439,-0.17121214220339917,NA
CC,9395,0.45180613232066497,-0.04064630127467288,-0.16066363364535777,NA
CC,9453,-0.16382536284553023,-0.10677398483985288,0.05281255765281661,NA
CC,9454,-0.07990561910421025,-0.11287119997866417,0.06507718936320893,NA
CC,9455,-0.024127270322309147,-0.12089506891492402,0.04401799869856195,NA
CC,9456,0.008876477314956558,-0.11606508754782116,0.04537381968521877,NA
CC,9457,0.053627916653378155,-0.11807587920048858,0.05430616017905003,NA
CC,9458,0.11552307494658656,-0.11852114727935084,0.06383857472823729,NA
CC,9459,-0.16772684365270835,-0.11008361157624486,0.04238772054780249,NA
CC,9460,-0.06698118435485824,-0.11929526724285235,0.05374310291221797,NA
CC,9461,-0.01852268717720615,-0.1217153696239418,0.04891825193718843,NA
CC,9462,0.032675906899804104,-0.12250109818283159,0.04275162594008646,NA
CC,9463,0.08237956599154406,-0.12109621563397303,0.06900569102716568,NA
CC,9464,0.14730413101399137,-0.1257343904333842,0.06759521334586446,NA
CC,9466,-1.5638038638817975,-0.1078222019246144,0.35746194929929936,NA
CC,9467,-1.504867564425009,-0.11381680002792327,0.35744471849267206,NA
CC,9468,-1.3761088464094084,-0.1045419490279606,0.4028889160434374,NA
CC,9469,-1.2816124015270216,-0.10741792843884672,0.3801202765648998,NA
CC,9470,-1.0357090383294136,-0.11214280712643732,0.4942803956452199,NA
CC,9471,-1.003834682000568,-0.140326602963765,0.3692020264868934,NA
CC,9472,-1.1036404530458073,-0.1484786582005024,0.4573415192501182,NA
CC,9473,-0.8047648150751127,-0.12735344267371682,0.5152115222803841,NA
CC,9474,0.08142572705892571,-0.1591949070660434,0.13052137104330283,NA
CC,9475,0.03830082069645803,-0.14810730898389518,0.16729041359148167,NA
CC,9476,0.14026303899860984,-0.16788734419864101,0.10940788450468326,NA
CC,9477,0.17079170999972068,-0.1792313552824543,0.10232901219086896,NA
CC,9478,0.1745401801848554,-0.16974543416457685,0.12434725456648142,NA
CC,9479,0.11626605888793212,-0.14382562665283194,0.18598620549504857,NA
CC,9480,0.1990870506279941,-0.16362636118796975,0.15189901399504807,NA
CC,9481,0.22826238973167004,-0.15525037965542568,0.14481381035741975,NA
CC,9482,0.21164782674357355,-0.15405483371228892,0.15554993041556137,NA
CC,9483,0.2150641449320537,-0.13729376868912646,0.15664385250946142,NA
CC,9485,-0.16789643149832106,-0.0791249503486558,0.004709952882491529,NA
CC,9486,-0.10480340585317711,-0.07978526914752031,0.05934808702523143,NA
CC,9487,0.00934258936343918,-0.08795940499038334,0.07314534101862352,NA
CC,9488,0.002465240484821652,-0.08075260769325406,0.07949354288675826,NA
CC,9489,0.06955434726772858,-0.0838706663975773,0.06907037318371548,NA
CC,9490,0.08729582628731757,-0.08367791665307611,0.07770682030139092,NA
CC,9491,0.09696710909481845,-0.08555563333495782,0.06212990785680138,NA
CC,9492,0.11596470087387128,-0.08642108971487136,0.060467723093964275,NA
CC,9493,0.17235721439584228,-0.09498931782213116,0.051039114331649996,NA
CC,9494,0.14557179997292638,-0.09905853330082916,0.002533248147522411,NA
CC,9495,0.17091118352485457,-0.10299199208421629,-0.03212990841980632,NA
CC,9496,0.1821039228168339,-0.10834340767849278,-0.06911648956836444,NA
CC,9497,0.21699469330709723,-0.11171133807734146,-0.06925243260729658,NA
CC,9498,0.22177754462893579,-0.10742990438553476,-0.058168092396628006,NA
CC,9499,-0.22926728139809166,-0.09946010430881619,-0.03837502621083804,NA
CC,9500,-0.2931390412844554,-0.08743384607197494,-0.05470460574463379,NA
CC,9501,-0.2661045163723175,-0.08686707296725502,-0.05270202896902173,NA
CC,9502,-0.19898956684999788,-0.09310709796385587,-0.05275284687561155,NA
CC,9503,-0.1330742916569178,-0.09780397915193825,-0.04847066983689992,NA
CC,9504,-0.13243103434725506,-0.09370844255346045,-0.042391377117175555,NA
CC,9505,-0.10104500561648061,-0.09376531308937522,-0.03994652935983189,NA
CC,9506,-0.062424172366424446,-0.0943492541321716,-0.03404875037667241,NA
CC,9509,0.18405571363087575,-0.10698563099749676,-0.12617617425682243,NA
CC,9512,0.2967846329287993,-0.024821693496266815,-0.14292078719253049,NA
CC,9513,0.32764707286329164,-0.02432009405431146,-0.1346676934609671,NA
CC,9514,0.3486669202815308,-0.024255003301176067,-0.13565397660550924,NA
CC,9515,0.3776119261935948,-0.024788056727047002,-0.12968817562643484,NA
CC,9516,0.3520040857566654,-0.038951216910809904,-0.14986891596073273,NA
CC,9517,0.3313721127729235,-0.024180608279798357,-0.1276505794708024,NA
CC,9518,0.32756876666808643,-0.019314997442512572,-0.1320064598616858,NA
CC,9519,0.38492360317410673,-0.029752564184870014,-0.13546795556444874,NA
CC,9520,0.28430611049038174,-0.0235950578487788,-0.14320462257468214,NA
CC,9521,0.32245977693984645,-0.025356894450051206,-0.13766530978313735,NA
CC,9522,0.4060586016124158,-0.037586049886021954,-0.1416316968702164,NA
CC,9523,0.2783794753461367,-0.02317106691646042,-0.14484730357948197,NA
CC,9524,0.33698218842151606,-0.03051637179004086,-0.14363850553813198,NA
CC,9525,0.33677304560730703,-0.02389898295239343,-0.13764761050760355,NA
CC,9526,0.39938652781382183,-0.03569644151721277,-0.1398837174704814,NA
CC,9527,-0.08490862718940526,0.5152205005136912,-1.1481907286962365,NA
CC,9528,-0.12975493760001083,0.3849296146995304,-1.187795011668168,NA
CC,9529,-0.05740581234508708,0.36314742288279495,-1.1707098799801348,NA
CC,9552,0.1911521444718616,-0.1146928698856615,-0.010630260205206245,NA
CC,9553,0.21768132509979882,-0.109069324735066,-1.1791917660059231e-4,NA
CC,9554,0.25204285102742563,-0.10079448233888015,0.009342356995746412,NA
CC,9555,0.26996346121591275,-0.09920087142966894,0.027503654712658185,NA
CC,9572,0.13848406824288223,-0.1201216884467088,-0.012749721903204581,NA
CC,9573,0.18943284339073335,-0.13225262545694005,-0.018015808194342092,NA
CC,9574,0.12539535902263732,-0.11483059397697067,-0.016786376272453437,NA
CC,9575,0.13245733439618976,-0.11115841136707512,-0.006633326426476673,NA
CC,9576,0.1443733685370974,-0.10508862927173596,1.9775464728061148e-4,NA
CC,9577,0.18726123628076505,-0.10714167491161553,0.0011547232755077014,NA
CC,9578,0.24566943481263187,-0.11596329560902972,-0.002212433189728111,NA
CC,9579,0.32905183642296254,-0.13695780314340109,0.0023676379880882073,NA
CC,9588,0.0891662169083905,-0.08677073743361248,0.2643635940931728,NA
CC,9593,0.15141797697411707,-0.0840225983605241,-0.04020325150762778,NA
CC,9594,0.1621594301080502,-0.08289787271905398,-0.039473558074181896,NA
CC,9595,0.23293618576416242,-0.08699996033140978,-0.005986640400261314,NA
CC,9596,0.28730830716662403,-0.09387283441501158,-0.006440781846510026,NA
CC,9597,0.28278668519525085,-0.08284147134004376,0.0018925850525368638,NA
CC,9598,0.30852453684160586,-0.08121106662076069,-4.5827975832656373e-4,NA
CC,9599,0.16960771819959905,-0.09210366733774682,-0.05874969872043662,NA
CC,9600,0.17367344099741044,-0.08442116116277507,-0.038285055335565976,NA
CC,9601,0.21666012162092815,-0.08441951479739446,-0.01070115243349002,NA
CC,9602,0.2573631491491635,-0.08058521876545856,0.014917547545025821,NA
CC,9603,0.29565085921338813,-0.08687024641378796,-0.0022776066693181865,NA
CC,9604,0.30687250477477873,-0.08271066414002151,-0.008631637504287398,NA
CC,9605,-0.5686161754752369,-0.0014497543820587602,0.5443761597781418,NA
CC,9606,-0.5070417844526585,0.004740631494512951,0.6149505601581118,NA
CC,9607,-0.3576722363494156,-0.053015543591551285,0.42736804147806695,NA
CC,9608,-0.3324939080226249,-0.06969194278707999,0.3515073281015987,NA
CC,9609,-0.3966820730856806,-0.04639473936374079,0.3761843380662274,NA
CC,9610,-0.2539058474026028,-0.0939565636237514,0.2651239633129136,NA
CC,9611,-0.19088703695833245,-0.08773706886613043,0.318256201368118,NA
CC,9612,0.28060142289005896,-0.08567423631111613,-0.1720105324215699,NA
CC,9613,0.2950835398543003,-0.08685828427739146,-0.16809685729046783,NA
CC,9614,0.3338052016995398,-0.09400790334252707,-0.16405608241384506,NA
CC,9615,0.3636644503237955,-0.09260267028642424,-0.1710012812038108,NA
CC,9616,0.36746888739176076,-0.0932790884934087,-0.16169298913526767,NA
CC,9617,0.3860141135131589,-0.09462895018241663,-0.16127679183363555,NA
CC,9618,0.2740158067076896,-0.08445377329111883,-0.17180016921047836,NA
CC,9619,0.2989469451847874,-0.08678688522242664,-0.16523434374457877,NA
CC,9620,0.3442271966883647,-0.09461953427406586,-0.15893167526479332,NA
CC,9621,0.36856000158622576,-0.09492095671270433,-0.17571660624926544,NA
CC,9622,0.3575508251364572,-0.09103933076559267,-0.16159684442869685,NA
CC,9623,0.38640365727731335,-0.09279817426142065,-0.1544830521646589,NA
CC,9624,0.27211903201114446,-0.0842294353343804,-0.17220625503460057,NA
CC,9625,0.304664254932884,-0.0882408824348804,-0.16669568150297706,NA
CC,9626,0.3389380406586743,-0.09298407388488487,-0.15671893399609485,NA
CC,9627,0.36741069575652024,-0.09432748726749482,-0.17443210549080818,NA
CC,9628,0.3616538359797843,-0.09168297698391932,-0.16062584627664545,NA
CC,9629,0.3862791793034368,-0.09264844632517404,-0.1540632715777602,NA
CC,9630,0.26892444323567,-0.08278005702003342,-0.16895818374854735,NA
CC,9631,0.2956847306525836,-0.08682007485281737,-0.16755242401161288,NA
CC,9632,0.3471048643117638,-0.09667936070090821,-0.16438575639492864,NA
CC,9633,0.365628827719042,-0.09294263333018983,-0.17076444831657403,NA
CC,9634,0.36220927430724664,-0.09116751848362908,-0.15834156271052843,NA
CC,9635,0.3853966510120987,-0.09417212070587645,-0.16020252345733452,NA
CC,9637,-0.5059530918543189,-0.056454728151001436,0.5828336903149774,NA
CC,9638,-0.5442953396719057,-0.10971011910064624,0.2731952097338879,NA
CC,9639,-0.4152860692225099,-0.10789262678749112,0.3002884363350286,NA
CC,9640,-0.5662671762667899,-0.114423586638521,0.21991085649588799,NA
CC,9641,-0.36114498071569917,-0.11130209299545711,0.3524863465438096,NA
CC,9642,-0.37555021310698616,-0.1162646492905236,0.28866201161720695,NA
CC,9643,0.3302035549106615,-0.08502728410710057,-0.18208141054057478,NA
CC,9644,0.34708869302617656,-0.08542695865578975,-0.18100061655384342,NA
CC,9645,0.3483455008860068,-0.08218899832559497,-0.17814840758684067,NA
CC,9646,0.37299730661188685,-0.08442093452612005,-0.17762731709856205,NA
CC,9647,0.40161192319873734,-0.0892816188309003,-0.17884777549519065,NA
CC,9648,0.41951447010349485,-0.09347497076983205,-0.17484375729683202,NA
CC,9649,0.30358497239592935,-0.07925962490391548,-0.17934750078089368,NA
CC,9650,0.3487880320605741,-0.0857744186165767,-0.18103784843630077,NA
CC,9651,0.3689672981242075,-0.08751342405749324,-0.1816379254047111,NA
CC,9652,0.39322163028082124,-0.08997743557568873,-0.18099819192752353,NA
CC,9653,0.40598281398309816,-0.09064913802056435,-0.1797946461118203,NA
CC,9654,0.4176924906313495,-0.09289275777857763,-0.17463110326244902,NA
CC,9655,0.35817057906465677,-0.08795110773179894,-0.18217920531829762,NA
CC,9657,0.06571115248898984,-0.13741915818943384,0.08781698329567372,NA
CC,9672,0.18059459679893378,-0.0792454008310093,-0.18537080362952102,NA
CC,9673,0.19724617120615784,-0.07627026097694613,-0.19099871801150234,NA
CC,9674,0.32802844659903785,-0.09504953905328202,-0.19374280581818562,NA
CC,9675,0.2989924925596206,-0.08989129142341165,-0.18497263105474968,NA
CC,9676,0.24996339004236057,-0.07996963162190565,-0.17954560020089946,NA
CC,9677,0.3132853249712658,-0.08916252413787226,-0.18457026540460025,NA
CC,9678,0.2898564692603175,-0.08216083042515418,-0.1806989483760691,NA
CC,9679,0.3424054962398581,-0.09026474325304289,-0.18173551388460188,NA
CC,9680,0.3466168485705341,-0.0896375192305358,-0.1763806086506936,NA
CC,9681,0.35915608493079954,-0.09103482027024765,-0.17396896210671206,NA
CC,9682,0.33250485816477326,-0.07957307953130066,-0.1634931573487714,NA
CC,9683,0.3493559248117043,-0.0795708062555918,-0.15558028121176548,NA
CC,9700,-0.10943667329593686,-0.19188288834611208,0.23650566938328205,NA
CC,9701,-0.20751128044889117,-0.15970684151257913,0.29438097666897683,NA
CC,9702,-0.44862179403745023,-0.09962448348733381,0.3435676297605721,NA
CC,9703,-0.6756550662319946,-0.08592809058716408,0.2492698529699886,NA
CC,9704,-0.1991968660882638,-0.14264442834247465,0.3087967019140764,NA
CC,9705,-0.19812411545194983,-0.109974792090027,0.39992182540262317,NA
CC,9706,-0.47685624530992554,-0.08349521309856463,0.33433236703907526,NA
CC,9707,-0.460626723421351,-0.08799493407386086,0.2836910720899834,NA
CC,9709,0.0442441918802867,-0.17019530024282936,0.11193732918373916,NA
CC,9710,0.012986679659110231,-0.16282213806680196,0.12282429485298427,NA
CC,9711,-0.024133918649928785,-0.14186398988846272,0.1454580383288107,NA
CC,9712,-0.12602179215816267,-0.11864814511839883,0.13961391975022816,NA
CC,9713,-0.39045846232629666,-0.08543965704044951,0.10975287987989323,NA
CC,9714,-0.19847702144239168,-0.10239647814987413,0.1367378513768286,NA
CC,9715,-0.14319926042554645,-0.10784897809352732,0.10804874357064817,NA
CC,9760,0.10822796423459427,-0.1186074240687963,0.04704855495243001,NA
CC,9761,0.09841709611422138,-0.09509151104694598,0.07787911251804748,NA
CC,9762,0.05348602924532189,-0.08979206627132648,0.047082767294793326,NA
CC,9763,0.13686726679488648,-0.10261432736649985,0.010129710335277023,NA
CC,9764,0.22561687089125354,-0.12895907023054298,-0.029117820565988467,NA
CC,9765,0.145147232661555,-0.09877777739980285,0.002631024710858704,NA
CC,9766,0.14997758972604242,-0.08665803151354802,0.01715340006902608,NA
CC,9793,0.08882809415101107,-0.008922557107018416,-0.09217692525248875,NA
CC,9794,0.20109154768284584,-0.02155867630894304,-0.09742129759819328,NA
CC,9795,0.29683102318849425,-0.04110087595600298,-0.12428102109237305,NA
CC,9796,0.2893492796352512,-0.028189675730120742,-0.08256654382779298,NA
CC,9797,0.2183367422465363,-0.01785549342296026,-0.09652329300363627,NA
CC,9798,0.14341427190171493,-0.005920127801085264,-0.08414064642090664,NA
CC,9799,0.3025366921237097,-0.034874608154155044,-0.10051008882847637,NA
CC,9800,0.30766058998109813,-0.017836137692796884,-0.04697929922044908,NA
CC,9801,0.30749291539756357,-0.011084890027641126,-0.032803472114599164,NA
CC,9802,0.3316588123098201,-0.016121916886068424,-0.045740884418656994,NA
CC,9803,0.32420015506964434,-0.01262709685937987,-0.05944388559985642,NA
CC,9804,0.3645089877522929,-0.008758795558670113,-0.03328396690522475,NA
CC,9805,0.024407271373732033,-0.10184193575933641,-0.014467860325422341,NA
CC,9806,0.0035387496727896546,-0.09821184005094434,0.018288153155213135,NA
CC,9807,0.1164022949575712,-0.10958090581105225,-0.022121071391835063,NA
CC,9808,0.18477454138272006,-0.12169291621699907,-0.04311783781800133,NA
CC,9810,-0.2946352968947903,-0.10149829477353063,0.04149482505589997,NA
CC,9811,-0.09100464292096772,-0.12723481111190246,0.03112056763002424,NA
CC,9813,-0.10714520976912345,-0.11542133164838506,0.045857244508540396,NA
CC,9814,-0.062355666229537816,-0.1362274327895918,0.08274614204754024,NA
CC,9815,0.033278055167646606,-0.11522387502872025,0.12479976480908546,NA
CC,9816,0.0015276048505684717,-0.1255673108808678,0.04842322151534538,NA
CC,9817,-0.03454172579810971,-0.11365338099531883,0.049978091661774145,NA
CC,9818,0.0873569657190132,-0.12600305854432575,0.06123300578249466,NA
CC,9819,0.164848871890409,-0.12254161879911311,0.0934198931822127,NA
CC,9820,0.19803213539995865,-0.11546895593678402,0.13113418634174426,NA
CC,9821,0.2514492576129638,-0.13080403753023695,0.08918616724864822,NA
CC,9828,0.1087698230009997,-0.08502766953430801,-0.17617358447565934,NA
CC,9829,0.14622526439628777,-0.0841028625783853,-0.18251588648555866,NA
CC,9830,0.26705713342780035,-0.09932195807918401,-0.1830910473992843,NA
CC,9831,0.21941793777865562,-0.09237523331251961,-0.1745501182897939,NA
CC,9832,0.17176100155141605,-0.08353476784319154,-0.1706705892112885,NA
CC,9833,0.23518152679529375,-0.09097704012420743,-0.17318420752560124,NA
CC,9834,0.2088071749866421,-0.08428896722967169,-0.17059642853567966,NA
CC,9835,0.28834257586473444,-0.09555512165039028,-0.17061211398573486,NA
CC,9836,0.313890590685819,-0.09974421554039697,-0.16831432430989804,NA
CC,9837,0.28718879693987936,-0.09328836686661904,-0.160878302740022,NA
CC,9838,0.27257161651208484,-0.08671595780234305,-0.15567581386872806,NA
CC,9839,0.30316879596637825,-0.08951402240015835,-0.1521622595068259,NA
CC,9858,0.21758954928794833,-0.0862671396952311,-0.17322552786070247,NA
CC,9859,0.24738390255464904,-0.09285484721576016,-0.17286774845488137,NA
CC,9860,0.28792053554836383,-0.09389700999478076,-0.18107639178774587,NA
CC,9861,0.36531576185943865,-0.10550157260975081,-0.18582411122628315,NA
CC,9862,0.3597268728707783,-0.10493488381118068,-0.17945260154154563,NA
CC,9863,0.3209229578347575,-0.09578133967626377,-0.17299248441891596,NA
CC,9864,0.34921820945730464,-0.09845557981687036,-0.17475260791531466,NA
CC,9865,0.3190260844529448,-0.08916829062032089,-0.16880055163248456,NA
CC,9866,0.36416236857539,-0.09664590890933554,-0.1706809455618484,NA
CC,9867,0.3686197226447674,-0.09603543405239508,-0.16517255783431384,NA
CC,9868,0.39234250180145,-0.10069505720341708,-0.16481632499870974,NA
CC,9869,0.3774267249851859,-0.0913600672314535,-0.1552319102362395,NA
CC,9870,0.4091894734600741,-0.09742860419268982,-0.1566977350987125,NA
CC,9872,-0.08000943396284384,-0.10267202767001579,0.03899782431452003,NA
CC,9873,-0.023857859942314947,-0.11181655106819544,0.02118533542367277,NA
CC,9874,0.0730280189071565,-0.1276786919972341,0.010121439180528146,NA
CC,9875,0.044117596841379225,-0.11281415009924765,0.03172231707758833,NA
CC,9876,0.11832282286451892,-0.12605277153637967,0.03005047361537428,NA
CC,9877,0.14109636496334035,-0.12995722162004983,0.02622004651850433,NA
CC,9878,0.16228871575867967,-0.12863939955564893,0.03124110024392911,NA
CC,9879,0.16605655667367863,-0.12853572503048666,0.021501805071680917,NA
CC,9880,0.18104557928129067,-0.1275785397878936,0.02856471237842518,NA
CC,9881,0.19478412290741187,-0.12171713424624316,0.04341740292270923,NA
CC,9882,0.022711719752359825,-0.10962160905416123,0.019826583179609288,NA
CC,9883,-0.059267834313866084,-0.09842456158536465,0.08485474186380704,NA
CC,9884,0.15450038048564935,-0.1167551715454191,0.06753093130681986,NA
CC,9885,0.03279233935107579,-0.09837749999104692,0.04163580684893477,NA
CC,9886,0.06426829953249591,-0.09167255075658887,0.07061002217655042,NA
CC,9887,0.13892572624933805,-0.10663857886742219,0.04264495708733224,NA
CC,9888,0.2197884336776183,-0.1239176550709748,0.006617649652612736,NA
CC,9889,0.2363083044140069,-0.11537660300200407,0.038324143069682785,NA
CC,9890,0.2430182290889845,-0.09649096436748962,0.08043951719596744,NA
CC,9891,0.0031378316602057345,-0.006532021036386652,0.07491611456248161,NA
CC,9892,0.03410929205812083,-0.10674495211932118,0.11107764516971583,NA
CC,9893,0.10144887228149387,-0.10763775567244153,0.108650779645633,NA
CC,9894,-1.1697740179563512,-0.14731102717138234,0.26357025337184437,NA
CC,9895,-1.3394063380841639,-0.11030150874078126,0.26158783562906424,NA
CC,9896,-1.2751923426794862,-0.11258930198647733,0.2596821163180934,NA
CC,9897,-1.1599074649604073,-0.1269046696068524,0.3101099315625492,NA
CC,9899,-0.9663805163295542,-0.1273340598456802,0.28428982743467857,NA
CC,9900,-0.4793399259288784,-0.05256935027642333,-0.006382928064509114,NA
CC,9901,-0.44832675300306407,-0.05062078258741924,-0.014492161046819548,NA
CC,9902,-0.35200320398023627,-0.05547818185045601,0.016763516171680006,NA
CC,9903,-0.32724236062132217,-0.05375552751192346,0.052693776952085394,NA
CC,9904,-0.11696350132892486,-0.08851582961930839,0.019298087803035675,NA
CC,9905,-0.1832555959836815,-0.08547568566800626,-0.00839197161708408,NA
CC,9906,-0.34044962767946857,-0.06558809327063186,0.020332214022407577,NA
CC,9907,-0.10649414408531449,-0.09341782953252414,0.02127450699066311,NA
CC,9908,-0.12028440374692616,-0.07801602597241115,0.07259735728552705,NA
CC,9909,0.01770132931152988,-0.08990791315710747,0.08260308838339904,NA
CC,9910,0.026768239560130077,-0.08542055248612035,0.10671834412476236,NA
CC,9911,0.1348546260275036,-0.09682973212079883,0.0964084686374551,NA
CC,9912,0.20371700982803795,-0.12135751901996211,0.07988033886758691,NA
CC,9913,0.18633617404080086,-0.104342054577878,0.09211392798638805,NA
CC,9914,0.049720287997952174,-0.09453623940381158,0.034580034578133675,NA
CC,9915,0.12738354837600513,-0.01797947728249771,-0.0033274776227821823,NA
CC,9916,-0.025070960567812883,-0.06483666930999667,-0.03619878088558264,NA
CC,9917,0.03980954455091001,-0.07302194543893534,-0.041317155270471806,NA
CC,9918,0.1011858311244939,-0.02410227108666586,-0.04079562405524697,NA
CC,9919,0.11286427972368449,-0.0776705500526174,-0.03700773835024889,NA
CC,9920,0.12543511978122585,-0.07301497025080503,-0.040071023993914844,NA
CC,9921,0.16261047501464368,-0.0744957673457911,-0.03730867163944211,NA
CC,9943,-0.39760017254806174,-0.06761048191940934,-0.040698719304046976,NA
CC,9944,-0.20391025161529877,-0.07253680703087718,0.01736207290031,NA
CC,9945,-0.13594398258582607,-0.07054500573896248,0.07638087337952708,NA
CC,9946,-0.14106727971795918,-0.08874379493289197,0.015575691434509872,NA
CC,9947,-0.07154673651964005,-0.0966597711348099,-0.007043261665108028,NA
CC,9948,0.009883107218208115,-0.10170821830483605,-0.011415209448571396,NA
CC,9949,0.021105543180259798,-0.099274174450021,-0.014505825816198619,NA
CC,9950,0.010149671660260859,-0.11108108467215465,-0.002970844942301915,NA
CC,9951,0.05911563831907325,-0.10526950624196435,0.05754081500649498,NA
CC,9952,0.15592991512310272,-0.11483218507605067,0.07705408721420862,NA
CC,9953,0.2094759463793452,-0.114662088881451,0.09196869675131472,NA
CC,9954,0.14194401785512467,-0.11476388455783576,0.03296495040883427,NA
CC,9955,0.1483442876959997,-0.11255782690504514,0.024224407193022372,NA
CC,9956,0.2210739300737107,-0.11673661000446788,0.03417551485876105,NA
CC,9957,-0.04219152671986017,-0.08051963999129132,-0.028033580122454552,NA
CC,9958,-0.04667663854074967,-0.07893235907704535,-0.015903959737913153,NA
CC,9959,-0.0016597952316418515,-0.08285847652731372,-0.009623724511758143,NA
CC,9960,0.03216680010045002,-0.0828631913801947,0.0037423936540577464,NA
CC,9961,0.11763215660170513,-0.09960862085758723,0.005289021518574121,NA
CC,9962,0.11291703640283818,-0.08742602242887201,0.01750260145770429,NA
CC,9963,-0.02020187309109294,-0.08494092790324238,-0.030536716196813914,NA
CC,9964,-0.026105830382676765,-0.08281043490143467,-0.016788549446978447,NA
CC,9965,0.003659214852599788,-0.08331357705873668,-0.007597697077404386,NA
CC,9966,0.047743577775098314,-0.085437845118413,0.00544881240085057,NA
CC,9967,0.0657882390644234,-0.08511850329063213,0.018427406418185674,NA
CC,9968,0.16329391400456547,-0.10144365661872978,0.008442229930647058,NA
CC,9969,-0.9230877664536525,-0.0301434794703978,0.4831894354672511,NA
CC,9970,-0.7947483306619161,-0.04947132243897808,0.47573746308037473,NA
CC,9971,-1.0312990004279379,-0.030808795126587823,0.4193622831177897,NA
CC,9972,-0.8711793310884823,-0.047225477658808086,0.2825832172954662,NA
CC,9973,-0.9361700593620006,-0.04976284383159483,0.2956946259059469,NA
CC,9974,-0.7816581964274669,-0.07751149675686013,0.25966164379679546,NA
CC,9975,-0.6908214915388771,-0.05549311304360021,0.3347327227905136,NA
CC,9976,-0.539863501027566,-0.06366575232953751,0.3401502713893735,NA
CC,10005,-0.2255480561304473,-0.06114770317509314,-0.12300943613674509,NA
CC,10006,-0.1748894165878849,-0.06775009921086753,-0.11854670054922643,NA
CC,10007,-0.12297343312812621,-0.06767297785213881,-0.12400703455091264,NA
CC,10008,0.09922537768536964,-0.09692446488077744,-0.12665905385610024,NA
CC,10009,0.06844784735313247,-0.09181623948328228,-0.12031723693985523,NA
CC,10010,0.024811517119995925,-0.07963643630911488,-0.11628004056917032,NA
CC,10011,0.11703352353238702,-0.08935537801267272,-0.12483424855011752,NA
CC,10012,0.1112314630225866,-0.08379470850239212,-0.12190613546360718,NA
CC,10013,0.11751187261570269,-0.08424663079094835,-0.11168642691813598,NA
CC,10014,0.17775674448199827,-0.08976207023793006,-0.11507643599235311,NA
CC,10015,0.18687262027751236,-0.08544315976263175,-0.11465965633645717,NA
CC,10016,0.19068015784493647,-0.08398529908506772,-0.10209848212595961,NA
CC,10017,0.22250221108183924,-0.08736332516749414,-0.09562052025984827,NA
CC,10018,0.03372747178199567,-0.09014213977275227,0.024093445485695735,NA
CC,10019,0.023181081636462843,-0.08103239307090741,0.0444285963972808,NA
CC,10020,0.18649680439904345,-0.09948510736031017,0.05652246823389446,NA
CC,10021,0.16898644126067813,-0.09148706661453887,0.06375881769829102,NA
CC,10022,0.13023099840540384,-0.09671952057237956,8.158986305156918e-4,NA
CC,10023,0.19623393792096527,-0.09973477490267,0.009129432880485037,NA
CC,10024,-0.16336252239824064,-0.11129632503183064,0.05503190343751844,NA
CC,10025,-0.21962642506159272,-0.10489116536144863,0.047203948847976684,NA
CC,10026,-0.0654077642447146,-0.10902851470871093,0.09068625944465156,NA
CC,10027,-0.13608825259425797,-0.1104061428538417,0.03904545795551394,NA
CC,10028,-0.02419917215483731,-0.11908804970684565,0.05017668156612125,NA
CC,10029,-0.054792870035123654,-0.11335005084158745,0.03008067907905082,NA
CC,10030,-0.24838860299708906,-0.052554105038121204,0.009032100504352917,NA
CC,10031,-0.1678208104171551,-0.06302495686425919,0.032837412313318624,NA
CC,10032,-0.018322519362723395,-0.07931389553840451,0.023551920060205966,NA
CC,10033,-0.10705598511694435,-0.06703559569479918,-0.0084367932051975,NA
CC,10034,-0.023772872367498324,-0.0841159991148591,-0.04362090653640054,NA
CC,10061,-0.7835325292780174,0.9042452786090764,0.46009795959413463,NA
CC,10062,-0.7049595020262495,0.14129371387525547,0.5199648127066469,NA
CC,10063,-0.6361818952907011,0.11482014524671823,0.48555502384710786,NA
CC,10064,-0.49435235770111874,0.5352038210428895,0.4866206642555943,NA
CC,10065,-0.4271654564737033,-0.0018534293907308769,0.44225068717524957,NA
CC,10066,-0.28714050799507096,-0.06498727355681148,0.42435047406899673,NA
CC,10067,-0.7968302269056181,0.6931040410605572,0.38630923536827716,NA
CC,10068,-0.7842595391220231,0.6006748362207259,0.5077141013665347,NA
CC,10069,-0.7091791860110221,0.13076775511931418,0.5208808196646201,NA
CC,10070,-0.5452804162191216,0.08089561835504182,0.4946395637234967,NA
CC,10071,-0.40786335934920787,0.22532588130415426,0.4446112876439287,NA
CC,10072,-0.3736222490964442,-0.025255241497859085,0.47229537170304414,NA
CC,10073,-0.8826977460342597,0.2955986721354018,0.4084295036396808,NA
CC,10074,-0.786118477249162,0.2876952617984608,0.49993944032687243,NA
CC,10075,-0.7008255853813078,0.10971789793892003,0.45787175054042784,NA
CC,10076,-0.613922492958998,0.19399438715247247,0.45819754662757994,NA
CC,10077,-0.5285135819998652,0.02624865136546091,0.4479096883307918,NA
CC,10078,-0.42311227338535107,-0.00858277914482231,0.452418199705051,NA
CC,10079,-3.093029280900522,3.425630880986131,0.775892335348346,NA
CC,10081,-4.599325642824287,0.9765104416236688,1.735216734739005,NA
CC,10082,-3.674244521211141,1.6110134121535287,2.8481970184613554,NA
CC,10083,-3.3198480892486257,0.8124133130506278,2.954286391948006,NA
CC,10162,-0.29017834857948016,-0.06353194235037167,0.04779221471010046,NA
CC,10165,-0.29632549150117893,-0.05992634699837882,0.07194753855943538,NA
CC,10168,-0.09789603784232216,-0.06723207500548506,0.13283609626245466,NA
CC,10169,-0.059511263652299196,-0.08880142923172044,0.03481545954094915,NA
CC,10170,-0.03432501817194992,-0.09575036032139354,0.046486384666427794,NA
CC,10171,0.02857329933661166,-0.09686016662394423,0.04675340187095052,NA
CC,10197,-0.3518722202321562,-0.14427678729271848,0.1169094940935885,NA
CC,10199,-0.30520469118358284,-0.12096481926028721,0.2033243013043739,NA
CC,10200,-0.2238717049493996,-0.12750007097644075,0.23645197082280553,NA
CC,10201,-0.21917880557649333,-0.13688491580194265,0.15095203870798873,NA
CC,10202,-0.2067155620496103,-0.14506739810577837,0.16922727560904754,NA
CC,10203,-0.14142000570070606,-0.14675125023711963,0.15772045566450274,NA
CC,10215,-0.4695901335160918,-0.07320170187743458,-0.05485668347145002,NA
CC,10216,-0.33931849978374035,-0.08416338887174671,-0.058903823855964016,NA
CC,10217,-0.25796022066649926,0.03303406539001862,-0.06350043500135336,NA
CC,10218,-0.35584625828552885,0.47859495694000165,-0.12552895635772987,NA
CC,10219,-0.1884092094282456,0.011655678672621227,-0.06700592847092406,NA
CC,10220,-0.0972263454303342,0.0024606314577362122,-0.06274551143915344,NA
CC,10221,-0.17129678203481935,0.06519428939245471,-0.05061838004415347,NA
CC,10222,-0.06014011445182557,-0.05631081991854996,-0.03923244650209539,NA
CC,10223,-0.03173523708845959,-0.09415143224953561,-0.042714241925548846,NA
CC,10234,0.18534736907942065,-0.08853202939808001,-0.1937405537227004,NA
CC,10235,0.2369692963417589,-0.09343376153971203,-0.19603173386915637,NA
CC,10236,0.18319485330250254,-0.08455130519979304,-0.1945072357144806,NA
CC,10237,0.22762915691135738,-0.08861158307195459,-0.1927403341389287,NA
CC,10238,0.24819405753435386,-0.09108275498748346,-0.19105914509721775,NA
CC,10239,0.2891695786116022,-0.095169467155846,-0.19172142990959606,NA
CC,10240,0.27854643696123776,-0.09146996884744595,-0.1887951487682784,NA
CC,10241,0.2909473858482155,-0.09233309386494605,-0.18546269322847506,NA
CC,10243,-0.2927230155489902,-0.11050620493973963,-0.03889139552695563,NA
CC,10244,-0.23929868874173252,-0.11561259227885433,-0.029632853291536882,NA
CC,10245,-0.1879376682893997,-0.11559860999349399,-0.021387214394727468,NA
CC,10246,-0.13488624608658212,-0.12316495337560006,-0.02558350862167724,NA
CC,10247,-0.16491926423430264,-0.11265411648538207,-0.02566740542494922,NA
CC,10248,-0.13615677250658148,-0.11829577319400171,-0.013204134489244568,NA
CC,10259,6.04690095884718e-4,-0.013863591125110288,-0.11090207386002947,NA
CC,10260,-0.025873908071164162,-0.012180943922009194,-0.1258034251284435,NA
CC,10261,0.09629178257539589,-0.025031817553144643,-0.11819345772495798,NA
CC,10264,-1.2773670245467732,-0.1268699615414877,0.289326508860146,NA
CC,10266,-1.12879953018336,-0.11712251062615875,0.27801823172206347,NA
CC,10271,-0.03092268698614084,-0.09885587290893334,-0.12413714424622434,NA
CC,10272,-0.053717555379121026,-0.09139097897789356,-0.12659032425765035,NA
CC,10273,-0.036936545079163136,-0.09474182536516086,-0.1179343796097277,NA
CC,10274,-0.012664115280824603,-0.09676647494089288,-0.10862390085057853,NA
CC,10284,-0.6407197574331962,-0.1618491331217453,0.35337298745251233,NA
CC,10285,-0.49029066601391424,-0.18164897135308605,0.25416007715618993,NA
CC,10286,0.11114271048364441,-0.09341847059897593,0.05027386994529849,NA
CC,10287,0.12584533054156702,-0.09352726137277712,0.05059363621465058,NA
CC,10288,0.1571797554019406,-0.10591003765729402,0.027176493148938215,NA
CC,10289,0.1622195063336361,-0.10753739494705092,0.003612992674072665,NA
CC,10290,0.20324315893559344,-0.10903366364755432,-1.9756571562834757e-4,NA
CC,10291,0.2474603462166083,-0.11003814151425521,8.166476173360264e-4,NA
CC,10293,-1.5451706858465057,-0.1345827208078279,0.3520139690003333,NA
CC,10300,-0.6060058742687657,-0.1476875174698817,0.08356853974767807,NA
GT,130,-0.34439080696991553,-0.09257385000630987,NA,NA
GT,131,-0.35505792973683215,-0.09228935684471688,NA,NA
GT,132,-0.36659354606222394,-0.09220998109208069,NA,NA
GT,133,-0.33833701588674037,-0.08754347778846004,NA,NA
GT,134,-0.34468750988576724,-0.08419689318435919,NA,NA
GT,135,-0.3686636872747898,-0.08271226278011531,NA,NA
GT,136,-0.3929931489779025,-0.0861208045432808,NA,NA
GT,137,-0.39393379347023005,-0.08143530537746395,NA,NA
GT,138,-0.41247118324105314,-0.08548238254452044,NA,NA
GT,139,-0.4035785087183368,-0.0705588558244584,NA,NA
GT,140,-0.41792504114197954,-0.07181332155082329,NA,NA
GT,141,-0.43151004043047575,-0.07483951739713826,NA,NA
GT,170,1.5170232137363446,-0.029029585406616387,NA,NA
GT,171,1.857910892480126,0.01059296864430389,NA,NA
GT,172,0.9782323463591966,0.04826523737779182,NA,NA
GT,173,0.724076614188784,0.01453466089572603,NA,NA
GT,174,0.39493658120534636,0.04023873896507564,NA,NA
GT,175,0.4113073481137514,-0.024307749593667338,NA,NA
GT,176,0.40791122558458787,-0.007622337412265416,NA,NA
GT,177,0.2123233091498396,-0.007387632900754992,NA,NA
GT,178,0.3561906467537728,0.3018841887885555,NA,NA
GT,179,0.16525186209744283,0.12005226082257046,NA,NA
GT,180,0.4033361087492419,0.014027635238404836,NA,NA
GT,181,0.14375154802281687,0.048727888307815735,NA,NA
GT,182,0.05511504166852064,0.34584942701840726,NA,NA
GT,183,0.031552738751417016,0.02510865548185677,NA,NA
GT,184,-0.012240131413418474,0.02946213539728053,NA,NA
GT,276,-0.2302963958881883,-0.06607388550557301,NA,NA
GT,277,-0.29918435654709385,-0.06795383339341027,NA,NA
GT,278,-0.26424423204416186,-0.12757568321683763,NA,NA
GT,279,-0.2635308069895043,-0.12775592069318314,NA,NA
GT,280,-0.2998819490165523,-0.12270198942596727,NA,NA
GT,281,-0.3217698460119358,-0.11927907581354733,NA,NA
GT,282,-0.32552783350815767,-0.11985868265706806,NA,NA
GT,283,-0.3403081272180258,-0.1184547744744506,NA,NA
GT,284,-0.3399150387553946,-0.11903988981523181,NA,NA
GT,285,-0.34331167280694624,-0.11887156361176386,NA,NA
GT,286,-0.352945413677075,-0.11789687656226872,NA,NA
GT,287,-0.36283331059470275,-0.11750150591209767,NA,NA
GT,288,-0.3671125121035118,-0.1172268177720432,NA,NA
GT,289,-0.361961974887906,-0.11743049164414535,NA,NA
GT,290,-0.3769450680823066,-0.11629517579322249,NA,NA
GT,291,-0.36782415018317743,-0.11733059242869018,NA,NA
GT,292,-0.39549115178470895,-0.11534281102939056,NA,NA
GT,599,1.423913912189663,3.8787712384783375,NA,NA
GT,600,1.1282649796796087,3.5951631162585875,NA,NA
GT,601,0.6457257467111472,2.8714169335492876,NA,NA
GT,602,1.1675956970697563,4.798966628093079,NA,NA
GT,603,1.0901799900583868,5.029559459517359,NA,NA
GT,604,1.0956711535279633,5.47999853812426,NA,NA
GT,605,0.5641896265754367,0.30128604133416126,NA,NA
GT,606,0.714730132265254,0.35911039607035,NA,NA
GT,607,0.39964994235318396,0.42728892828328285,NA,NA
GT,609,0.7708593179641678,0.07132755983275,NA,NA
GT,610,0.7777820139887809,-0.11238538952448476,NA,NA
GT,611,0.37007707844691645,0.03979997013041603,NA,NA
GT,630,-0.2752103567359841,0.12338292930988111,NA,NA
GT,631,-0.28456807839798376,0.1349899147781919,NA,NA
GT,632,-0.3807765673270281,0.6449392531597021,NA,NA
GT,633,-0.20160626964674636,0.187994270875891,NA,NA
GT,634,-0.310668498165612,0.06849748454197244,NA,NA
GT,635,-0.3492648280012007,0.2035642891823796,NA,NA
GT,636,-0.373484497143041,0.1275790435979301,NA,NA
GT,698,-0.4150312791548389,-0.004539792301131945,NA,NA
GT,699,-0.3897457085013769,-0.023130735090066565,NA,NA
GT,700,-0.4340391681813379,-0.07984003402595544,NA,NA
GT,701,-0.4834018731095659,-0.013485351251986263,NA,NA
GT,702,-0.48773032501936386,-0.016764256540296132,NA,NA
GT,703,-0.4469984710308173,-0.06953603034230897,NA,NA
GT,704,-0.4625710929326391,-0.040011145012933444,NA,NA
GT,705,-0.4439589298793782,-0.07851483562262893,NA,NA
GT,706,-0.42685472532248997,0.5758004484886777,NA,NA
GT,707,-0.4175879924758184,0.708064835664692,NA,NA
GT,708,-0.5674957352484573,0.3620964175293882,NA,NA
GT,709,-0.5914543864555656,0.3898548338238145,NA,NA
GT,710,-0.61447484132688035,0.4039749080418434,NA,NA
GT,711,-0.6373948419209693,0.45016839057111907,NA,NA
GT,712,-0.6533058465327269,0.536426098085787,NA,NA
GT,713,-0.7125643951964697,0.444928498537456,NA,NA
GT,749,-0.46497689817588705,0.3617040880608949,NA,NA
GT,750,-0.49764313889498335,0.39176452710821646,NA,NA
GT,751,-0.5419028325308091,0.3277170475173785,NA,NA
GT,753,-0.32034805729069504,-0.021799211563427526,NA,NA
GT,754,-0.3329437248242788,-0.0075339433526224854,NA,NA
GT,755,-0.43552500007667416,0.09900827474666361,NA,NA
GT,756,-0.43424841121477525,-0.010595338875838137,NA,NA
GT,757,-0.4316741105138985,-0.024041114800796622,NA,NA
GT,758,-0.42215613245468925,-0.0371674661988523,NA,NA
GT,759,-0.41810880397016403,-0.04198419540242285,NA,NA
GT,760,-0.41776330718817895,-0.028670630950572137,NA,NA
GT,764,-0.316040616892575,0.10797242390264965,NA,NA
GT,765,-0.3703506798369082,0.05769886299516015,NA,NA
GT,766,-0.3964683365871584,0.008570953849628398,NA,NA
GT,767,-0.41248697964027836,0.007060288259162721,NA,NA
GT,768,-0.41217499415681075,0.019899647663919297,NA,NA
GT,769,-0.43733142277162146,0.07917817319490689,NA,NA
GT,770,-0.39658129991670965,0.022616716770368896,NA,NA
GT,796,-0.0932010343404068,0.046023309680147,NA,NA
GT,797,-0.16373041591366305,0.018604085733464917,NA,NA
GT,798,-0.22665886981739958,0.18728865128523298,NA,NA
GT,799,-0.26022903020342875,-0.012977730687764718,NA,NA
GT,800,-0.33887992325354,-0.011011438026411966,NA,NA
GT,801,-0.35106731343830966,-0.01194215410619684,NA,NA
GT,802,-0.3282999406219067,0.0115850072573066,NA,NA
GT,904,-0.4598475728888089,-0.04000478763605117,NA,NA
GT,907,-0.4817365239890295,-0.02837490111852364,NA,NA
GT,908,-0.4871687551765272,-0.024376129296527965,NA,NA
GT,909,-0.49298955779711906,-0.022627629860198315,NA,NA
GT,910,-0.5003530097844207,-0.02117588178349721,NA,NA
GT,961,-0.23551343418483742,-0.12374242183280486,NA,NA
GT,962,-0.3487129943409028,-0.12912789672319186,NA,NA
GT,963,-0.34267801552932037,-0.13108034887113645,NA,NA
GT,964,-0.344111600103297,-0.1301891554330999,NA,NA
GT,965,-0.35306202638325906,-0.1297951294126581,NA,NA
GT,966,-0.33749212339833473,-0.13296774799188474,NA,NA
GT,968,-0.3513862893026611,-0.1312083334735153,NA,NA
GT,969,-0.372026602552813,-0.12800662840683127,NA,NA
GT,970,-0.3891073093939977,-0.1253833636155406,NA,NA
GT,971,-0.3839690008306044,-0.1268762898074677,NA,NA
GT,1023,-0.46088204118391135,-0.04286966575178202,NA,NA
GT,1024,-0.4659586151913536,-0.04017782134948495,NA,NA
GT,1025,-0.4675650448871257,-0.04799896914883346,NA,NA
GT,1026,-0.4734740871331782,-0.041700646897568985,NA,NA
GT,1101,-0.4731977372125058,0.03136024346629996,NA,NA
GT,1102,-0.45767349177844713,-0.009056314969877034,NA,NA
GT,1103,-0.41856076598530834,-0.08842661583535925,NA,NA
GT,1104,-0.42263229266898567,-0.08814540176619576,NA,NA
GT,1105,-0.4401894240141472,-0.06896563797993283,NA,NA
GT,1106,-0.45175547164534763,-0.06001435153869472,NA,NA
GT,1107,-0.49748888908789224,-2.5272615791924874e-4,NA,NA
GT,1108,-0.4703836063416008,-0.043677884710123925,NA,NA
GT,1109,-0.44305371926521603,-0.08538772778981168,NA,NA
GT,1110,-0.5725655572961268,0.06818455563814585,NA,NA
GT,1111,-0.5080718084837319,-0.00999614600618436,NA,NA
GT,1112,-0.4563602251707748,-0.08299539625347555,NA,NA
GT,1156,-0.5836114964922556,0.9174487477067315,NA,NA
GT,1157,-0.6338726453869045,0.9807365114970461,NA,NA
GT,1158,-0.6660381526087428,0.8682713304497107,NA,NA
GT,1159,-0.7482924977498663,0.8885099792770206,NA,NA
GT,1160,-0.8032524117366115,0.8954792086066108,NA,NA
GT,1161,-0.8497226498561086,0.8682810103171211,NA,NA
GT,1162,-0.8816405619155715,0.8885555337528338,NA,NA
GT,1163,-0.9573591813436985,0.9198567011089216,NA,NA
GT,1164,-1.0218134761109146,1.0272591499448462,NA,NA
GT,1165,-1.0757725021614002,1.1097656112117842,NA,NA
GT,1166,-1.137084827779198,1.160624734931178,NA,NA
GT,1167,-1.312963512834402,1.347353301098177,NA,NA
GT,1168,-1.3800309335775158,1.2970553525248518,NA,NA
GT,1179,-0.4882775176308345,0.15026314732875068,NA,NA
GT,1180,-0.508858019703603,0.13993249174911038,NA,NA
GT,1181,-0.5152551271015543,0.11057186333286718,NA,NA
GT,1184,-0.5183950482237667,0.04677568306731084,NA,NA
GT,1185,-0.5234623182573345,0.051292245909760496,NA,NA
GT,1279,0.09132664071260951,-0.10447883308751608,NA,NA
GT,1434,0.059011424573911286,-0.028571515844047324,NA,NA
GT,1435,-0.03498205126630478,-0.03701296012744888,NA,NA
GT,1436,0.10604503807006208,-0.06278439964633012,NA,NA
GT,1437,0.10763883634353902,-0.05855583568928261,NA,NA
GT,1440,-0.013563870175598066,-0.005772080016466488,NA,NA
GT,1441,0.2930693777193801,-0.06257928030550294,NA,NA
GT,1443,0.14080237158696207,-0.04380432478692344,NA,NA
GT,1444,0.05831441631501593,-0.04422718601032653,NA,NA
GT,1445,-0.11937037511863242,-0.043776698527954024,NA,NA
GT,1446,-0.11097261066392253,-0.03292285301745497,NA,NA
GT,1545,-0.44473830982033385,-0.105018976744627,NA,NA
GT,1546,-0.4465656441167959,-0.10479274157904007,NA,NA
GT,1612,-0.29465539620029924,-0.10674381362207354,NA,NA
GT,1613,-0.30549603500489847,-0.1007591462557353,NA,NA
GT,1614,-0.32283584676132243,-0.10253781935923525,NA,NA
GT,1615,-0.31875878121794865,-0.1047889018400134,NA,NA
GT,1616,-0.32255086129820015,-0.10440912759595916,NA,NA
GT,1617,-0.32801285966322213,-0.10441044931291234,NA,NA
GT,1618,-0.2914929073316756,-0.10340696643085645,NA,NA
GT,1619,-0.3088217611360963,-0.10425901662467463,NA,NA
GT,1620,-0.3517108408537694,-0.08003752312321082,NA,NA
GT,1621,-0.3608927133796634,-0.10309444030578531,NA,NA
GT,1622,-0.38193671663392836,-0.10287062488902016,NA,NA
GT,1623,-0.38958159256382846,-0.10312580432173847,NA,NA
GT,1624,-0.39558362337142927,-0.102844465379261,NA,NA
GT,1625,-0.38993157518021443,-0.09136421441391067,NA,NA
GT,1626,-0.39840871380703896,-0.10087072462336859,NA,NA
GT,1627,-0.4541876294329229,0.037441855112264444,NA,NA
GT,1628,-0.39931748647899,-0.08938476029432096,NA,NA
GT,1629,-0.4731205311117722,0.04206020507102765,NA,NA
GT,1630,-0.4065783693715883,-0.08781273055429474,NA,NA
GT,1631,-0.4922792187212204,0.046343076673645775,NA,NA
GT,1632,-0.5010174172451659,0.045218408717848976,NA,NA
GT,1633,-0.5101764078726413,0.05084127325290652,NA,NA
GT,1634,-0.5195500189578128,0.054532005858032875,NA,NA
GT,1635,-0.5285457275510425,0.05345173916700561,NA,NA
GT,1636,-0.5405893718412352,0.061522632496096887,NA,NA
GT,1637,-0.5485686095820047,0.06376071949026803,NA,NA
GT,1714,-0.29398419261439684,-0.07014698491809643,NA,NA
GT,1715,-0.3116069802084294,-0.07082315912441443,NA,NA
GT,1716,-0.3464401765087603,-0.06996611241326996,NA,NA
GT,1717,-0.35004322988626624,-0.06802654392823873,NA,NA
GT,1718,-0.3606180168447699,-0.06832521662274509,NA,NA
GT,1719,-0.37154201922519114,-0.0677796488437492,NA,NA
GT,1720,-0.38708433454809366,-0.06894031974915335,NA,NA
GT,1721,-0.3938618286825667,-0.06817422864309775,NA,NA
GT,1722,-0.39763070210775636,-0.06454840041519111,NA,NA
GT,1723,-0.40883399777724505,-0.06544836604985343,NA,NA
GT,1787,-0.377111021644126,0.3466027466127218,NA,NA
GT,1788,-0.4010478130501103,0.3389693999828661,NA,NA
GT,1789,-0.41126188496602767,0.37435576931026715,NA,NA
GT,1790,-0.44185213403490975,0.3227661026316426,NA,NA
GT,1791,-0.4344302333056752,0.4369489069822224,NA,NA
GT,1792,-0.48268409028550585,0.31619629525968845,NA,NA
GT,1793,-0.5174811999216302,0.28836228371392464,NA,NA
GT,1794,-0.547170364790994,0.23818380761215893,NA,NA
GT,1795,-0.5657909762808149,0.2488826017555472,NA,NA
GT,1796,-0.38943173245678564,-0.04897297114165614,NA,NA
GT,1797,-0.39406676750834413,-0.04271161539706408,NA,NA
GT,1799,-0.42049075513129125,-0.031472280642434694,NA,NA
GT,1905,-0.37636797397022864,-0.12022105894883471,NA,NA
GT,1906,-0.37727845088962664,-0.12088980916820342,NA,NA
GT,1946,0.2721475612171323,-0.13740601505620784,NA,NA
GT,1947,0.18552209320686694,-0.12579468958510553,NA,NA
GT,1948,0.16260659784746437,-0.12367976562900901,NA,NA
GT,1949,0.07030805763074234,-0.11203030380839099,NA,NA
GT,1950,0.15842100837419934,-0.12533446577390192,NA,NA
GT,1951,0.36190727885550494,-0.14511481848084254,NA,NA
GT,1952,0.29285470499575383,-0.1425563850219836,NA,NA
GT,1953,0.08997318625981865,-0.11658840008613014,NA,NA
GT,1954,0.023886779522405786,-0.10730277983798339,NA,NA
GT,1955,-0.030024562805774296,-0.10400792998201495,NA,NA
GT,1956,0.0028598250186486237,-0.10923274097906881,NA,NA
GT,1957,-0.02293832324548271,-0.10611371237857653,NA,NA
GT,1958,0.06814273860505317,-0.06991156424752044,NA,NA
GT,1959,0.13104199454863483,-0.11591358187406073,NA,NA
GT,1960,-0.10449689314630509,-0.09201702636972965,NA,NA
GT,2038,-0.42611986313311345,0.1427720634313276,NA,NA
GT,2039,-0.3872406630983187,0.018141934625812005,NA,NA
GT,2040,-0.3927081480992392,0.018141680032347063,NA,NA
GT,2041,-0.4219901084167972,0.018448850096922233,NA,NA
GT,2042,-0.4247135890956633,0.04396012159665221,NA,NA
GT,2043,-0.45384229250521074,0.023270310884664438,NA,NA
GT,2044,-0.4708980513828715,0.021043449736320878,NA,NA
GT,2154,1.5909629423288514,-0.05553757967767718,NA,NA
GT,2155,1.127815092473212,0.02819091181359004,NA,NA
GT,2156,0.7345583822677233,0.057863311754525935,NA,NA
GT,2157,0.7402501065051742,0.0020645612437183995,NA,NA
GT,2160,0.8111834827635064,-0.054480785221571425,NA,NA
GT,2161,0.48244100864120193,-0.02585322205415345,NA,NA
GT,2162,1.1110005646452903,-0.054955192258371116,NA,NA
GT,2163,1.4094308452754882,-0.07288834327094412,NA,NA
GT,2164,0.9176915908088734,-0.011993230231871382,NA,NA
GT,2165,0.3892817605755019,-0.013435024782569244,NA,NA
GT,2166,0.6154746052717808,0.0016978692558079986,NA,NA
GT,2167,0.45378801748874487,0.0085970034758349,NA,NA
GT,2168,0.11625803153212369,0.02367147485411755,NA,NA
GT,2322,-0.0038888184475738613,-0.11828575671963996,NA,NA
GT,2323,-0.08972354840909409,-0.11018337240101218,NA,NA
GT,2324,-0.23353900352841453,-0.09524618520622581,NA,NA
GT,2325,-0.25184364924081465,-0.09273816055351064,NA,NA
GT,2326,-0.23854951659445606,-0.09494729353253008,NA,NA
GT,2327,-0.22138767182936944,-0.09673043554916291,NA,NA
GT,2328,-0.2557405766604912,-0.09431178814980402,NA,NA
GT,2329,-0.15246341565475463,-0.09750332816224806,NA,NA
GT,2330,-0.07742852094676174,-0.09830458954341502,NA,NA
GT,2331,-0.20734546058210096,-0.09117341500576687,NA,NA
GT,2332,-0.27421209087549336,-0.08899306001703414,NA,NA
GT,2333,-0.275900652651371,-0.08614017070152008,NA,NA
GT,2334,-0.3136824504761868,-0.084992928187445,NA,NA
GT,2335,-0.3511534411458431,-0.08529716344714945,NA,NA
GT,2376,-0.39737279148209825,-0.12655385139783643,NA,NA
GT,2377,-0.3842303404692297,-0.1296268177032185,NA,NA
GT,2378,-0.3959699424484166,-0.12667722838632628,NA,NA
GT,2379,-0.39376423237719127,-0.12763100872001704,NA,NA
GT,2380,-0.3982136723586579,-0.127091526847867,NA,NA
GT,2381,-0.40628685629579975,-0.12563197475709037,NA,NA
GT,2382,-0.40901709515010637,-0.1253820810691158,NA,NA
GT,2383,-0.41142516989669187,-0.12497585453698432,NA,NA
GT,2577,-0.33351860574092196,-0.010455831003902884,NA,NA
GT,2578,-0.350006107250253,-0.008401707691901949,NA,NA
GT,2579,-0.3612818235475842,-0.006424014380260884,NA,NA
GT,2583,-0.43953969242215996,-0.06674661565475204,NA,NA
GT,2622,-0.1498655577597668,-0.12665463646976002,NA,NA
GT,2623,-0.15144027797706014,-0.12472582125858393,NA,NA
GT,2624,-0.2491229282758004,-0.11500314411192299,NA,NA
GT,2626,-0.19881021038144236,-0.12110895957066398,NA,NA
GT,2627,-0.24159301760533958,-0.11563954756873626,NA,NA
GT,2628,-0.17696439873233535,-0.12385724326759193,NA,NA
GT,2629,-0.26749254015414364,-0.11236165859870353,NA,NA
GT,2630,-0.2743634063439584,-0.11130607322449286,NA,NA
GT,2639,-0.386338990621915,-0.034449401475352956,NA,NA
GT,2640,-0.4150761440289405,-0.030963098401461473,NA,NA
GT,2942,-0.2498808665688603,0.19072510050017094,NA,NA
GT,2943,-0.3178568043292046,0.08181879134124924,NA,NA
GT,2944,-0.396111110000196,0.02716342651088589,NA,NA
GT,2945,-0.4035835338431726,0.031187698796331178,NA,NA
GT,2946,-0.4363130432017895,0.0316004777059183,NA,NA
GT,2947,-0.47102884615670415,0.09596116165481028,NA,NA
GT,2948,-0.7155465170721357,0.3809813080814745,NA,NA
GT,3018,-0.43075176106638147,-0.09549923675665316,NA,NA
GT,3019,-0.4414402618677983,-0.10450511112441674,NA,NA
GT,3020,-0.4433639958010965,-0.10294505222623904,NA,NA
GT,3021,-0.445692514236053,-0.10236229467691631,NA,NA
GT,3169,0.03020910415577389,-0.1544273105171992,NA,NA
GT,3170,-0.22741673977293222,-0.1173193364954726,NA,NA
GT,3171,-0.26093861555245323,-0.11317884413579785,NA,NA
GT,3172,-0.26483467785934384,-0.11313523993055484,NA,NA
GT,3173,-0.2998204080345308,-0.1123835152427625,NA,NA
GT,3178,-0.2787046885274888,-0.11651942135327334,NA,NA
GT,3179,-0.3088789870771432,-0.11344422258862276,NA,NA
GT,3180,-0.2695585561826699,-0.11572050394085578,NA,NA
GT,3181,-0.27238443840988547,-0.11436554027434034,NA,NA
GT,3182,-0.2770105637637928,-0.11298553748851047,NA,NA
GT,3213,-0.4540206393135538,-0.002923524439431758,NA,NA
GT,3214,-0.46275490789098855,-0.0029233547121748794,NA,NA
GT,3215,-0.469688143106111,2.4789238283889014e-4,NA,NA
GT,3216,-0.47662247107803984,0.003491012663177264,NA,NA
GT,3217,-0.48204959859417384,0.007276370704367794,NA,NA
GT,3218,-0.49001144495146465,0.005653680780242374,NA,NA
GT,3219,-0.496825351693705,0.009873021733680773,NA,NA
GT,3220,-0.5039180309033547,0.009015958456329697,NA,NA
GT,3221,-0.5124131040613722,0.013825096749564832,NA,NA
GT,3222,-0.5188375239685473,0.013970248649686287,NA,NA
GT,3223,-0.5218666669979165,0.014716496527479073,NA,NA
GT,3224,-0.5317306948856229,0.016551636772954858,NA,NA
GT,3225,-0.5380340375809366,0.01839320544143559,NA,NA
GT,3226,-0.3910802546980399,-0.10185306453753708,NA,NA
GT,3227,-0.3978742863908845,-0.10148114888214967,NA,NA
GT,3228,-0.4008877131061616,-0.10114853754681778,NA,NA
GT,3229,-0.40365878254941445,-0.10078231511067234,NA,NA
GT,3230,-0.40912879532147,-0.10109647363866088,NA,NA
GT,3231,-0.41225803678582246,-0.10080473201189245,NA,NA
GT,3232,-0.40605289492670016,-0.09820710266455601,NA,NA
GT,3233,-0.4061583094314289,-0.09649651358747578,NA,NA
GT,3234,-0.4165787151682826,-0.09750317695042846,NA,NA
GT,3235,-0.42333949773427987,-0.09826133489196115,NA,NA
GT,3236,-0.4251749747667652,-0.09480637300337826,NA,NA
GT,3237,-0.4290498178764548,-0.09298677450049939,NA,NA
GT,3238,-0.4343385936936887,-0.0921728910368718,NA,NA
GT,3269,-0.4329038728376673,-0.10935325100554799,NA,NA
GT,3271,-0.46496215019204284,-0.03453463565943073,NA,NA
GT,3274,-0.47956476637800216,-0.03312736894892302,NA,NA
GT,3383,-0.35353951999166056,-0.09676051457098316,NA,NA
GT,3384,-0.357474607888393,-0.09593212392454954,NA,NA
GT,3385,-0.36544548076706873,-0.09500266401308553,NA,NA
GT,3388,-0.3884701860221358,-0.09478689881283427,NA,NA
GT,3389,-0.38650044337549855,-0.09341308845107242,NA,NA
GT,3390,-0.4036515134712737,-0.07378079319698465,NA,NA
GT,3391,-0.40318172267113384,-0.09321973388230946,NA,NA
GT,3392,-0.41818790173447323,-0.09185483820919274,NA,NA
GT,3421,-0.3557682477780973,-0.08361677088098694,NA,NA
GT,3422,-0.3874892401696193,-0.09743557617096647,NA,NA
GT,3423,-0.39630282700927205,-0.043389144209518365,NA,NA
GT,3424,-0.3980966532746877,-0.0935814833154495,NA,NA
GT,3425,-0.4081841784332659,-0.09399693462433398,NA,NA
GT,3426,-0.41599185963809837,-0.08754169377742578,NA,NA
GT,3427,-0.4263181701858181,-0.08438583592656436,NA,NA
GT,3429,2.827542621889679,0.012175835102236876,NA,NA
GT,3430,1.2376798395157227,-0.0903770194042179,NA,NA
GT,3431,1.2141340178885525,-0.06478747760533696,NA,NA
GT,3432,1.1676996431961706,-0.05222755095305744,NA,NA
GT,3433,1.5866300391313863,-0.02942560020398838,NA,NA
GT,3434,1.3247146947064734,-0.03241364155016874,NA,NA
GT,3435,2.150903393690276,0.013996362971012812,NA,NA
GT,3436,2.058642495832442,0.047608295357842285,NA,NA
GT,3437,2.4080972416051383,0.07789658960259155,NA,NA
GT,3438,2.1807575572329023,0.08682805982683801,NA,NA
GT,3439,1.6684199692053285,0.08445507178073718,NA,NA
GT,3440,1.6360967983222567,0.0949653313368269,NA,NA
GT,3527,-0.25409844376005747,-0.09572894690043857,NA,NA
GT,3528,-0.2573108538150257,-0.09527851459228663,NA,NA
GT,3529,-0.20965497710734743,-0.09256491423474425,NA,NA
GT,3530,-0.2806510400714653,-0.09304228389085707,NA,NA
GT,3531,-0.24633230657417587,-0.09362681141631295,NA,NA
GT,3532,-0.2500425873992082,-0.09182034786292848,NA,NA
GT,3533,-0.21106438022303098,-0.08838120758495341,NA,NA
GT,3534,-0.10068055946409356,-0.08472575308390627,NA,NA
GT,3535,-0.1618526243840244,-0.07733367916058567,NA,NA
GT,3536,-0.20982888184545168,-0.07199805693386611,NA,NA
GT,3583,-0.45848519096277174,-0.03809001295032518,NA,NA
GT,3702,0.08303006182882806,-0.23174793883875686,NA,NA
GT,3703,-0.011753906400038792,-0.21118023663802926,NA,NA
GT,3704,-0.043908816308106315,-0.20739463126654512,NA,NA
GT,3705,-0.12056366523945308,-0.1886781640865043,NA,NA
GT,3706,-0.21778063580368195,-0.16275880261755077,NA,NA
GT,3707,-2.9184216364793933e-4,-0.22643763817555393,NA,NA
GT,3708,-0.02341012337023248,-0.22577176683651748,NA,NA
GT,3838,0.32570786674599994,-0.16659854690634307,NA,NA
GT,3839,0.3528907735166716,-0.16829829452187878,NA,NA
GT,3840,-0.03520524414525897,-0.11869732186710688,NA,NA
GT,3841,-0.2002376213857981,-0.1009616780849974,NA,NA
GT,3842,0.024907868294576852,-0.12860845533233567,NA,NA
GT,3843,-0.046906354354980154,-0.11947406736647957,NA,NA
GT,3844,-0.18421579322989512,-0.10585372850128363,NA,NA
GT,3845,0.2014384942257258,-0.14103826111408085,NA,NA
GT,3846,-0.062245839144722495,-0.11575228501988434,NA,NA
GT,3847,0.19852155348348108,-0.13417232897924095,NA,NA
GT,3848,0.3291331327480401,-0.13366082164601437,NA,NA
GT,3849,0.0600991492538166,-0.10901383901374553,NA,NA
GT,3850,-0.4524738436950425,0.014424751729081434,NA,NA
GT,3855,-0.447436921783686,-0.07387840523408007,NA,NA
GT,3856,-0.4578931609127884,-0.07421699853267888,NA,NA
GT,3857,-0.4654264562956043,-0.07465787739585374,NA,NA
GT,3858,-0.44513148905179756,-0.10662691861760865,NA,NA
GT,3859,-0.44137952910179057,-0.11356170817675804,NA,NA
GT,3860,-0.44247965201047035,-0.11330188513161239,NA,NA
GT,3864,-0.4709435180992222,-0.02919629075361275,NA,NA
GT,3865,-0.5257794100479909,-0.012351973891225863,NA,NA
GT,3893,0.18882283624250754,0.3502184774338467,NA,NA
GT,3912,-0.4666476042969236,0.15943566938116424,NA,NA
GT,3913,-0.4854403119259126,0.14837889521694492,NA,NA
GT,3914,-0.5009441080766742,0.1395022569023221,NA,NA
GT,3915,-0.5140499449125037,0.16118295315725184,NA,NA
GT,3916,-0.5310536437964889,0.1582433177485333,NA,NA
GT,3917,-0.5444577333773367,0.1920307055795854,NA,NA
GT,3918,-0.5574371951108058,0.17665741477255087,NA,NA
GT,3919,-0.5662195382549124,0.1975727862472941,NA,NA
GT,3920,-0.5809734365313619,0.1980175443317468,NA,NA
GT,3921,-0.6024996459878388,0.19637654097807558,NA,NA
GT,3922,-0.622102843773096,0.18393300189587794,NA,NA
GT,3923,-0.6341425036412357,0.21396125888351358,NA,NA
GT,3924,-0.6513262766468423,0.1862991863602167,NA,NA
GT,3925,-0.6666199717764129,0.19985534568207608,NA,NA
GT,3976,-0.4525019271956732,-0.08040660172739755,NA,NA
GT,3977,-0.4552235176967528,-0.08184841421860899,NA,NA
GT,3978,-0.4572987269602817,-0.081656405422557,NA,NA
GT,3979,-0.45909260631938853,-0.08220915520094271,NA,NA
GT,3980,-0.43745218591026996,-0.1138177955740674,NA,NA
GT,3981,-0.46310047669007304,-0.07691235655696124,NA,NA
GT,3982,-0.46653234340766875,-0.0768847651774533,NA,NA
GT,3983,-0.4677995598723011,-0.07821579437397135,NA,NA
GT,3986,-0.47437246512289966,-0.07579355098175763,NA,NA
GT,3987,-0.4767722592239386,-0.0747360991452734,NA,NA
GT,3988,-0.4789525275770124,-0.07436186741371986,NA,NA
GT,3989,-0.48105398084121803,-0.0749890280887162,NA,NA
GT,3990,-0.4833827408898684,-0.0736241146808207,NA,NA
GT,4019,0.36330897890027114,0.8819745210694516,NA,NA
GT,4020,0.2875904246847094,0.8323633734363417,NA,NA
GT,4022,-0.12535741604177503,-0.12003275276477857,NA,NA
GT,4023,-0.026657342722687816,-0.13669330227409737,NA,NA
GT,4024,0.048698200072576005,-0.1312568217833369,NA,NA
GT,4025,0.13183711715653126,-0.14820790699928083,NA,NA
GT,4026,0.02968781343382925,-0.1344208470482536,NA,NA
GT,4027,0.07603472465573234,-0.1084615492764059,NA,NA
GT,4028,-0.08336424431807693,-0.09085300884854702,NA,NA
GT,4029,-0.1794280711417556,-0.10825269944008865,NA,NA
GT,4030,-0.26169183765506293,-0.07769187021281701,NA,NA
GT,4031,-0.2588094911633185,-0.07707539720492211,NA,NA
GT,4032,-0.29522523160544306,-0.08792569671933696,NA,NA
GT,4033,-0.27025607701320825,-0.09189409583740606,NA,NA
GT,4034,-0.45937616912570745,0.07839785469863866,NA,NA
GT,4035,-0.4729644958597251,0.06988159476927205,NA,NA
GT,4036,-0.4861590185069342,0.06034825560126062,NA,NA
GT,4037,-0.49489135605125095,0.057681969913960913,NA,NA
GT,4038,-0.5014568913965648,0.08084947098941458,NA,NA
GT,4039,-0.5152207684582208,0.0691820458377566,NA,NA
GT,4040,-0.5281127518821502,0.07661318196083325,NA,NA
GT,4042,-0.5426726089481868,0.07130317862717815,NA,NA
GT,4043,-0.5493456454144486,0.08585871594301869,NA,NA
GT,4044,-0.5584272847244366,0.11861154530294696,NA,NA
GT,4045,-0.5745602795561441,0.08685238917844439,NA,NA
GT,4046,-0.5820155405816935,0.10541818876546459,NA,NA
GT,4047,-0.5932223243984472,0.09181555044243071,NA,NA
GT,4048,-0.6033865717271799,0.09996600386226327,NA,NA
GT,4050,-0.45983136950245074,0.0075989906903453554,NA,NA
GT,4051,-0.46406539728190915,0.016656334420388996,NA,NA
GT,4053,-0.4803481031154083,0.015293420715991556,NA,NA
GT,4054,-0.4834928374317551,0.033022327595081946,NA,NA
GT,4055,-0.4960391339938901,0.02668212021231887,NA,NA
GT,4056,-0.500353570983613,0.026995869192735122,NA,NA
GT,4057,-0.5063238303009863,0.02845616900079955,NA,NA
GT,4058,-0.5146124999904413,0.021128766112669863,NA,NA
GT,4059,-0.5201338637373173,0.05028421226542772,NA,NA
GT,4060,-0.53179026502514,0.028810286125863813,NA,NA
GT,4061,-0.538379310916786,0.03735798602521681,NA,NA
GT,4091,0.530409892421657,0.06522921406200512,NA,NA
GT,4092,0.8945298480156694,0.23385765298820949,NA,NA
GT,4093,0.6917745620690405,0.28867974074041614,NA,NA
GT,4094,0.34642682482072734,0.3708379215421145,NA,NA
GT,4095,0.4645115029600859,0.46007876332136316,NA,NA
GT,4096,0.08786391954969544,-0.018694751922086146,NA,NA
GT,4097,0.47291809329473256,0.06294890370473286,NA,NA
GT,4098,0.17698316623373828,0.14020742690040847,NA,NA
GT,4099,0.1823771228384588,0.49706355215103504,NA,NA
GT,4100,0.18518997249030672,0.22330614470048832,NA,NA
GT,4101,0.22928810863619,0.03644597970966738,NA,NA
GT,4102,0.007641108315258232,0.18060396534704928,NA,NA
GT,4103,0.4394970866423651,0.203233148726137,NA,NA
GT,4104,0.16062131292056747,0.003344434819712335,NA,NA
GT,4105,-0.07191154694070095,-0.0766382052488291,NA,NA
GT,4130,-0.4787344637484954,0.1216025654886301,NA,NA
GT,4131,-0.49700244078155903,0.10056383826487644,NA,NA
GT,4132,-0.5057430562870328,0.09256801965901572,NA,NA
GT,4186,-0.5086624103261372,0.2763150776642837,NA,NA
GT,4187,-0.5222286966957023,0.3016850001512213,NA,NA
GT,4188,-0.5395015384787593,0.2784509409148437,NA,NA
GT,4189,-0.3977817756195213,-0.039692140282305,NA,NA
GT,4190,-0.40546835647772694,-0.03433216767701315,NA,NA
GT,4191,-0.44600980297235454,-0.047934240123029485,NA,NA
GT,4192,-0.4628464987515063,-0.04779365103149625,NA,NA
GT,4193,-0.47040015222386605,-0.04971843754295313,NA,NA
GT,4282,-0.3828557253571109,-0.07698948712644264,NA,NA
GT,4283,-0.4080168713045884,-0.02501672419637754,NA,NA
GT,4284,-0.39264680856722683,-0.0738440939751933,NA,NA
GT,4285,-0.4015413237293155,-0.07631859598347449,NA,NA
GT,4286,-0.4057366179655563,-0.07434504468022904,NA,NA
GT,4337,-0.4066787900415427,-0.04944876073278523,NA,NA
GT,4338,-0.4334134588984953,0.002247944914600955,NA,NA
GT,4339,-0.46765324384229157,0.03521076024025297,NA,NA
GT,4340,-0.4080727397164181,-0.0770252035147235,NA,NA
GT,4341,-0.412146182098677,-0.07509423982564871,NA,NA
GT,4420,-0.3963107474850751,-0.01665388783786699,NA,NA
GT,4421,-0.45982991226607467,0.10657103435197957,NA,NA
GT,4423,-0.39240623265216173,-0.0607864277630965,NA,NA
GT,4428,-0.3459442035779055,-0.13227530531090165,NA,NA
GT,4429,-0.3465902465235265,-0.13287414219104093,NA,NA
GT,4430,-0.3524496835123064,-0.13245718485163221,NA,NA
GT,4431,-0.35775617453289615,-0.13221139276014832,NA,NA
GT,4432,-0.36578258123733526,-0.13105694926591904,NA,NA
GT,4433,-0.37214348009353493,-0.13048439772025278,NA,NA
GT,4494,-0.5139456194727132,0.3469103775725214,NA,NA
GT,4500,-0.36204756558654927,-0.04267079859484554,NA,NA
GT,4501,-0.38110689260121333,-0.04251341246946309,NA,NA
GT,4502,-0.38847929966035016,-0.040872517087646755,NA,NA
GT,4575,-0.007617071735395916,-0.09500955483036959,NA,NA
GT,4576,0.1656521224620117,-0.11091088989530247,NA,NA
GT,4577,0.027155052338792646,-0.09449335494181293,NA,NA
GT,4578,0.05375055434246087,-0.09337821494322836,NA,NA
GT,4579,0.09579623413922633,-0.1013344682683779,NA,NA
GT,4580,0.011008459902788287,-0.09856967794403901,NA,NA
GT,4581,0.17176429136032026,-0.10742175386198512,NA,NA
GT,4582,-0.017033306863229083,-0.09423608489355009,NA,NA
GT,4583,-0.04746208330435136,-0.07836163127652819,NA,NA
GT,4584,0.21970472778312705,-0.08762859812822325,NA,NA
GT,4585,0.692842309599656,-0.048780719080128446,NA,NA
GT,4625,-0.43976824318015634,-0.10715859859332053,NA,NA
GT,4626,-0.4411373061894874,-0.10744998144698992,NA,NA
GT,4627,-0.4543521777246641,-0.09286941772985277,NA,NA
GT,4861,2.1871007217313667,-0.6833304517951153,NA,NA
GT,4862,1.908839038421751,-0.602632556167692,NA,NA
GT,4972,-0.17875949557946996,-0.14060008997564472,NA,NA
GT,4973,-0.16372699719852485,-0.14601107319603177,NA,NA
GT,4974,-0.10828802284856752,-0.15812915776491832,NA,NA
GT,4975,-0.14917081036254928,-0.15054933762911396,NA,NA
GT,4981,-0.2125933985840448,-0.1451058971687411,NA,NA
GT,4982,-0.18934523381064963,-0.15024721337457916,NA,NA
GT,4983,-0.21777711467332533,-0.14578568314305385,NA,NA
GT,5069,0.6095265684607142,0.5811838440395044,NA,NA
GT,5070,0.7330743693964599,0.9268037114219813,NA,NA
GT,5071,0.5791163610278962,0.494338562611891,NA,NA
GT,5072,0.4019707081102124,0.43280041813962555,NA,NA
GT,5073,0.49044029642807685,0.5439056692368875,NA,NA
GT,5074,0.36752172374954833,0.36901405650568564,NA,NA
GT,5075,0.22600536014816197,0.2733926487967124,NA,NA
GT,5076,0.04531619424427845,0.507193434113531,NA,NA
GT,5235,-0.4437563665397619,-0.056767357203675047,NA,NA
GT,5236,-0.3914825788555642,-0.10953425969576847,NA,NA
GT,5237,-0.40830464814917816,-0.10885785433536148,NA,NA
GT,5238,-0.4114822224109726,-0.1092499201311832,NA,NA
GT,5239,-0.4154395727407555,-0.10907809519019596,NA,NA
GT,5240,-0.42520030085239896,-0.10690019225959223,NA,NA
GT,5241,-0.42327285627823713,-0.10718649089122047,NA,NA
GT,5242,-0.4270941685885929,-0.10734347932460377,NA,NA
GT,5471,0.3819786604356066,-0.23997684937156183,NA,NA
GT,5472,0.61417549046959,-0.2964150316547533,NA,NA
GT,5473,1.0183062328493884,-0.4015142685745169,NA,NA
GT,5474,0.35187439497414397,-0.2474618746100486,NA,NA
GT,5475,1.1989607436944678,-0.47466171503881766,NA,NA
GT,5477,0.8364967138583775,-0.40750049164337043,NA,NA
GT,5631,0.5749606137200238,-0.23901688567181661,NA,NA
GT,5632,0.8608294338486193,-0.2834143296962746,NA,NA
GT,5633,0.5340400443614564,-0.23459543513027317,NA,NA
GT,5634,0.883133247053279,-0.2643222691193073,NA,NA
GT,5635,0.5992046770922066,-0.2190864365311746,NA,NA
GT,5636,0.18095012686435683,-0.15512603356949414,NA,NA
GT,5637,0.03485088565331041,-0.13997191874515166,NA,NA
GT,5638,0.05554949064512587,-0.1448024918042516,NA,NA
GT,5639,0.09371811186743902,-0.1429403208854911,NA,NA
GT,5640,-0.10323383699718573,-0.10602500451538996,NA,NA
GT,5641,-0.08084795540247186,-0.11011917133520607,NA,NA
GT,5642,-0.09640589069346432,-0.10930519731703865,NA,NA
GT,5643,-0.26794786549510935,-0.10672422549626973,NA,NA
GT,5644,-0.25649914590265727,-0.10619812274716188,NA,NA
GT,5645,-0.2408904478529868,-0.10673174815820292,NA,NA
GT,6162,-0.4115336766739866,-0.09893913712975583,NA,NA
GT,6163,-0.41132023944059243,-0.09571027346969807,NA,NA
GT,6164,-0.41620260763633077,-0.0959833422977483,NA,NA
GT,6165,-0.4182479158754824,-0.09496108677789752,NA,NA
GT,6166,-0.4206506557086187,-0.09340573233242833,NA,NA
GT,6167,-0.42872586846166655,-0.09622563840125976,NA,NA
GT,6168,-0.4320873683415765,-0.09624121105938402,NA,NA
GT,6169,-0.43675337690248917,-0.09791385150230038,NA,NA
GT,6170,-0.44055836016436967,-0.09796655335824364,NA,NA
GT,6171,-0.4435102241711781,-0.09792858144887831,NA,NA
GT,6173,-0.4495637599730817,-0.09799989921519493,NA,NA
GT,6189,-0.46749794870997,0.1875456414781676,NA,NA
GT,6190,-0.4879571691283004,0.1904718704010845,NA,NA
GT,6191,-0.5097917867237426,0.20936659030205063,NA,NA
GT,6192,-0.5284305091217718,0.20844814566377082,NA,NA
GT,6193,-0.5423536498703267,0.2378085429491764,NA,NA
GT,6194,-0.5668417994231563,0.24929314337111416,NA,NA
GT,6195,-0.581512327475122,0.22447167643274935,NA,NA
GT,6196,-0.599126575531368,0.22009834098908773,NA,NA
GT,6197,-0.6064131908317862,0.22729693876859947,NA,NA
GT,6198,-0.628518404260932,0.22595434583604806,NA,NA
GT,6199,-0.6461860268314195,0.22053208090526596,NA,NA
GT,6200,-0.6591512283038902,0.2242969848604981,NA,NA
GT,6201,-0.6777309105869133,0.2260427091324439,NA,NA
GT,6202,-0.32496834633200683,0.3229652357903744,NA,NA
GT,6203,-0.3112350369486024,0.14381108210388824,NA,NA
GT,6204,-0.23961286900415327,0.1150309849230308,NA,NA
GT,6205,-0.25942074691046974,0.06068058270196203,NA,NA
GT,6206,-0.25805714411945607,0.15052779774750683,NA,NA
GT,6207,-0.36313930628864116,0.1369229896401963,NA,NA
GT,6208,-0.4467928898980158,0.19906964247405157,NA,NA
GT,6209,-0.37911474512182236,0.04696804311875018,NA,NA
GT,6210,-0.42259146051668184,0.053628983179894354,NA,NA
GT,6213,-0.5170883158927381,0.10490441615493797,NA,NA
GT,6214,-0.47319458205504145,0.02009510519208913,NA,NA
GT,6338,-0.32314009721630416,-0.04007902174739405,NA,NA
GT,6339,-0.34932680376363523,-0.04874620905755723,NA,NA
GT,6340,-0.37319671568339996,-0.05014488662800066,NA,NA
GT,6341,-0.3849761472845011,-0.041264214607088824,NA,NA
GT,6342,-0.38800956189345737,-0.0376252563281494,NA,NA
GT,6343,-0.3960401583851577,-0.03422925909904956,NA,NA
GT,6344,-0.3946923771359483,-0.03294028401905579,NA,NA
GT,6345,-0.41145914121373955,-0.035684921743148086,NA,NA
GT,6346,-0.41696370779465036,-0.03312293745923958,NA,NA
GT,6347,-0.42364434495874054,-0.02998976556365957,NA,NA
GT,6348,-0.4440140521423899,-0.03466354379131195,NA,NA
GT,6350,-0.42146229275270053,-0.10506645808023779,NA,NA
GT,6354,-0.4284253382531813,-0.10209493781159681,NA,NA
GT,6356,-0.4356296365267638,-0.103261657384257,NA,NA
GT,6357,-0.43748426096652226,-0.10299369762088253,NA,NA
GT,6358,-0.4394520779556942,-0.10332130019741205,NA,NA
GT,6360,-0.4439465455187311,-0.10238356350737642,NA,NA
GT,6362,-0.21194287561521322,-0.14092902697226012,NA,NA
GT,6363,-0.14718981028912803,-0.1502079543141717,NA,NA
GT,6364,-0.2188321313656927,-0.12343037259204526,NA,NA
GT,6365,-0.3295869246720647,-0.12118624743735802,NA,NA
GT,6366,-0.2922743574111856,-0.12678285635271846,NA,NA
GT,6367,-0.2736609500345065,-0.11259693142196045,NA,NA
GT,6368,-0.28825020928475215,-0.1284231095873045,NA,NA
GT,6369,-0.2750885177988999,-0.12794385728879024,NA,NA
GT,6370,-0.31726896764787194,-0.12388927583215091,NA,NA
GT,6371,-0.21280064860502892,-0.14150340443297557,NA,NA
GT,6372,-0.2545265527599383,-0.13638444671217917,NA,NA
GT,6373,-0.19387488685963677,-0.1446496894786894,NA,NA
GT,6374,-0.10709388045533326,-0.16015136354126405,NA,NA
GT,6375,-0.3196458437015366,-0.1268769652670275,NA,NA
GT,6376,-0.32639739572737475,-0.1264459060405293,NA,NA
GT,6413,-0.13826320927392632,-0.056833299841107715,NA,NA
GT,6414,-0.2979164815610742,-0.06095241428198808,NA,NA
GT,6415,-0.2992490985782346,-0.06225645361121805,NA,NA
GT,6416,-0.29642483185314566,-0.06032435764659181,NA,NA
GT,6417,-0.2766653700877353,-0.05291666046357846,NA,NA
GT,6418,-0.2685573215382391,-0.051614613926288556,NA,NA
GT,6419,-0.2902826499611257,-0.0390289112931602,NA,NA
GT,6420,-0.2928316810195763,-0.0492850242348603,NA,NA
GT,6421,-0.26906626554637586,-0.02366413296255487,NA,NA
GT,6422,-0.2506017942295202,-0.022357263167870456,NA,NA
GT,6424,-0.37759765595748146,-0.052645796761324803,NA,NA
GT,6425,-0.40720736895944176,-0.0576591681975392,NA,NA
GT,6432,-0.400518598899366,-0.08786987348725375,NA,NA
GT,6433,-0.40684581721886576,-0.08447159083029808,NA,NA
GT,6434,-0.4268781557288482,-0.0870403474041295,NA,NA
GT,6435,-0.42311030618701456,-0.08192022868901555,NA,NA
GT,6436,-0.41782551428044196,-0.07234990180834326,NA,NA
GT,6437,-0.4266297680966391,-0.0655173107842858,NA,NA
GT,6438,-0.4368545877075703,-0.07399722794972628,NA,NA
GT,6439,-0.4531575309157321,-0.08848756969252464,NA,NA
GT,6559,-0.17383769661997292,-0.14420536556754462,NA,NA
GT,6560,-0.1444950757450327,-0.15184052529507122,NA,NA
GT,6561,-0.18642220038556123,-0.14385505812498336,NA,NA
GT,6567,-0.2135747502316937,-0.1450732805430814,NA,NA
GT,6569,-0.3041229519569283,-0.13009541488235976,NA,NA
GT,6814,0.16668298094310394,-0.13811133401612355,NA,NA
GT,6845,0.016670857493131686,-0.1151483597090268,NA,NA
GT,6846,0.008555622351761038,-0.11209491428300199,NA,NA
GT,6847,0.038976844171412,-0.11730503422207707,NA,NA
GT,6848,5.113441883802556e-4,-0.11382845492917192,NA,NA
GT,6849,0.06396175866890755,-0.12214070677069311,NA,NA
GT,6934,0.6252013321935124,1.181320274897755,NA,NA
GT,6935,0.6440458300280244,0.5661046947100955,NA,NA
GT,6936,0.6688351471717553,0.8531091215647459,NA,NA
GT,6937,0.8007930017264763,2.0563333296635053,NA,NA
GT,6938,0.4699191354863217,0.4595312012809683,NA,NA
GT,6939,0.15598695124126383,0.37966827636407263,NA,NA
GT,6940,0.044469884860659684,0.5005959403569115,NA,NA
GT,6941,0.10058535323611044,0.5627266150373429,NA,NA
GT,6944,-0.006674952336611444,0.302094881470442,NA,NA
GT,6945,-0.13453388567273422,0.32793937301034676,NA,NA
GT,6946,-0.17712206818220166,0.3509749201654555,NA,NA
GT,6975,-0.42563783201684074,-0.0362529506535993,NA,NA
GT,6976,-0.43205692333010687,-0.03529384395016189,NA,NA
GT,6977,-0.4383426321885901,-0.04324818068648821,NA,NA
GT,6978,-0.44436419442317604,-0.03897215227591973,NA,NA
GT,6979,-0.44984427563527446,-0.03737851558898684,NA,NA
GT,6980,-0.45487316260522953,-0.03736911719062415,NA,NA
GT,6981,-0.4598225962647602,-0.03843626407936333,NA,NA
GT,6982,-0.4654080095858114,-0.03089877893418374,NA,NA
GT,6983,-0.47250619849009845,-0.028020719983153853,NA,NA
GT,6984,-0.4785652523125428,-0.02464690011703352,NA,NA
GT,6985,-0.4848213282709904,-0.021217991331513798,NA,NA
GT,6986,-0.4920628535603747,-0.015741556819273438,NA,NA
GT,6987,-0.4979524418958042,-0.015350225162772162,NA,NA
GT,7027,-0.24626483732025334,-0.02481777678192841,NA,NA
GT,7028,-0.22425038474834427,-0.01878567042605628,NA,NA
GT,7029,-0.15851285288881087,-0.0034125688547565307,NA,NA
GT,7030,-0.23364730753221424,-0.01178591864862283,NA,NA
GT,7031,-0.26132687692421525,-0.0016944184434580152,NA,NA
GT,7032,-0.2912413754408822,-0.016842638350035553,NA,NA
GT,7033,-0.32930791240155266,-0.018623904145627476,NA,NA
GT,7034,-0.3706104517492045,-0.026593887953023743,NA,NA
GT,7035,-0.38378620777883826,-0.02554686307512302,NA,NA
GT,7036,-0.40980573134745957,-0.0029492199344590495,NA,NA
GT,7037,-0.4144670634111266,-0.027169056727212215,NA,NA
GT,7038,-0.4341283867051525,-0.029337813212342443,NA,NA
GT,7039,-0.4467790425761443,-0.027037214131685604,NA,NA
GT,7131,1.8718933563847486,-0.2116345730636164,NA,NA
GT,7132,3.021062100698559,-0.3475642436996264,NA,NA
GT,7133,1.9612890583400533,-0.20663759965144674,NA,NA
GT,7134,1.4081367113613987,-0.13990638796029026,NA,NA
GT,7137,2.838611483283436,-0.3727784571932346,NA,NA
GT,7138,1.4235147262387513,-0.15336432535754113,NA,NA
GT,7139,2.373143802082876,-0.28267527084974164,NA,NA
GT,7140,2.2783950086483147,-0.29541483129203583,NA,NA
GT,7141,1.921125113851373,-0.22663558107648168,NA,NA
GT,7142,1.5313554762896568,-0.19531976487907082,NA,NA
GT,7143,1.731274780745986,-0.20611351820899068,NA,NA
GT,7144,1.3449594585076396,-0.1715085309135462,NA,NA
GT,7145,0.7979436311351228,-0.11415337341475278,NA,NA
GT,7177,-0.25595209814437864,0.00994670980441415,NA,NA
GT,7178,-0.2578057786983747,-0.024806252964958617,NA,NA
GT,7179,-0.27970919722040366,-0.004154001314501967,NA,NA
GT,7180,-0.3135853111997825,-0.026023305857202795,NA,NA
GT,7181,-0.3332656353331051,-0.031876089886996015,NA,NA
GT,7182,-0.3571460653871561,-0.03313033136509398,NA,NA
GT,7183,-0.3208373808651228,0.07373639705184883,NA,NA
GT,7184,-0.3345808016977752,-0.016703085949466068,NA,NA
GT,7185,-0.375214059032971,-0.023647544829072612,NA,NA
GT,7186,-0.4018905018729257,-0.024834717419264553,NA,NA
GT,7187,-0.4157994113846346,-0.007012795949788555,NA,NA
GT,7188,-0.42715115838420287,0.0013352395564492242,NA,NA
GT,7189,-0.4375636977060478,-0.008066491511102563,NA,NA
GT,7297,-0.2770940986305747,-0.03688212510483528,NA,NA
GT,7305,-0.3835399475592512,-0.02698603357079579,NA,NA
GT,7306,-0.3937684402271405,-0.024093461287481587,NA,NA
GT,7307,-0.41773604758327315,-0.02878242050160648,NA,NA
GT,7308,-0.4336339437200663,-0.030889745960264146,NA,NA
GT,7452,0.14405696550119595,-0.18102292562514227,NA,NA
GT,7453,0.20870069552139997,-0.1992064912307263,NA,NA
GT,7454,0.1393457102244331,-0.1859036655459951,NA,NA
GT,7455,0.22487977955540378,-0.20700343169856628,NA,NA
GT,7456,0.24082131232830326,-0.21269961294315934,NA,NA
GT,7457,0.036237824439152334,-0.17257647729027248,NA,NA
GT,7458,0.10541121292944766,-0.18936268699714642,NA,NA
GT,7459,-0.005994788944375415,-0.1695267275050557,NA,NA
GT,7461,-0.059362617274658504,-0.16080804651351138,NA,NA
GT,7462,-0.06638182075284584,-0.16114837845585744,NA,NA
GT,7543,0.6185764240891385,-0.009230345307751305,NA,NA
GT,7547,0.34775117229938046,0.13566515264412682,NA,NA
GT,7549,0.2466823656161873,0.006816255739415712,NA,NA
GT,7550,0.1254306427912418,0.014638812845823015,NA,NA
GT,7551,0.19199576735885532,0.4618882107404083,NA,NA
GT,7552,0.19722424173559117,0.09709462849064657,NA,NA
GT,7554,0.09065465753222232,0.06327710498113139,NA,NA
GT,7555,0.043405359294826223,0.44687459482419184,NA,NA
GT,7556,0.016936718988777747,0.19211281516438672,NA,NA
GT,7557,-0.009203436952416601,0.0684952720007608,NA,NA
GT,7586,-0.1345469353414769,-0.11641616929022122,NA,NA
GT,7587,-0.17553458666449573,-0.10800623533619315,NA,NA
GT,7588,-0.16630732756814537,-0.11159326073486643,NA,NA
GT,7589,-0.22211096776690764,-0.10681262406374657,NA,NA
GT,7590,-0.18723224900395646,-0.11032234934113994,NA,NA
GT,7591,-0.22713271586283362,-0.10729426556170595,NA,NA
GT,7592,-0.22872008193557744,-0.10709206028004,NA,NA
GT,7593,-0.25693558669011674,-0.10350633846854176,NA,NA
GT,7594,-0.28424848266810765,-0.1019527874975515,NA,NA
GT,7595,-0.26635519177104483,-0.1008295400972174,NA,NA
GT,7596,-0.31276562981555617,-0.09856679193714783,NA,NA
GT,7597,-0.3092135078800715,-0.08807664054475828,NA,NA
GT,7598,-0.3373663673785855,-0.096997291991752,NA,NA
GT,7599,-0.3476542536005697,-0.09595766899309077,NA,NA
GT,7864,-0.0818877739349007,0.24075299044288903,NA,NA
GT,7865,-0.20289597295597098,0.006988806579050206,NA,NA
GT,7866,-0.3953008872747553,0.16278289114377323,NA,NA
GT,7867,-0.42822756587474886,0.11659037488482388,NA,NA
GT,7868,-0.45098887316429853,0.10486153052095007,NA,NA
GT,7938,-0.5205090131622427,0.5394390305167308,NA,NA
GT,7939,-0.5594531962227969,0.558482655203393,NA,NA
GT,7940,-0.5785707320562568,0.4934801079881279,NA,NA
GT,7941,-0.6246905479358484,0.5287339776820755,NA,NA
GT,7942,-0.6575950397710574,0.5423044988580927,NA,NA
GT,7943,-0.6894577135498497,0.5176024909620586,NA,NA
GT,7944,-0.7081497847060828,0.5391319585928354,NA,NA
GT,7945,-0.7545672992171836,0.5677847173896351,NA,NA
GT,7946,-0.8038156474794719,0.5918567728291133,NA,NA
GT,7947,-0.8411870550411112,0.6241199225473975,NA,NA
GT,7948,-0.8775301931671612,0.6782962513280568,NA,NA
GT,7949,-0.9303158654627929,0.6532854287079767,NA,NA
GT,7950,-0.963454124635173,0.6611558197942282,NA,NA
GT,7998,-0.4349575662362322,-0.026138351470626167,NA,NA
GT,7999,-0.4415015145949214,-0.02390487955913395,NA,NA
GT,8000,-0.4481951100793806,-0.022840614579467466,NA,NA
GT,8001,-0.4539996680262628,-0.01917026392668929,NA,NA
GT,8002,-0.45952301767248543,-0.017354729945646453,NA,NA
GT,8003,-0.4666156260874769,-0.018492658502919205,NA,NA
GT,8004,-0.47077023946160934,-0.00766550973755012,NA,NA
GT,8005,-0.4788316115828859,-0.01473618183943227,NA,NA
GT,8006,-0.48593531482129626,-0.010494265677031276,NA,NA
GT,8007,-0.49203950536939295,-0.011262557606690727,NA,NA
GT,8008,-0.4954896623444261,-0.010998436560621348,NA,NA
GT,8009,-0.5034141525620122,-0.006714228236899273,NA,NA
GT,8010,-0.5092624579194374,-0.006554330269030624,NA,NA
GT,8011,-0.43551022136836265,-0.026789958651332792,NA,NA
GT,8012,-0.41016064446106354,-0.10345940755904436,NA,NA
GT,8013,-0.4475267746635839,-0.019864035058443148,NA,NA
GT,8014,-0.45481925402055706,-0.020591663725451893,NA,NA
GT,8015,-0.45856966745590905,-0.01296861990777425,NA,NA
GT,8016,-0.4666825373743818,-0.017501361970504004,NA,NA
GT,8017,-0.472224388712823,-0.012171903626062436,NA,NA
GT,8018,-0.47932945388865705,-0.015511138160684685,NA,NA
GT,8019,-0.48637261281922767,-0.0110810791088359,NA,NA
GT,8020,-0.4923496775193551,-0.011312750162512335,NA,NA
GT,8021,-0.4957796413761734,-0.011063358126346505,NA,NA
GT,8022,-0.5027909394601665,0.0010068942704465381,NA,NA
GT,8023,-0.5095530126222337,-0.006839752721310495,NA,NA
GT,8024,-0.43542149789176543,-0.02602851557765267,NA,NA
GT,8025,-0.4418583734929975,-0.023483613890313313,NA,NA
GT,8026,-0.4485694164510605,-0.022380975594490014,NA,NA
GT,8027,-0.454677588942032,-0.019664516075676697,NA,NA
GT,8028,-0.45946276631505406,-0.015407073625727928,NA,NA
GT,8029,-0.46708488493690337,-0.018325565273479755,NA,NA
GT,8030,-0.4730487576657014,-0.014751655249135198,NA,NA
GT,8031,-0.47950718815738935,-0.01541106269643544,NA,NA
GT,8032,-0.4863401667915173,-0.009831233899684322,NA,NA
GT,8033,-0.4923424341425413,-0.009977652231983776,NA,NA
GT,8034,-0.49595022802701644,-0.01065673347409344,NA,NA
GT,8035,-0.5030892750731352,7.006361133502772e-4,NA,NA
GT,8036,-0.5096874165965541,-0.005240798882207625,NA,NA
GT,8104,0.0971401078309778,0.2406036476437997,NA,NA
GT,8105,0.11528592307365436,0.27706608943686406,NA,NA
GT,8106,0.2627548521935776,0.16148841408130754,NA,NA
GT,8107,0.0181651445890243,0.16548855061965256,NA,NA
GT,8108,-0.004615446110012341,0.02452873873009377,NA,NA
GT,8109,-0.02518322172181196,0.04022499718272992,NA,NA
GT,8110,-0.17092584795138108,0.5780603428464389,NA,NA
GT,8112,-0.07683921234755169,0.12177336953837796,NA,NA
GT,8113,-0.24068104984738584,0.19244032589403384,NA,NA
GT,8114,-0.2641504464462779,0.45622540864351696,NA,NA
GT,8115,-0.25275624955691633,0.039512749268028474,NA,NA
GT,8116,-0.24255837175347233,0.062483339313178204,NA,NA
GT,8118,0.036393699115783884,-0.1380109813115243,NA,NA
GT,8119,-0.07321272584099581,-0.12329604290424141,NA,NA
GT,8120,-0.18092067593049765,-0.11134206817395402,NA,NA
GT,8121,-0.2018768105315276,-0.1111067530879543,NA,NA
GT,8123,-0.16319723456392912,-0.11669548393393138,NA,NA
GT,8124,-0.19591453584885857,-0.108723342284647,NA,NA
GT,8126,-0.18705473449017554,-0.11424125804846445,NA,NA
GT,8127,-0.23777915553006024,-0.10885974303843518,NA,NA
GT,8128,-0.17229303552637534,-0.11350441438548382,NA,NA
GT,8129,-0.13620157982059253,-0.11595223132686565,NA,NA
GT,8130,-0.18829030412586586,-0.11064234203536202,NA,NA
GT,8131,-0.15534249455242874,-0.11025962078226528,NA,NA
GT,8144,-0.4085882528785845,-0.1153706755655413,NA,NA
GT,8147,-0.4131507486306714,-0.1147055098866753,NA,NA
GT,8148,-0.4092799823329524,-0.11422588599339263,NA,NA
GT,8149,-0.41810189058122527,-0.11428330634662506,NA,NA
GT,8151,-0.26716101548325,-0.09085750181483092,NA,NA
GT,8152,-0.2746174530064207,-0.09391218836981403,NA,NA
GT,8153,-0.22602322641071881,-0.09676655658710089,NA,NA
GT,8154,-0.2770590322794999,-0.09434967334850444,NA,NA
GT,8155,-0.2625381971343778,-0.08759916493992426,NA,NA
GT,8156,-0.30868586061502684,-0.08569966214580987,NA,NA
GT,8157,-0.3252229453844523,-0.08791275590043925,NA,NA
GT,8158,-0.32662969189512775,-0.09168747621872941,NA,NA
GT,8159,-0.3225990314083552,-0.08929545136393713,NA,NA
GT,8160,-0.3488213476292806,-0.08081253016023023,NA,NA
GT,8161,-0.3556851963400731,-0.08896358125411986,NA,NA
GT,8162,-0.3805547008147087,-0.09065594330013382,NA,NA
GT,8163,-0.38651107814676205,-0.08923870758461645,NA,NA
GT,8164,0.11625490797858357,0.6305073114117018,NA,NA
GT,8165,0.23616220145571412,0.9617111161272671,NA,NA
GT,8166,0.15500994899806328,0.9079079929145126,NA,NA
GT,8167,-0.054617124597986615,0.5662233589920816,NA,NA
GT,8168,-0.023026463671996282,0.7286320829397919,NA,NA
GT,8169,-0.15127554811338584,0.5266412644157138,NA,NA
GT,8170,-0.12972421269468626,0.6870208998503179,NA,NA
GT,8171,-0.20611212913938776,0.598826074228546,NA,NA
GT,8172,-0.27138175025201167,0.5321321287248122,NA,NA
GT,8173,-0.3369975723914777,0.44134208336431474,NA,NA
GT,8174,-0.35594977798412236,0.5094429298489328,NA,NA
GT,8179,-0.23427486858498756,0.17255551833282856,NA,NA
GT,8180,-0.24049251416492182,0.18106588245626834,NA,NA
GT,8181,-0.3364217190567524,0.01611867917264117,NA,NA
GT,8182,-0.35927554472965445,-0.016225855645415337,NA,NA
GT,8183,-0.37419718369958055,-0.027991435530239663,NA,NA
GT,8186,-0.3966089352566377,-0.015379922103026192,NA,NA
GT,8190,-0.42963660589671837,0.003035931988225201,NA,NA
GT,8192,-0.4474311821306532,0.008228518994895122,NA,NA
GT,8194,0.2895618187699942,-0.001330648738954539,NA,NA
GT,8195,0.4861236940810893,0.00492369688918941,NA,NA
GT,8196,0.3619925766117932,0.008422552238668168,NA,NA
GT,8197,0.2677017131374808,0.035306695994501085,NA,NA
GT,8198,0.25671516787162374,0.018954860560703207,NA,NA
GT,8200,-0.017114287552349654,0.05835821634314668,NA,NA
GT,8201,-0.0706006008598981,-0.028220639949345313,NA,NA
GT,8202,-0.0874713463863178,-0.028932202959756546,NA,NA
GT,8203,0.01613303956873073,-0.00570408730460877,NA,NA
GT,8204,-0.04126907215935755,0.0042777380233960825,NA,NA
GT,8205,-0.12933916604516968,0.04365808472364285,NA,NA
GT,8206,0.02203501767105549,0.02075286338509917,NA,NA
GT,8208,-0.16746995706350973,0.027187882741485484,NA,NA
GT,8209,0.26414729810683746,-0.05569534088000739,NA,NA
GT,8210,0.4376221402313262,-0.08786280363958825,NA,NA
GT,8211,0.09886883663711525,-0.05715421368918607,NA,NA
GT,8212,-0.004861297814089904,-0.020630657599700564,NA,NA
GT,8213,0.04590993159443039,-0.04928510707063696,NA,NA
GT,8214,-0.0497619562444137,-0.0386676040291157,NA,NA
GT,8215,0.05910018660800352,-0.05022821125178403,NA,NA
GT,8216,-0.03805897515579186,-0.05308463223817578,NA,NA
GT,8217,-0.05997061490257039,-0.006704563261212978,NA,NA
GT,8218,-0.02262514730573982,-0.048461880025550665,NA,NA
GT,8219,-0.05598574932664705,-0.04900089134119484,NA,NA
GT,8220,-0.11600796606614329,-0.041412481897051545,NA,NA
GT,8221,-0.06732646285324824,-0.0059355887706995,NA,NA
GT,8222,-0.1932022876215738,0.07537187873226965,NA,NA
GT,8223,-0.2223425941382616,-0.03911333027886087,NA,NA
GT,8224,0.09477162369973542,-0.08074888797482027,NA,NA
GT,8225,-0.003559395639475644,-0.04123769569351022,NA,NA
GT,8226,-0.10609875974115957,-0.07245162093036171,NA,NA
GT,8227,-0.09369757714885377,-0.06960644456301264,NA,NA
GT,8228,-0.09898470757855592,-0.0621909234303318,NA,NA
GT,8229,-0.0823901291394527,-0.06189998234796051,NA,NA
GT,8230,-0.12636879827581807,-0.05751314425351785,NA,NA
GT,8231,-0.17169647565648335,-0.05482724716503794,NA,NA
GT,8232,-0.18202574184969372,-0.058620568284471035,NA,NA
GT,8233,-0.1966251702095634,-0.058244950596164156,NA,NA
GT,8234,-0.21521151464875357,-0.05722063175067317,NA,NA
GT,8235,-0.17354622103265996,-0.051091251799006684,NA,NA
GT,8236,-0.2698739861004719,0.06370257397417647,NA,NA
GT,8237,-0.27956159373066747,-0.05145868028910401,NA,NA
GT,8253,0.22165154360072645,0.05769468287657598,NA,NA
GT,8254,0.12503974387038772,0.14858701789263387,NA,NA
GT,8255,0.4462408050068141,-0.0011709257287587814,NA,NA
GT,8256,0.08073928370697099,-0.028229220344205892,NA,NA
GT,8257,0.1325222090406803,0.04510008418857808,NA,NA
GT,8258,-0.13755236135302584,0.32244747131558543,NA,NA
GT,8259,-0.021186188787862183,0.15938855800231666,NA,NA
GT,8260,-0.25759193357592985,0.3572365429129456,NA,NA
GT,8261,-0.15705636404156145,0.18810273644434655,NA,NA
GT,8262,-0.2501987936895582,0.4729917958524974,NA,NA
GT,8263,-0.2601938448934694,0.02156936887020655,NA,NA
GT,8264,-0.26482894221173464,0.03234388490611185,NA,NA
GT,8292,0.4839367708274374,-0.1612932823939688,NA,NA
GT,8293,0.7033305916232432,0.12552209335129053,NA,NA
GT,8294,0.29534763089220556,-0.009894912680433257,NA,NA
GT,8295,3.0924978202678295e-4,-0.015867559131021038,NA,NA
GT,8296,0.061378451523573706,-0.09034285919070581,NA,NA
GT,8297,-0.03062065796031468,-0.09387489052511683,NA,NA
GT,8298,0.05755337610580627,-0.10466428287659396,NA,NA
GT,8299,-0.08330461818901798,-0.08676865997118864,NA,NA
GT,8300,-0.12821649252349415,-0.07299389368326151,NA,NA
GT,8301,-0.022537079567260563,0.016132664120225685,NA,NA
GT,8302,-0.11812324402586767,-0.08421914689623194,NA,NA
GT,8303,-0.14616019303105887,-0.08895450169575607,NA,NA
GT,8304,-0.11387077546266217,-0.08172036460755215,NA,NA
GT,8305,-0.15458699032575413,-0.04712277090565366,NA,NA
GT,8306,-0.1700599112578285,-0.07647289879866292,NA,NA
GT,8307,0.17313153070542442,-0.08751572136935094,NA,NA
GT,8308,0.2654289660489896,-0.053642418613862354,NA,NA
GT,8309,0.06396490249918245,-0.07695759362623548,NA,NA
GT,8310,0.005835975864871174,-0.07452265360335697,NA,NA
GT,8311,0.00572191176983596,-0.06986894602331493,NA,NA
GT,8312,-0.0734408164845174,-0.06646195133542677,NA,NA
GT,8313,0.16428912157288472,-0.07822510733115359,NA,NA
GT,8314,-0.05656060390189601,-0.06146595020111114,NA,NA
GT,8315,-0.11836692148505473,-0.05089803193771833,NA,NA
GT,8316,0.05753853864090738,-0.05928177873457135,NA,NA
GT,8317,0.06340300494724309,-0.05693966734965817,NA,NA
GT,8318,-0.06082275571607759,-0.05233111121149349,NA,NA
GT,8319,-0.1264906507864633,-0.026350696225140646,NA,NA
GT,8320,-0.17444450172917775,-0.0055632018993298765,NA,NA
GT,8321,-0.23012478518297494,-0.04818570445725818,NA,NA
GT,8322,2.3017251027153245,0.8476241656866996,NA,NA
GT,8323,2.3974988141306244,0.407861179661253,NA,NA
GT,8324,1.9185225994485404,0.6298508356769077,NA,NA
GT,8325,1.3752345153172605,0.30301544038187933,NA,NA
GT,8326,1.563505377855777,0.1727768934956631,NA,NA
GT,8327,1.717030361802576,0.7758592292128809,NA,NA
GT,8328,1.191376834487102,0.1730534934432218,NA,NA
GT,8329,1.2381566407545115,0.18755112777280494,NA,NA
GT,8330,1.1882282831636408,1.8804377925240865,NA,NA
GT,8331,0.9088601918713514,0.8383060516046921,NA,NA
GT,8332,0.8540928658351934,1.0413148179340552,NA,NA
GT,8333,0.575014036406527,0.20958302392655434,NA,NA
GT,8334,0.6798450032874136,2.441999913411454,NA,NA
GT,8335,0.46954214514103465,0.2717058974232271,NA,NA
GT,8336,0.2791666768641479,0.18171453043357053,NA,NA
GT,8337,-0.29841971448178234,-0.10391249510556273,NA,NA
GT,8338,-0.3123125315698503,-0.10793151646987581,NA,NA
GT,8339,-0.3156520904246485,-0.09925356819157459,NA,NA
GT,8340,-0.31914998033651787,-0.1088806216594798,NA,NA
GT,8341,-0.2996320757744349,-0.11090048728911647,NA,NA
GT,8342,-0.3233108583575697,-0.10856360010470965,NA,NA
GT,8343,-0.33642208662329637,-0.10789882830843592,NA,NA
GT,8344,-0.3530980928705254,-0.09609802396805191,NA,NA
GT,8345,-0.3377753433764273,-0.04473682627001359,NA,NA
GT,8346,-0.3423689790234958,-0.1056572247679231,NA,NA
GT,8348,-0.3410558674919329,-0.10347698926166789,NA,NA
GT,8349,-0.36844572017268257,-0.10300742953535715,NA,NA
GT,8350,-0.29036745098035777,-0.09464304740302489,NA,NA
GT,8351,-0.31522596071771636,-0.09660774903522812,NA,NA
GT,8372,-0.1294077998269173,-0.10995296680169547,NA,NA
GT,8373,-0.1869564718882013,-0.0780908540536785,NA,NA
GT,8374,-0.22140939908440224,-0.04501593203597989,NA,NA
GT,8375,-0.254778755489244,-0.028969782110541617,NA,NA
GT,8376,-0.2826268696207444,-0.0633081980228423,NA,NA
GT,8377,-0.2971273229456635,-0.07669987367905101,NA,NA
GT,8378,-0.3096533355524331,-0.07766368581383071,NA,NA
GT,8379,-0.31130717029262817,-0.04169336662047617,NA,NA
GT,8380,-0.3233163389535484,0.0795844373613714,NA,NA
GT,8381,-0.3233120301945831,-0.08645926553311899,NA,NA
GT,8382,-0.3149350283094312,-0.0856359501938276,NA,NA
GT,8383,-0.31460660267194007,-0.02109105271498962,NA,NA
GT,8384,-0.3355163648618258,-0.06165590358926472,NA,NA
GT,8385,-0.3518274269075391,-0.08772786129381743,NA,NA
GT,8393,-0.17325968574366665,-0.14046729140979058,NA,NA
GT,8394,-0.1346294853805509,-0.14506535551801253,NA,NA
GT,8395,-0.15571505532721439,-0.14202987045376325,NA,NA
GT,8396,-0.28199171344965307,-0.12692462221858977,NA,NA
GT,8397,-0.3125036690554515,-0.1327337298019658,NA,NA
GT,8398,-0.23922888640284956,-0.14409577380345456,NA,NA
GT,8400,-0.3271482962351975,-0.13080029577357194,NA,NA
GT,8401,-0.3666139323039142,-0.12508222001400632,NA,NA
GT,8402,-0.3820412254048343,-0.1232949641868776,NA,NA
GT,8403,-0.372166114670259,-0.12489140123635965,NA,NA
GT,8404,-0.3915218246922911,-0.12248881208319108,NA,NA
GT,8405,-0.3993205051816032,-0.1214936147238,NA,NA
GT,8406,-0.4012554343060161,-0.12132735510103317,NA,NA
GT,8407,-0.40048995378151914,-0.12157946611091604,NA,NA
GT,8408,-0.3937748591747073,-0.12208213210006662,NA,NA
GT,8409,-0.3655169944333658,-0.1243951003291872,NA,NA
GT,8410,1.049576668626026,-0.0029859182151841415,NA,NA
GT,8411,1.4689122392250455,0.2103915596735628,NA,NA
GT,8412,0.8589822915821792,0.05085786834833364,NA,NA
GT,8414,1.8447090885066442,0.08175136028454492,NA,NA
GT,8415,1.1222740766103398,-0.004213901237540969,NA,NA
GT,8416,1.0511707000546315,0.4748446187033053,NA,NA
GT,8417,1.2960543814798027,-0.15436201549062686,NA,NA
GT,8418,0.5014320394739457,0.12777506861136614,NA,NA
GT,8419,0.9659160988355598,0.76379165777093,NA,NA
GT,8420,0.3711510183301113,0.06568920587100686,NA,NA
GT,8421,0.3148044555286511,0.0210565724273344,NA,NA
GT,8438,0.06856838104929085,-0.12491155641062596,NA,NA
GT,8444,0.1113521569751858,-0.11731634259850755,NA,NA
GT,8445,0.0682271051518273,-0.11366342883120037,NA,NA
GT,8446,0.18470418573797376,-0.12188581383306986,NA,NA
GT,8447,0.015152959361966754,-0.10899873948855851,NA,NA
GT,8448,0.09813067868729768,-0.11177136246113176,NA,NA
GT,8449,-0.09886011642742379,-0.09759073291785668,NA,NA
GT,8450,-0.013592867828972758,-0.09976553545908821,NA,NA
GT,8451,-0.050197478062484445,-0.14660076063805114,NA,NA
GT,8452,-0.011283530584536551,-0.15089262693529623,NA,NA
GT,8453,-0.15634025955775604,-0.1264608570242671,NA,NA
GT,8454,-0.19989775423177703,-0.11992194138123939,NA,NA
GT,8455,-0.15313325967835498,-0.12826532791136214,NA,NA
GT,8456,-0.21338979418467185,-0.12299990540793987,NA,NA
GT,8457,-0.13779397049386236,-0.13526937119723917,NA,NA
GT,8458,-0.16385885498771957,-0.1270237684980612,NA,NA
GT,8459,-0.22270745277178358,-0.1224308245591713,NA,NA
GT,8460,-0.0011659336925258783,-0.1366316206955801,NA,NA
GT,8461,-0.07260850277486601,-0.13261074208959925,NA,NA
GT,8462,-0.03221808728775687,-0.13551708730211018,NA,NA
GT,8463,0.09476346052403073,-0.14509371175160626,NA,NA
GT,8464,-0.03293606102975642,-0.1337455904903831,NA,NA
GT,8465,-0.04716624735727249,-0.12964360364434332,NA,NA
GT,8481,-0.28781465174318716,-0.12623133828003655,NA,NA
GT,8482,-0.2299423668459008,-0.13528123344432277,NA,NA
GT,8483,-0.2604435451526377,-0.12947361391381004,NA,NA
GT,8484,-0.35246299915002954,-0.11705692120424117,NA,NA
GT,8485,-0.3324434667297612,-0.10066157706618353,NA,NA
GT,8486,-0.3507849691935743,-0.11731802130923091,NA,NA
GT,8487,-0.31698517500107554,-0.1220670454078243,NA,NA
GT,8488,-0.3439001877033507,-0.11807267442017043,NA,NA
GT,8489,-0.3230425664915774,-0.12219380529962315,NA,NA
GT,8490,-0.29026745691385913,-0.12626044128904018,NA,NA
GT,8491,-0.3102515685481257,-0.12434194991015861,NA,NA
GT,8492,-0.30774562767594726,-0.12416374961576272,NA,NA
GT,8493,-0.20455822819679179,-0.1350144565543318,NA,NA
GT,8494,-0.30525454161596494,-0.12353256603149428,NA,NA
GT,8495,-0.3121267796673796,-0.12171951288450508,NA,NA
GT,8507,2.225422014586683,-0.3135500162334597,NA,NA
GT,8508,1.84323473545902,-0.25521610263622807,NA,NA
GT,8509,1.3252205496732026,-0.1919939205291896,NA,NA
GT,8510,1.1601959399779136,-0.17960232965252582,NA,NA
GT,8511,2.2805527824173892,-0.34102057959410265,NA,NA
GT,8512,2.232896728645647,-0.3412576173826382,NA,NA
GT,8513,1.289524971327835,-0.19700058178653995,NA,NA
GT,8515,2.2539839808727935,-0.34831641783453243,NA,NA
GT,8516,0.6516728330382415,-0.0924121939443333,NA,NA
GT,8517,0.47774148403821565,-0.15630502345004546,NA,NA
GT,8518,0.6383251780044049,-0.18202817735191504,NA,NA
GT,8519,1.1268845085589128,0.27402762505014033,NA,NA
GT,8520,1.5296087080892447,-0.18031417605749625,NA,NA
GT,8521,1.081835187439561,-0.17931179379685672,NA,NA
GT,8522,0.845567336438474,-0.14190954805438322,NA,NA
GT,8523,0.9984225788307437,-0.012723503739535121,NA,NA
GT,8524,1.07030670495518,-0.23067038416685362,NA,NA
GT,8525,0.6586995804211057,-0.19340412826902414,NA,NA
GT,8526,1.5390678946685927,-0.14316534225743913,NA,NA
GT,8527,0.5407234224320636,-0.06387555890588284,NA,NA
GT,8528,0.342884547057646,-0.12430041328143508,NA,NA
GT,8529,0.4099377110529679,-0.13338792338384237,NA,NA
GT,8530,0.6836641095529928,0.441828684664479,NA,NA
GT,8531,0.9442251689080251,-0.038954086657985464,NA,NA
GT,8532,0.7573723793987537,-7.562321039896813e-4,NA,NA
GT,8533,0.4824868532095924,-0.016709269937222167,NA,NA
GT,8534,1.0392305411148248,0.036663076921722236,NA,NA
GT,8535,0.7775404522707859,-0.14807729106354486,NA,NA
GT,8536,0.37768774235904173,-0.1306058603887536,NA,NA
GT,8537,1.116101929505854,0.05722531028145147,NA,NA
GT,8538,1.2618226980945795,-0.06421472195496716,NA,NA
GT,8539,1.3812755188731656,0.23116607256464014,NA,NA
GT,8540,1.9016866343027234,0.18281692479787273,NA,NA
GT,8542,1.085155323248187,-0.12976116571087326,NA,NA
GT,8543,1.61848461283722,-0.1879170317969552,NA,NA
GT,8544,1.2649760151765743,0.2466434702053106,NA,NA
GT,8545,1.9157200437255464,-0.07883800376788633,NA,NA
GT,8546,1.318159396183795,-0.08671911667791143,NA,NA
GT,8547,0.9255308581029232,-0.016001017343206008,NA,NA
GT,8548,1.5512620729217672,0.19481739580802504,NA,NA
GT,8549,0.4203265104677728,-0.013790724296890796,NA,NA
GT,8550,0.7866581072109365,-0.060151908823408734,NA,NA
GT,8551,0.5015291745442682,-0.09558518442921098,NA,NA
GT,8554,3.883617955443153,-0.08377021555164911,NA,NA
GT,8555,1.9483463025371963,-0.2785962475121124,NA,NA
GT,8556,2.3095388056691784,-0.36150471689956876,NA,NA
GT,8557,2.6258434288687194,-0.19357392226029202,NA,NA
GT,8558,2.518632436551197,0.35592669087948114,NA,NA
GT,8559,1.5429712115486942,0.05067201186687398,NA,NA
GT,8560,1.9509307164866676,-0.16973469069457847,NA,NA
GT,8561,1.4517644823208962,0.14710858226830253,NA,NA
GT,8562,1.6034504791052864,0.12375966622265759,NA,NA
GT,8563,1.338237315290861,-0.1135004301658846,NA,NA
GT,8564,1.7986997850328434,-0.19832353646684994,NA,NA
GT,8565,-0.03137767168441154,-0.006765425911394359,NA,NA
GT,8566,-0.05082431223699379,-0.0060168717501468865,NA,NA
GT,8567,-0.1252648247611854,-0.006577655041470084,NA,NA
GT,8568,-0.17046088561087344,-0.012467055389833568,NA,NA
GT,8569,-0.17503197230568732,-0.014872576523532743,NA,NA
GT,8570,-0.17806721005314247,-0.012067604521060092,NA,NA
GT,8571,-0.18958868955708277,-0.006459839965425853,NA,NA
GT,8572,-0.2640824861989414,-0.014878797917803234,NA,NA
GT,8575,0.508674901041914,-0.18994273408289297,NA,NA
GT,8576,0.1065021163830081,-0.13901936898263711,NA,NA
GT,8577,0.15055159475792906,-0.14679157131240902,NA,NA
GT,8578,0.08415818954192966,-0.13955454350683924,NA,NA
GT,8579,0.049831823562864315,-0.13675160532632982,NA,NA
GT,8580,0.10991018747316858,-0.14712756174931438,NA,NA
GT,8581,0.03055166897233796,-0.1396167011105987,NA,NA
GT,8582,-0.028191252323326175,-0.1352691096655571,NA,NA
GT,8601,-0.2897872501728459,-0.12811917956042934,NA,NA
GT,8602,-0.3090126226547581,-0.1250770417983201,NA,NA
GT,8603,-0.33438437778756935,-0.12136351053836435,NA,NA
GT,8604,-0.3378261333680185,-0.1207853116195051,NA,NA
GT,8605,-0.34536897444390696,-0.12067951802168934,NA,NA
GT,8606,-0.32771827413250376,-0.12259146230459766,NA,NA
GT,8607,-0.3346099676280026,-0.12331585739418727,NA,NA
GT,8608,-0.36151439499682025,-0.11943081277708871,NA,NA
GT,8609,-0.34462426944232594,-0.12284943854538628,NA,NA
GT,8610,-0.3647741759922357,-0.11992514675184869,NA,NA
GT,8611,-0.3730508341004942,-0.11892704945675912,NA,NA
GT,8612,-0.38062043825937547,-0.11856432006824229,NA,NA
GT,8613,-0.3516599401009181,-0.12051203506664598,NA,NA
GT,8614,-0.3492057948818485,-0.12171215824348369,NA,NA
GT,8615,-0.3616954246408567,-0.11983686498979147,NA,NA
GT,8616,0.42033839232785064,-0.17180379417071154,NA,NA
GT,8617,0.30490856154575124,-0.1514096823259513,NA,NA
GT,8618,0.20441363616574632,-0.13914610644238104,NA,NA
GT,8619,0.08338788399541312,-0.12154663296641641,NA,NA
GT,8620,0.15683680798648128,-0.13409139969688946,NA,NA
GT,8621,0.07705270121166026,-0.12206800356952961,NA,NA
GT,8622,0.05801619542362687,-0.12452115465517506,NA,NA
GT,8623,-0.053048745113997015,-0.11260350243747663,NA,NA
GT,8624,-0.05403125965456079,-0.11384432621939286,NA,NA
GT,8625,-0.08017074911701039,-0.11286433759033077,NA,NA
GT,8626,-0.1432558150963738,-0.1062689291150067,NA,NA
GT,8627,-0.17405597938756245,-0.10503226004056496,NA,NA
GT,8628,-0.08666986991972402,-0.10411489093805384,NA,NA
GT,8629,0.002499879778962155,-0.11397072951804738,NA,NA
GT,8630,-0.09450808502876354,-0.1032822924173705,NA,NA
GT,8646,-0.2760870979378598,-0.13372876373498555,NA,NA
GT,8647,-0.21244047094751828,-0.14810210006195468,NA,NA
GT,8648,-0.23652919170587092,-0.14272689072255904,NA,NA
GT,8649,-0.30636121212495765,-0.1287742687471556,NA,NA
GT,8650,-0.265430524169858,-0.14015192711049143,NA,NA
GT,8651,-0.30611654134766636,-0.13350909471992628,NA,NA
GT,8652,-0.2624172390592961,-0.1418012649443895,NA,NA
GT,8653,-0.293369000976169,-0.1362182093822665,NA,NA
GT,8654,-0.3062527228015463,-0.1342567737147017,NA,NA
GT,8655,-0.36314183306874315,-0.1257585129667886,NA,NA
GT,8656,-0.3270198136461686,-0.13130763428584538,NA,NA
GT,8657,-0.34281710750776123,-0.12907148490196635,NA,NA
GT,8658,-0.2980544537077156,-0.13518499623281477,NA,NA
GT,8659,-0.3326047439686659,-0.13015576703926451,NA,NA
GT,8660,-0.34372461809371135,-0.12817732480824018,NA,NA
GT,8661,-0.2528152040514819,-0.12982930381065247,NA,NA
GT,8662,-0.22665351079644439,-0.13456344514129434,NA,NA
GT,8664,0.25082950701350837,-0.19018416315181558,NA,NA
GT,8665,0.1561768645702935,-0.17477309291774942,NA,NA
GT,8666,0.05266953179651987,-0.15786087136154825,NA,NA
GT,8667,-0.0038239547568102257,-0.1485413440927831,NA,NA
GT,8668,0.23926127042084425,-0.19667432171140678,NA,NA
GT,8669,-0.09559745908071766,-0.13843886322404578,NA,NA
GT,8670,0.24392343007783365,-0.20136716209843472,NA,NA
GT,8671,0.10198675397870287,-0.17643390751982768,NA,NA
GT,8672,-0.13797154277530396,-0.1350547419599136,NA,NA
GT,8673,-0.08557454201886913,-0.14833392720744157,NA,NA
GT,8674,0.08436030962795762,-0.18363368947841135,NA,NA
GT,8675,0.02993675148502628,-0.17074779382940108,NA,NA
GT,8676,0.1534966096770357,-0.14123530619346492,NA,NA
GT,8677,0.38787714527919437,-0.1516179973181071,NA,NA
GT,8678,0.07739823195181683,-0.12358274680902621,NA,NA
GT,8679,0.06436748142597257,-0.11414197833351453,NA,NA
GT,8680,0.16789727132112311,-0.1301267807671647,NA,NA
GT,8681,0.07876267313473495,-0.12873330825732882,NA,NA
GT,8682,-0.006876600511060171,-0.12466786174699114,NA,NA
GT,8683,-0.136175288957758,-0.11512390208267943,NA,NA
GT,8684,-0.09579006629913465,-0.11138255785753418,NA,NA
GT,8685,-0.12299683536433911,-0.11203657788579469,NA,NA
GT,8686,-0.10437778699043178,-0.11433169172177081,NA,NA
GT,8687,-0.15868012210678975,-0.1069113030152832,NA,NA
GT,8688,-0.1379737467603851,-0.11019559219766063,NA,NA
GT,8689,-0.21502017372911758,-0.10958736677139144,NA,NA
GT,8690,-0.2938360830673749,-0.10619810567315806,NA,NA
GT,8691,-0.10730965863063571,-0.15569129660807957,NA,NA
GT,8692,-0.0974295437923807,-0.15673561302208777,NA,NA
GT,8693,-0.20919868097706104,-0.1367119134406837,NA,NA
GT,8694,-0.21197578215230475,-0.13456822822124312,NA,NA
GT,8695,-0.2339245870163589,-0.1303548744037746,NA,NA
GT,8696,-0.2955454309176212,-0.12485776551050631,NA,NA
GT,8697,-0.3161875262782001,-0.1229316591375942,NA,NA
GT,8698,-0.3433808780587761,-0.12015791847041772,NA,NA
GT,8699,-0.31968380953204856,-0.12342429770333246,NA,NA
GT,8700,-0.32586049166697134,-0.12156695287931325,NA,NA
GT,8701,-0.35127718511281414,-0.11972834521919216,NA,NA
GT,8702,-0.3708958841619939,-0.11890749149106382,NA,NA
GT,8703,-0.3861301486176646,-0.1183374315949802,NA,NA
GT,8706,0.10449787833285241,-0.12070955852769158,NA,NA
GT,8707,0.07528740056829204,-0.11845871717222495,NA,NA
GT,8708,0.23633982783277274,-0.13970870498677676,NA,NA
GT,8709,0.13195305787102557,-0.12790111144725821,NA,NA
GT,8710,0.007377733536833392,-0.11284999806573351,NA,NA
GT,8711,0.42215819607722604,-0.1635657439075198,NA,NA
GT,8712,0.5647599866629485,-0.18005273754924686,NA,NA
GT,8713,0.184782455785656,-0.13158310269025167,NA,NA
GT,8714,0.52455611073612185,-0.1628492870275414,NA,NA
GT,8715,0.24415974221570375,-0.13049592898522447,NA,NA
GT,8716,0.2577118902603883,-0.13368101970889376,NA,NA
GT,8717,0.9284681743174479,-0.12962092591149055,NA,NA
GT,8718,1.0651013155712223,-0.002324148103011629,NA,NA
GT,8719,0.5089226096153828,-0.10039331621970533,NA,NA
GT,8720,0.3994021204761557,-0.07467197189140094,NA,NA
GT,8721,0.6040003901272875,-0.11088556544512482,NA,NA
GT,8722,0.6424492202523017,-0.11823973161278757,NA,NA
GT,8723,0.5901933534726737,-0.017516092418586978,NA,NA
GT,8724,0.3222113369187437,-0.09250360439133706,NA,NA
GT,8726,0.4329788172208946,0.1091173899038506,NA,NA
GT,8727,0.4088507006782372,-0.08196456337572024,NA,NA
GT,8728,0.25512798924384866,0.11986067256718685,NA,NA
GT,8729,0.4620744752235294,0.2591609783752704,NA,NA
GT,8730,0.19586772180174664,-0.04951963267416013,NA,NA
GT,8731,0.13698665408043764,0.02968700634598129,NA,NA
GT,8751,0.10876713463199078,2.9086682205700423,NA,NA
GT,8752,0.1706929880282308,3.4397376102625765,NA,NA
GT,8753,-0.11469041120368424,2.727625952908056,NA,NA
GT,8754,-0.20110821625031572,2.7378163175382,NA,NA
GT,8755,-0.17031819679354857,3.2065040906366113,NA,NA
GT,8756,-0.43942956838796726,2.5311479588032446,NA,NA
GT,8757,-0.4590361779271174,2.9055115879824607,NA,NA
GT,8758,-0.45086158799400067,3.187793087154729,NA,NA
GT,8759,-1.063695693027565,3.2978101610046426,NA,NA
GT,8790,0.7209711818613725,0.12262327375806284,NA,NA
GT,8791,0.17048917451688592,0.013620433035854316,NA,NA
GT,8792,0.11824533456221623,0.03471708462098577,NA,NA
GT,8793,0.3251846589941758,-0.021285537193931725,NA,NA
GT,8794,0.22591373294941686,-0.008931635705514697,NA,NA
GT,8795,0.4824187853378603,0.03069328387399491,NA,NA
GT,8796,0.176488300443038,0.004653816869577086,NA,NA
GT,8797,-0.006945636996956281,0.02809924132630889,NA,NA
GT,8798,0.016180672060807106,0.0180332546332724,NA,NA
GT,8799,0.1650124147820431,0.033233459783637724,NA,NA
GT,8800,-0.05085247596891227,0.02898754531317695,NA,NA
GT,8801,-0.06354697249585764,0.025896203987202403,NA,NA
GT,8802,-0.15400037156876348,0.06410759650534263,NA,NA
GT,8803,-0.12281880904821507,0.049832678336031104,NA,NA
GT,8804,-0.36190896356971786,-0.0639949424420458,NA,NA
GT,8805,-0.3601216934566221,-0.06230946005943894,NA,NA
GT,8806,-0.3109888726316991,-0.04906220326210792,NA,NA
GT,8807,-0.3538758868136975,-0.04903411368775162,NA,NA
GT,8808,-0.3806030180228412,-0.05958343451817501,NA,NA
GT,8809,-0.3957024573043828,-0.06355843102389855,NA,NA
GT,8810,-0.409538091696327,-0.05935166754516955,NA,NA
GT,8811,-0.41630909011570394,-0.06390269886561853,NA,NA
GT,8812,-0.43201550503670777,-0.03882438588394712,NA,NA
GT,8813,-0.43205509738237746,-0.06321963083874768,NA,NA
GT,8814,-0.4402246299784289,-0.05703202377948711,NA,NA
GT,8815,-0.4474246450716904,-0.0629164884407887,NA,NA
GT,8816,-0.4542940772720651,-0.06065229899703112,NA,NA
GT,8889,3.2946706149430254,1.1243238817746652,NA,NA
GT,8890,3.249220445722223,2.384792329956924,NA,NA
GT,8892,1.6784094312460713,0.49532422955563526,NA,NA
GT,8895,1.1241703293784426,0.5512529928823904,NA,NA
GT,8896,1.2377858421238577,0.6121536237547479,NA,NA
GT,8897,0.7833216711993647,0.6324907202204154,NA,NA
GT,8899,0.6639210535426012,0.5359760990483312,NA,NA
GT,8900,0.5213021434299128,0.5709506099606673,NA,NA
GT,9182,0.2510593542937781,0.10845277121018734,NA,NA
GT,9183,0.2506091183142714,0.2898316920116223,NA,NA
GT,9184,0.4665352982986613,0.3387867142569171,NA,NA
GT,9185,0.23976341647714325,0.1016232981745159,NA,NA
GT,9186,0.144359122757673,-0.019686192150086462,NA,NA
GT,9187,-0.06386606846985993,-0.03193946236408121,NA,NA
GT,9188,-0.11152781813176896,0.5326812795681898,NA,NA
GT,9189,0.0167830112079637,0.1202978379953244,NA,NA
GT,9190,-0.01576930378487843,0.0840009155242477,NA,NA
GT,9191,-0.13641738239624798,0.2156220335244609,NA,NA
GT,9192,0.025237335582003802,0.3834816971549241,NA,NA
GT,9193,-0.18916424536718537,-0.009028066690554426,NA,NA
GT,9194,-0.24668212358567293,-0.005319340331709936,NA,NA
GT,9206,-0.308805253451894,-0.06689155163859178,NA,NA
GT,9207,-0.30242048912164055,-0.06067819058918267,NA,NA
GT,9208,-0.2710354948565436,-0.045779728288036066,NA,NA
GT,9209,0.062363349569182616,-0.14372239740509893,NA,NA
GT,9210,-0.034045131614733756,-0.12351846779158573,NA,NA
GT,9211,-0.14813745149155674,-0.10981918446245094,NA,NA
GT,9212,-0.2254528904267813,-0.1079262565577328,NA,NA
GT,9213,-0.16976197770666263,-0.11539155872295158,NA,NA
GT,9214,-0.20852155156901941,-0.11141572367316915,NA,NA
GT,9215,-0.1738018151210381,-0.10637547052877218,NA,NA
GT,9216,-0.22204666950167457,-0.10937074594326524,NA,NA
GT,9217,-0.24664606774845266,-0.07467710497302713,NA,NA
GT,9218,-0.2644829754428111,-0.10673340721589923,NA,NA
GT,9219,-0.19584071629096156,-0.11354032187137568,NA,NA
GT,9220,-0.16875533947678054,-0.11657895997204892,NA,NA
GT,9221,-0.053386682987611796,-0.12684993856139437,NA,NA
GT,9222,-0.21684928218285862,-0.08469768341026944,NA,NA
GT,9223,-0.24153840880543195,-0.10449643608258498,NA,NA
GT,9224,-0.29627607632174174,-0.08478258367233707,NA,NA
GT,9225,-0.22890759589002926,-0.11498877471398221,NA,NA
GT,9226,-0.19568541144397913,-0.10594614102021184,NA,NA
GT,9227,-0.26078843034444543,-0.11825936167857456,NA,NA
GT,9228,-0.11281078817813676,-0.13190266504184428,NA,NA
GT,9254,1.2415763383207319,-0.10249362466705753,NA,NA
GT,9255,1.2237545108518648,-0.09849993894432216,NA,NA
GT,9256,0.6269990520894174,-0.07126099449543985,NA,NA
GT,9257,0.7158276928153493,-0.06960891054865075,NA,NA
GT,9272,0.4340187569039695,-0.08087046114943945,NA,NA
GT,9273,0.3574635394480799,-0.06809553339716347,NA,NA
GT,9274,0.16015007734993214,-0.0643468507125761,NA,NA
GT,9275,0.3911316483169533,-0.06248032234985399,NA,NA
GT,9276,0.38145394461801807,-0.06504971524034756,NA,NA
GT,9277,0.13327235786678718,-0.05616438775920821,NA,NA
GT,9278,0.41956004934777663,-0.05587727168804201,NA,NA
GT,9279,0.11113781324372184,-0.05029700675727096,NA,NA
GT,9280,0.1324940972971071,-0.048211352259176436,NA,NA
GT,9282,1.0843143440400937,-0.042977958207070115,NA,NA
GT,9283,0.7660077916017785,-0.06406387895566266,NA,NA
GT,9284,1.5766396559161253,-0.18058652528827848,NA,NA
GT,9285,1.5420373650724628,-0.1278765012693374,NA,NA
GT,9287,1.204761060803714,-0.09504361206000363,NA,NA
GT,9288,0.9282092455974397,0.10258206145903298,NA,NA
GT,9289,1.7896532947437958,0.18678950166563238,NA,NA
GT,9290,2.461839581154674,-0.2145986780417862,NA,NA
GT,9291,1.2381497595388828,-0.08122875463503429,NA,NA
GT,9292,3.1508500634999295,-1.0754285579121606e-4,NA,NA
GT,9293,1.3417916716623097,-0.06126934007267305,NA,NA
GT,9294,0.8509289880017441,0.006516943648407598,NA,NA
GT,9295,0.7099557153212834,-0.14593337072026605,NA,NA
GT,9296,0.5071747922824587,-0.12791003211847732,NA,NA
GT,9297,0.15182519061538802,-0.10316389949353857,NA,NA
GT,9298,0.3391759075811289,-0.12820601508899626,NA,NA
GT,9299,0.8269865874153907,-0.20651149148900863,NA,NA
GT,9300,0.8657967515519434,-0.20555989697768717,NA,NA
GT,9301,0.8336038362060323,-0.20153124654636484,NA,NA
GT,9302,0.21405505215540266,-0.12288185587901057,NA,NA
GT,9303,0.3163264088284606,-0.13805443581790822,NA,NA
GT,9304,0.5390077242771696,-0.16100165858744728,NA,NA
GT,9306,0.24952839822571346,-0.1228919813755896,NA,NA
GT,9307,0.3362877565310071,-0.12774978227946757,NA,NA
GT,9308,0.42525097129687084,-0.13233977873444708,NA,NA
GT,9309,0.15432414015201545,-0.10471640213171853,NA,NA
GT,9310,0.016746997365692736,-0.10303731190055126,NA,NA
GT,9311,-0.007532327086261082,-0.09723921285377332,NA,NA
GT,9312,0.01397061151114236,-0.08873625423659355,NA,NA
GT,9313,0.17184472559765515,-0.12337073005961946,NA,NA
GT,9314,0.09691758497494378,-0.11146881957008865,NA,NA
GT,9315,-0.01959868657071243,-0.10219667086351299,NA,NA
GT,9316,0.06707296129813353,-0.11310205714966967,NA,NA
GT,9317,0.2534538111715894,-0.13765882168751192,NA,NA
GT,9318,0.31671522891356824,-0.14322965237403917,NA,NA
GT,9319,0.09359874517871823,-0.11537798168494408,NA,NA
GT,9320,0.0954889800647092,-0.11258485284921908,NA,NA
GT,9321,0.1428881844951021,-0.11101363237731508,NA,NA
GT,9322,0.8175596883731919,-0.24010196393171138,NA,NA
GT,9323,0.29814135326169244,-0.159008149303908,NA,NA
GT,9325,0.5102194545065719,-0.19377070250140715,NA,NA
GT,9326,0.36693092000889543,-0.16702305845762216,NA,NA
GT,9327,0.5180749660728938,-0.18627637411834927,NA,NA
GT,9328,0.15246512538302703,-0.13717313511852727,NA,NA
GT,9329,0.7564403800391026,-0.22002577987419206,NA,NA
GT,9330,0.42863630058858787,-0.17100009267443353,NA,NA
GT,9331,0.26147541740083224,-0.14902482589094965,NA,NA
GT,9332,0.07736508558247483,-0.12504631641185615,NA,NA
GT,9333,-0.12378655800142706,-0.10298426879241084,NA,NA
GT,9334,-0.1869066413802208,-0.09523222538904583,NA,NA
GT,9352,0.06544289718932259,-0.10523415792983998,NA,NA
GT,9353,0.17805020256651427,-0.12130919405068263,NA,NA
GT,9354,0.01547697767265757,-0.1020546683115721,NA,NA
GT,9355,-0.010281606193230751,-0.05593938817437975,NA,NA
GT,9356,-0.04604531297251483,-0.10570626599282475,NA,NA
GT,9357,-0.059389579273908,-0.10509179770873397,NA,NA
GT,9358,0.05159996553754869,-0.11921382220110573,NA,NA
GT,9360,0.7600427010228171,-0.13953932299680794,NA,NA
GT,9361,1.084718277530564,-0.16666843764771486,NA,NA
GT,9362,0.6549856477563814,-0.12241282231825162,NA,NA
GT,9363,0.44700549614534973,-0.10786546866936304,NA,NA
GT,9364,0.6297326710295034,-0.13856203672171785,NA,NA
GT,9365,0.5378520283856691,-0.12987280339382323,NA,NA
GT,9366,0.35176491848380953,-0.11148004016008842,NA,NA
GT,9367,0.0824445721755702,-0.09387753360706698,NA,NA
GT,9368,0.020068503571544126,-0.08666168271276065,NA,NA
GT,9369,0.12722486683362097,-0.08810894968646356,NA,NA
GT,9370,0.21463105516669256,-0.09152165254258197,NA,NA
GT,9371,0.1653907232031486,-0.08580522058626795,NA,NA
GT,9372,0.19046218235518517,-0.08718832316480067,NA,NA
GT,9373,-0.001408360921677339,-0.07852535908088722,NA,NA
GT,9374,-0.06655195094555792,-0.07773042947800374,NA,NA
GT,9375,0.06618956176520846,-0.10825258214929809,NA,NA
GT,9376,0.08057322529864774,-0.11294686233620503,NA,NA
GT,9377,0.011875627379300778,-0.10494498959223547,NA,NA
GT,9378,-0.06071301957635025,-0.10149802967043627,NA,NA
GT,9379,-0.05813439220717727,-0.10740871357075069,NA,NA
GT,9380,-0.06383257972379751,-0.10781479391724218,NA,NA
GT,9381,-0.07606736058416363,-0.10553994434436408,NA,NA
GT,9382,-0.14033250491328594,-0.10063709456179208,NA,NA
GT,9383,-0.15714757972696608,-0.09847587798702735,NA,NA
GT,9384,-0.18246571428950104,-0.09691772611836624,NA,NA
GT,9385,-0.17919317719838163,-0.0967873096957872,NA,NA
GT,9386,-0.1973205091870015,-0.09643861799485158,NA,NA
GT,9387,-0.21902705053830232,-0.09685468304661535,NA,NA
GT,9388,-0.25040873935704655,-0.09309234383258264,NA,NA
GT,9389,-0.2548957764049063,-0.09495060240290891,NA,NA
GT,9396,0.29943835224161036,-0.09972706104517247,NA,NA
GT,9397,0.22827554554929025,-0.09481129254805584,NA,NA
GT,9398,0.1769302675214132,-0.0875650163741542,NA,NA
GT,9399,0.18597071112570981,-0.08792807089153906,NA,NA
GT,9400,0.27344663003373376,-0.0926360874574844,NA,NA
GT,9401,0.2092064450699506,-0.09231457767241241,NA,NA
GT,9402,0.29671672106272756,-0.10194555046339565,NA,NA
GT,9403,0.22889987075107912,-0.08787893477451848,NA,NA
GT,9404,0.09140686744809651,-0.08196288091256551,NA,NA
GT,9405,0.062291230300285966,-0.08567064525735607,NA,NA
GT,9406,0.11964623142326261,-0.09095297691032982,NA,NA
GT,9407,-0.0011039165018527678,-0.08439056442864187,NA,NA
GT,9408,0.1460952207981546,-0.09286900036298085,NA,NA
GT,9409,-0.015238940096465566,-0.08120788923628962,NA,NA
GT,9410,-0.035162301949623054,-0.07922097763271924,NA,NA
GT,9411,0.090551884688227,-0.1139121664396593,NA,NA
GT,9412,-0.07331174523446018,-0.10804913238635971,NA,NA
GT,9413,-0.07879873666254271,-0.10512776334546893,NA,NA
GT,9414,0.010092892323701362,-0.11400477410386092,NA,NA
GT,9415,-0.08012745106880242,-0.11262467865560466,NA,NA
GT,9416,-0.045416517071699275,-0.11613735220552836,NA,NA
GT,9417,-0.12894205868109887,-0.10725644400166916,NA,NA
GT,9418,0.5700199960559379,-0.09049516027936212,NA,NA
GT,9419,0.6519375170371899,-0.09109778282193168,NA,NA
GT,9420,0.5048885244169523,-0.08067157298676887,NA,NA
GT,9421,0.4667580405974151,-0.07766279654179417,NA,NA
GT,9422,0.518933811269262,-0.07790834381707415,NA,NA
GT,9423,0.5900372790533439,-0.08227672586587312,NA,NA
GT,9424,0.17500921502135175,-0.06470171522423382,NA,NA
GT,9425,0.131015468426896,-0.06327104128390583,NA,NA
GT,9426,0.1156545179155854,-0.05958738084364905,NA,NA
GT,9427,0.08376180048616001,-0.05899381184622706,NA,NA
GT,9428,-0.004842716007814571,-0.05575997625403586,NA,NA
GT,9429,-0.03730846585853668,-0.05258069470410826,NA,NA
GT,9430,1.0454336015951717,-0.06755228150176008,NA,NA
GT,9431,1.125819813242735,-0.07660493721036918,NA,NA
GT,9432,0.9767137031986164,-0.06656868863748786,NA,NA
GT,9433,0.7757466313314808,-0.06168979143774782,NA,NA
GT,9434,0.6463220918280422,-0.05840507290822411,NA,NA
GT,9435,0.5373585876425575,-0.04443877357723318,NA,NA
GT,9436,0.42689195742968206,-0.044629716478517586,NA,NA
GT,9437,0.49800498877894916,-0.03858096683963345,NA,NA
GT,9442,0.5883908067568323,-0.11586804787706902,NA,NA
GT,9443,0.3196493993953915,-0.0970136701314001,NA,NA
GT,9444,0.25196493454092156,-0.09137396688106796,NA,NA
GT,9445,0.2757095869584916,-0.0977480397444022,NA,NA
GT,9446,0.21631274305747888,-0.0952522282585923,NA,NA
GT,9447,0.30201903830027155,-0.10389069796652524,NA,NA
GT,9448,0.17019306596724051,-0.09477786302374282,NA,NA
GT,9449,0.08829494463323763,-0.08951900755731337,NA,NA
GT,9450,0.33232828853332047,-0.10231341442797634,NA,NA
GT,9451,0.3009341698556873,-0.10288577023160504,NA,NA
GT,9452,0.2522314049640587,-0.09942492194325325,NA,NA
GT,9531,-0.12130027239845312,-0.11396178794590885,NA,NA
GT,9532,-0.10515750964365861,-0.11771079207423786,NA,NA
GT,9533,-0.004030426565208024,-0.13558352932520298,NA,NA
GT,9534,-0.02016263400764829,-0.13123243544914415,NA,NA
GT,9535,-0.13113081689722333,-0.1193477543107134,NA,NA
GT,9536,-0.10395966478217729,-0.12385248372689342,NA,NA
GT,9537,-0.1983684832435961,-0.11003071201665807,NA,NA
GT,9538,-0.20635507861563313,-0.1092804715504768,NA,NA
GT,9539,-0.24326516391363978,-0.10705811680565719,NA,NA
GT,9540,-0.18091885777741015,-0.11139593768796954,NA,NA
GT,9541,-0.13414549050907404,-0.11590813793114586,NA,NA
GT,9542,-0.1643563312203134,-0.11164754512993257,NA,NA
GT,9556,0.42002377476954433,-0.10502783174631744,NA,NA
GT,9557,0.5684373736348438,-0.12023520306795918,NA,NA
GT,9558,0.3090234959699186,-0.09627406656106452,NA,NA
GT,9559,0.228199728938277,-0.09527592885518385,NA,NA
GT,9560,0.21425014158660002,-0.09999283654655501,NA,NA
GT,9561,0.23963617215390992,-0.10481730564309306,NA,NA
GT,9562,0.1771901807705249,-0.09742812614544338,NA,NA
GT,9563,0.06022497429425846,-0.09036066520587174,NA,NA
GT,9564,0.050088595630099535,-0.08875218043227327,NA,NA
GT,9565,0.01009053943466999,-0.08670816555342267,NA,NA
GT,9566,0.008798182183970167,-0.0853477891102203,NA,NA
GT,9567,-0.0315856823617978,-0.08383884040594793,NA,NA
GT,9568,-0.07037556258656386,-0.08371325136692,NA,NA
GT,9569,-0.10376315291769898,-0.08027673851771075,NA,NA
GT,9570,-0.1407596988294794,-0.08050393314747976,NA,NA
GT,9580,0.6460511522310587,-0.11348036633249872,NA,NA
GT,9581,0.8569668239986903,-0.14390612778997128,NA,NA
GT,9582,0.6596674275689659,-0.1204534924404279,NA,NA
GT,9583,0.38274768668763604,-0.09789809396057685,NA,NA
GT,9584,0.44519151378628097,-0.1149115562704512,NA,NA
GT,9585,0.3528003581232501,-0.10660733851700577,NA,NA
GT,9586,0.5660589753999091,-0.1341763581274726,NA,NA
GT,9589,-0.2343368485279857,-0.11927043653779042,NA,NA
GT,9590,-0.27482511765458006,-0.11450571550461117,NA,NA
GT,9591,-0.27580832558174123,-0.11464831438254112,NA,NA
GT,9658,-0.3391397589526577,-0.13193673552515525,NA,NA
GT,9659,-0.321730754931297,-0.13461441086826925,NA,NA
GT,9660,-0.33755233831417375,-0.13146370796746065,NA,NA
GT,9661,-0.36949514737174777,-0.12688434572324325,NA,NA
GT,9662,-0.39632112161239363,-0.12335603783263353,NA,NA
GT,9663,-0.40150655597306845,-0.12289613525671886,NA,NA
GT,9664,-0.3852080941344993,-0.12530308703913606,NA,NA
GT,9665,-0.40834270678381723,-0.12204439570753248,NA,NA
GT,9666,-0.3979265491603276,-0.12370320244300947,NA,NA
GT,9667,-0.399121307779039,-0.12345374338832114,NA,NA
GT,9668,-0.4066984152996368,-0.1225632710368219,NA,NA
GT,9669,-0.4082779682285265,-0.12228241670736972,NA,NA
GT,9670,-0.39665370119691185,-0.12373869202301961,NA,NA
GT,9671,-0.3898704424194302,-0.12437269506391492,NA,NA
GT,9685,1.0032479999480117,-0.12244754867129758,NA,NA
GT,9686,1.4115663594894792,-0.15149250144531218,NA,NA
GT,9687,1.0140762718747087,-0.1096755373748678,NA,NA
GT,9688,0.7509411138780976,-0.09980294826466589,NA,NA
GT,9689,0.7602644523367705,-0.1132497058076885,NA,NA
GT,9690,0.7096643187672615,-0.11066060792741188,NA,NA
GT,9691,0.6241484213733031,-0.10590533300049096,NA,NA
GT,9692,0.37726161247011714,-0.08570270128059511,NA,NA
GT,9693,0.2974419982902639,-0.08026649298190099,NA,NA
GT,9694,0.29515502949364136,-0.07994968398700054,NA,NA
GT,9695,0.30823431025707926,-0.07862320546939137,NA,NA
GT,9696,0.2323622987871086,-0.07498458997455765,NA,NA
GT,9697,0.1881897462976736,-0.07381941645108119,NA,NA
GT,9698,0.08666939340507893,-0.0689889034001711,NA,NA
GT,9699,0.05805602049170751,-0.06868560877986199,NA,NA
GT,9722,-0.2391200136859976,-0.14054119610695656,NA,NA
GT,9723,-0.2584424792105874,-0.13722601035926096,NA,NA
GT,9724,-0.3153028908961475,-0.12900275231594213,NA,NA
GT,9725,-0.3584816760561494,-0.12288476195276693,NA,NA
GT,9726,-0.37039810638517623,-0.12176412330305786,NA,NA
GT,9727,-0.37394951582306263,-0.12100882987098488,NA,NA
GT,9728,-0.3705310002086933,-0.12212937983316431,NA,NA
GT,9729,-0.38819333354229724,-0.11953132668782422,NA,NA
GT,9730,-0.39525710915861384,-0.119156718009961,NA,NA
GT,9735,0.721099772798927,-0.13284617574769975,NA,NA
GT,9736,0.9210080927533211,-0.13751931187935376,NA,NA
GT,9737,1.1101801755048042,-0.1398952793812687,NA,NA
GT,9738,1.1164757941938879,-0.10739744518537067,NA,NA
GT,9739,0.687123113133434,-0.0991202806477876,NA,NA
GT,9740,0.6584308722474932,-0.09994458388270186,NA,NA
GT,9741,0.8880739395035033,-0.07372886819555859,NA,NA
GT,9742,0.8428590022950023,-0.06290294480926029,NA,NA
GT,9743,0.47078341479200775,-0.05729105461173615,NA,NA
GT,9744,0.3825626717069151,-0.06088918194285554,NA,NA
GT,9745,1.1115303560507526,-0.023055414240522383,NA,NA
GT,9750,-0.2524832669151902,-0.11564387138741056,NA,NA
GT,9751,-0.2677697463555414,-0.11418207378102857,NA,NA
GT,9752,-0.2506319820135467,-0.11625913825450944,NA,NA
GT,9753,-0.2232671741894717,-0.12031204855993445,NA,NA
GT,9754,-0.2584138596188013,-0.1165419531664856,NA,NA
GT,9755,-0.23680041397267038,-0.1199018009599891,NA,NA
GT,9756,-0.2747310248988363,-0.11556924529354913,NA,NA
GT,9757,-0.3268279023138867,-0.10981012145180342,NA,NA
GT,9758,-0.3220862125315069,-0.10920810053190594,NA,NA
GT,9768,0.691115183848798,-0.19418116993283033,NA,NA
GT,9769,0.3010899383473178,-0.15790409693413804,NA,NA
GT,9770,0.568179812310083,-0.20067868784549164,NA,NA
GT,9771,0.49354843469214066,-0.18527875717701245,NA,NA
GT,9772,0.634527938168421,-0.21249257661979154,NA,NA
GT,9773,0.19705702622625304,-0.1445802014523992,NA,NA
GT,9774,0.4128586779450291,-0.17555280951819408,NA,NA
GT,9775,0.15741800636411615,-0.13625742707157326,NA,NA
GT,9776,0.4117377733572328,-0.16984796892682444,NA,NA
GT,9777,0.38269685063051695,-0.16659916210144232,NA,NA
GT,9779,0.22557169463852672,-0.1445573999219325,NA,NA
GT,9780,-0.07759422823820665,-0.11070873090336408,NA,NA
GT,9781,0.014172003918059778,-0.12150620415956674,NA,NA
GT,9782,0.06038084950519039,-0.1321131962140549,NA,NA
GT,9783,0.06040907901084956,-0.13397040489382125,NA,NA
GT,9784,0.08191675008152789,-0.13554845640977634,NA,NA
GT,9785,-0.17216487501991184,-0.10434719829719842,NA,NA
GT,9786,-0.16635003558876255,-0.10668531821961101,NA,NA
GT,9787,-0.2020937151697463,-0.10282366240650853,NA,NA
GT,9788,-0.19199667354058086,-0.10348095833110368,NA,NA
GT,9789,-0.22748923904692112,-0.09941565751580497,NA,NA
GT,9790,-0.029863452174399195,-0.11916157106967797,NA,NA
GT,9791,-0.073546339511213,-0.10837215171491155,NA,NA
GT,9792,-0.22106909104191336,-0.09764078242013112,NA,NA
GT,9840,0.2616334927481244,-0.21408730589871658,NA,NA
GT,9841,-0.12386574809268862,-0.14502141866872495,NA,NA
GT,9842,0.0012444906037602833,-0.16750035104632502,NA,NA
GT,9843,-0.1508380252709076,-0.1399643830767201,NA,NA
GT,9844,-0.1549655028913494,-0.14079159429718952,NA,NA
GT,9845,-0.15515026365998819,-0.1413456489394311,NA,NA
GT,9846,-0.11569195458999931,-0.14956090173917969,NA,NA
GT,9847,-0.15964511572976903,-0.143350669320586,NA,NA
GT,9848,-0.025744724909125993,-0.16829600623868665,NA,NA
GT,9849,-0.1482469632305686,-0.14819756852391558,NA,NA
GT,9850,-0.18803429502724406,-0.14076085509932293,NA,NA
GT,9851,-0.1327290912301593,-0.1533412741323325,NA,NA
GT,9852,0.03508187296282874,-0.1860832060989802,NA,NA
GT,9853,-0.009005709299185944,-0.17677191218719354,NA,NA
GT,9977,0.3266694842665112,-0.18142877557944548,NA,NA
GT,9978,0.4733888057379337,-0.20366229880971035,NA,NA
GT,9979,0.2653188083783048,-0.16865693594192083,NA,NA
GT,9980,0.08344612485009735,-0.14241018338922085,NA,NA
GT,9981,0.08098293314549851,-0.1444456812544409,NA,NA
GT,9982,0.09576738625553735,-0.14799543948448082,NA,NA
GT,9983,0.21117519261774306,-0.16979519490426784,NA,NA
GT,9984,-0.012452142940486036,-0.13463163261405706,NA,NA
GT,9985,-0.13434090397144058,-0.11807339727440895,NA,NA
GT,9986,-0.1626688865930531,-0.11605049723102333,NA,NA
GT,9987,-0.16428034212684256,-0.11638333872114352,NA,NA
GT,9988,-0.19213214021277197,-0.11463293099759941,NA,NA
GT,9989,-0.16478171743476602,-0.12198106372694147,NA,NA
GT,9990,-0.11913911667156826,-0.12803903630325505,NA,NA
GT,9991,-0.18117147465639838,-0.12062292520861262,NA,NA
GT,9993,0.02160447890258783,-0.1210009835206955,NA,NA
GT,9994,0.0942714085075887,-0.13263074604458433,NA,NA
GT,9995,0.005939046549013465,-0.12747793569640284,NA,NA
GT,9996,0.1671893551864699,-0.156620047404909,NA,NA
GT,9997,0.0429264761145918,-0.13495898277424553,NA,NA
GT,9998,-0.08361789555297193,-0.1198992157344338,NA,NA
GT,9999,-0.0616540770578797,-0.12665632558448264,NA,NA
GT,10000,-0.019118069276676274,-0.13801957583132327,NA,NA
GT,10001,0.33524915194496135,-0.20075594629797905,NA,NA
GT,10002,0.35253888249094567,-0.201242572278189,NA,NA
GT,10003,0.24460219367384597,-0.18545759667357806,NA,NA
GT,10004,0.46102474584946074,-0.22422982995814666,NA,NA
GT,10036,-0.15147830957047598,-0.148664788161422,NA,NA
GT,10037,-0.1748169944269591,-0.1442036364696313,NA,NA
GT,10039,0.35001159726626035,-0.20450006139458154,NA,NA
GT,10041,0.39890783557017256,-0.19629920253546573,NA,NA
GT,10042,0.8286924190956331,-0.2970661484503693,NA,NA
GT,10043,0.7528322396775577,-0.27679733340989904,NA,NA
GT,10044,0.8323133370640512,-0.2982147344272951,NA,NA
GT,10045,1.6230832094023004,-0.46336588535492124,NA,NA
GT,10046,2.724702066884815,-0.7509613118603259,NA,NA
GT,10048,0.2040278170265851,-0.1656583316613958,NA,NA
GT,10049,0.04427480113315946,-0.1417749139986583,NA,NA
GT,10050,0.18346604646546252,-0.17046102207056457,NA,NA
GT,10051,0.2675555340695836,-0.1862531668570803,NA,NA
GT,10052,0.16232292970649936,-0.1681516961979163,NA,NA
GT,10053,-0.0021380067319900515,-0.14386894813392298,NA,NA
GT,10054,-0.05903066453615213,-0.1350779419412848,NA,NA
GT,10055,-0.09016947822403977,-0.13194728168040373,NA,NA
GT,10056,0.05712239862382619,-0.16276244686913377,NA,NA
GT,10057,-0.09919704903985371,-0.13835962693651652,NA,NA
GT,10058,-0.12889100690285127,-0.13554421329259325,NA,NA
GT,10059,0.00410890094234761,-0.1610077548510684,NA,NA
GT,10060,-0.15565164863274475,-0.13264043997943584,NA,NA
GT,10096,-0.2554775425787114,-0.15243244688956023,NA,NA
GT,10097,-0.26763270121863153,-0.15160138941229262,NA,NA
GT,10098,-0.2281498145316465,-0.16183889757790046,NA,NA
GT,10099,-0.26884871316601877,-0.15268392898472477,NA,NA
GT,10100,-0.23643121049853874,-0.16150391335243733,NA,NA
GT,10101,-0.31726336451228265,-0.1437052957872771,NA,NA
GT,10102,-0.32951843393177466,-0.14089479337377928,NA,NA
GT,10103,-0.33544383205083017,-0.14073501332194108,NA,NA
GT,10105,-0.3427102741107147,-0.12882150146304092,NA,NA
GT,10106,-0.3596848356031678,-0.1259307747843024,NA,NA
GT,10107,-0.34793726805702324,-0.12810706565267613,NA,NA
GT,10108,-0.35957283445473726,-0.12650873823457698,NA,NA
GT,10109,-0.2887935908049848,-0.13992663292180085,NA,NA
GT,10110,-0.28366192912976906,-0.1402252738403363,NA,NA
GT,10111,-0.3262059396876565,-0.13325131200551887,NA,NA
GT,10112,-0.3091229340009688,-0.13692588297352545,NA,NA
GT,10113,-0.28088854478313235,-0.14265866429601948,NA,NA
GT,10114,-0.31711796413886795,-0.13545936675338746,NA,NA
GT,10115,-0.36235504154117765,-0.1272791510579972,NA,NA
GT,10116,-0.3714362013380589,-0.1258006781748565,NA,NA
GT,10117,-0.3573041176151073,-0.1288291877540336,NA,NA
GT,10119,-0.3427982636606818,-0.1286655226734547,NA,NA
GT,10120,-0.3567215952679377,-0.12649294877796005,NA,NA
GT,10121,-0.3467891413497944,-0.1283536183577277,NA,NA
GT,10122,-0.35093320301076075,-0.1281420547065064,NA,NA
GT,10123,-0.28900236792611916,-0.13993996571032746,NA,NA
GT,10124,-0.3059770040454534,-0.135972063246092,NA,NA
GT,10125,-0.3184739866175229,-0.13491351500437332,NA,NA
GT,10126,-0.2969254463135974,-0.13922912552506186,NA,NA
GT,10127,-0.2828322413331693,-0.14219900692008772,NA,NA
GT,10128,-0.31307126439789856,-0.13663408869452337,NA,NA
GT,10129,-0.3280441321274457,-0.13470595313796302,NA,NA
GT,10130,-0.35169431799162676,-0.13038490574208847,NA,NA
GT,10131,-0.35347966478911497,-0.13073615161317179,NA,NA
GT,10133,-0.34171924226612893,-0.12893833375061362,NA,NA
GT,10134,-0.35391337754449836,-0.12700190623746532,NA,NA
GT,10135,-0.3395835179960871,-0.12966224464136195,NA,NA
GT,10136,-0.34643806639158276,-0.12897812951128443,NA,NA
GT,10137,-0.2769404729236252,-0.14233079541932983,NA,NA
GT,10138,-0.3047863978936997,-0.13650140861718402,NA,NA
GT,10139,-0.27476078249135216,-0.14323520620533112,NA,NA
GT,10140,-0.2736088780079095,-0.143769407535054,NA,NA
GT,10141,-0.2963782098506976,-0.13990249816928724,NA,NA
GT,10142,-0.28821259269086424,-0.14122667585044704,NA,NA
GT,10143,-0.30773496990289095,-0.13874122343733644,NA,NA
GT,10144,-0.34289129769036647,-0.132161897079755,NA,NA
GT,10145,-0.30086245647642845,-0.1405306759764753,NA,NA
GT,10147,-0.3415213353947069,-0.12897863151635894,NA,NA
GT,10148,-0.3509501372092682,-0.1275640802311229,NA,NA
GT,10149,-0.3420347115887792,-0.12915982276086585,NA,NA
GT,10150,-0.34392030350560876,-0.12945176179112805,NA,NA
GT,10151,-0.2789258623285864,-0.1419770069455967,NA,NA
GT,10152,-0.2884741129711689,-0.1392751444686471,NA,NA
GT,10153,-0.30971587346136564,-0.1365978885706102,NA,NA
GT,10154,-0.28618044070139004,-0.1412272557726492,NA,NA
GT,10155,-0.30100384538957947,-0.13902079690437058,NA,NA
GT,10156,-0.3172810905330743,-0.13544948831843084,NA,NA
GT,10157,-0.3507144099534647,-0.12930185458872384,NA,NA
GT,10158,-0.3634539262227161,-0.12718059367350412,NA,NA
GT,10159,-0.3513089764743583,-0.12993911064730243,NA,NA
GT,10172,-0.2253164777046683,-0.13844473972425692,NA,NA
GT,10173,-0.08245588768164627,-0.16681161663806318,NA,NA
GT,10174,-0.1618964166100035,-0.15229219958691131,NA,NA
GT,10175,-0.17607697926602586,-0.15047280980741198,NA,NA
GT,10176,-0.2007198533218502,-0.1467715976925288,NA,NA
GT,10177,-0.1946499115040137,-0.14777042634431553,NA,NA
GT,10178,-0.21675524011285247,-0.1455404900233905,NA,NA
GT,10179,-0.18182978304290157,-0.15198084068355308,NA,NA
GT,10180,-0.17460595619554284,-0.1543751358635567,NA,NA
GT,10181,-0.09203474108414836,-0.17025444475453247,NA,NA
GT,10183,1.708656587228168,-0.2969279929115747,NA,NA
GT,10184,1.9627591155240314,-0.3306781095541323,NA,NA
GT,10185,1.97670304917841,-0.3481117077200638,NA,NA
GT,10186,1.2737860334333655,-0.22543247952305456,NA,NA
GT,10187,1.2452115549066356,-0.18714220053082564,NA,NA
GT,10188,1.01911823500244,-0.19526542844135772,NA,NA
GT,10189,1.09981972283967,-0.22394433026803306,NA,NA
GT,10190,0.8940938256040522,-0.1940917135776702,NA,NA
GT,10191,1.393232397694736,-0.2668308265835872,NA,NA
GT,10192,1.3651391403186006,-0.3002990247604519,NA,NA
GT,10193,0.8660456631486454,-0.19273060763941452,NA,NA
GT,10212,-0.19716355388257079,-0.16727723574360645,NA,NA
GT,10213,-0.30971497910437307,-0.142154177215849,NA,NA
GT,10225,0.43155368960688434,-0.27874805509429323,NA,NA
GT,10226,0.13683179070344456,-0.21248492798386898,NA,NA
GT,10227,0.019826749118882703,-0.1896913060788472,NA,NA
GT,10229,0.16297720477453748,-0.21636932605442613,NA,NA
GT,10230,0.25867228266471726,-0.2425778052147548,NA,NA
GT,10231,0.17703042172398167,-0.22892744644315913,NA,NA
GT,10232,-0.037503346249474816,-0.18094164022729614,NA,NA
GT,10249,-0.3975424548233768,-0.1282669098527079,NA,NA
GT,10250,-0.40293177767704197,-0.12744686076638875,NA,NA
GT,10251,-0.4051102388985114,-0.1272752928806939,NA,NA
GT,10252,-0.4043078520991431,-0.12780793148232159,NA,NA
GT,10253,-0.3847161206816421,-0.13431453520150205,NA,NA
GT,10254,0.24604437414862146,-0.2512933744586354,NA,NA
GT,10255,0.028274055640850483,-0.2032361818322796,NA,NA
GT,10257,1.1947297680353341,-0.49092830364005563,NA,NA
GT,10267,-0.35686663233479926,-0.13900431107539804,NA,NA
GT,10268,-0.38388356934583473,-0.13254634906334956,NA,NA
GT,10275,2.599027037535329,-0.7613407955416271,NA,NA
GT,10276,2.583444481606627,-0.7869040828558923,NA,NA
GT,10277,2.21890726337673,-0.7018484155512871,NA,NA
GT,10278,1.6469937817717766,-0.5615553887918516,NA,NA
GT,10280,0.1119810747034829,-0.25701958861536095,NA,NA
GT,10281,0.010163178481293984,-0.24014849401600186,NA,NA
GT,10282,-0.23230363206518614,-0.16569831944125984,NA,NA
GT,10295,1.2833467521805937,-0.49893873049059967,NA,NA
GT,10296,1.5850108576984867,-0.5929313610332105,NA,NA
GT,10297,0.7313025875673128,-0.3732167630527188,NA,NA
GT,10298,1.5282006527841752,-0.6420147395680551,NA,NA
ST,1,-0.1278190247557214,-0.021673720684975268,0.08969679147254209,-0.11419032232243874
ST,2,-0.1295110233731022,-0.02734291166507852,0.09972322762243888,-0.11260920987535183
ST,3,-0.12959301679153631,0.022661001962521934,0.12111359922629261,-0.11998348117348377
ST,4,-0.1328445321320749,0.04403855037399942,0.12454565056555604,-0.12629630424160904
ST,5,-0.13912234427810416,0.01048362182112497,0.107046234187039,-0.12757128496871176
ST,8,-0.12169156747608335,0.3205911215421392,0.2186848905617935,-0.15390230620057035
ST,9,-0.1225572464828973,0.32186908986778634,0.2261384284624113,-0.15549286568207882
ST,10,-0.12034885977166168,0.3483181523879666,0.24523585977163442,-0.15793848681646952
ST,11,-0.11666036272748656,0.3787906597443955,0.2616322959811397,-0.15959669586638114
ST,12,-0.11957740276870935,0.35745685907027436,0.25452584378034193,-0.15961449942298844
ST,13,-0.12312339468035202,-0.02910954857459739,0.0906618035670086,-0.10845177449159703
ST,14,-0.1279949573776146,-0.03317581692283753,0.1001031616644526,-0.10986293342271908
ST,15,-0.13305871052487775,0.010860416901810424,0.10916868746414632,-0.12187208989055275
ST,16,-0.13101901012928024,0.07789741344496331,0.1330615218391601,-0.12925142558506242
ST,17,-0.13370127928294911,0.08825232943041467,0.13581576188866926,-0.13291383530608553
ST,20,-0.12236558535187943,0.31455023242259933,0.21614865022145816,-0.1535755550323462
ST,21,-0.12249506129515646,0.32016009372433646,0.22353634919569443,-0.1549895396759932
ST,22,-0.12041220004136693,0.3450470094802248,0.24155308064573092,-0.15730892513064024
ST,23,-0.11686857129271407,0.3719936790544051,0.2544078181610635,-0.158493931542383
ST,24,-0.11962112824263814,0.3527090732728789,0.24872667002280813,-0.15867732893497621
ST,25,-0.0749369314641955,-0.06818854683276969,0.0835191192382615,-0.06578504676415678
ST,26,-0.09804995802302269,-0.05053617700434881,0.09637308036554361,-0.0863281453135264
ST,27,-0.09820877132369947,-0.05024846098205211,0.10064939749655148,-0.08733625705128185
ST,28,-0.10507400257103097,-0.04744455902425512,0.10143488847217168,-0.09440600778998447
ST,29,-0.10893595158694404,-0.018091164871068134,0.1155818478417361,-0.10111048509155923
ST,31,-0.05379209128284522,-0.10161479553570513,0.003261357981964116,-0.04055948327166738
ST,32,-0.0569169079932147,-0.10626048367622054,0.01366415229306281,-0.04097436638610415
ST,33,-0.06729258155317616,-0.07729300458649786,0.03138434467458001,-0.05644549205976421
ST,34,-0.0671841251541215,-0.08326186027029212,0.038510006847426684,-0.05654234148230456
ST,35,-0.0623656465263077,-0.09394925656565423,0.04631839643833812,-0.0486975407602329
ST,38,-0.06938594245327133,-0.08274715919468671,0.07453798286330808,-0.05902067243766817
ST,39,-0.07595273771036473,-0.06282217483138204,0.08190176053859288,-0.0690994948125058
ST,40,-0.07372716603436051,-0.07415268198878074,0.0916486533079179,-0.06498426538789184
ST,41,-0.07401498341583404,-0.05637907316261709,0.09740519908983047,-0.07018634482993981
ST,42,-0.08515724223087201,-0.04064887376906635,0.10161662914710821,-0.08223660929453218
ST,43,0.43267164959318816,-0.20454991955005286,-0.09443528290308204,0.054058312620892265
ST,44,0.3752935182691664,-0.19208447871341378,-0.0528047720127288,0.02877829051365719
ST,45,0.2807915775884819,-0.1554688909776106,-0.010910914793287011,-0.0075783253206305095
ST,46,0.35778005527772094,-0.17746726422729334,-0.0074810220542657554,0.01815903339041735
ST,47,0.3049191227059939,-0.15852318074909058,0.020327074984390597,-0.0017516698663859328
ST,50,0.3478893873349001,-0.1683453783423462,0.07889726145826416,0.0059129316955174
ST,51,0.31324017047572184,-0.1493187191168905,0.09665541085353772,-0.0063314142933885
ST,52,0.3454144666944168,-0.1523189536425408,0.12197901085505122,0.001230396831779108
ST,53,0.4106096926121007,-0.1658200378298772,0.16012331852637016,0.016489324936620316
ST,54,0.3520294162826345,-0.06789103695672992,0.20006055197878014,-0.010422579994759538
ST,55,0.9593239538096044,-0.6420487871899303,-0.3490712278251159,0.4993628658450261
ST,56,0.9426289930467415,-0.645525405129844,-0.28553802842565945,0.485538736536374
ST,57,0.9371774894993522,-0.4915446645805895,-0.2551218838975943,0.4746663898714038
ST,79,-0.15416343297207422,-0.002499456880943918,0.09602228940740992,-0.1364420555044934
ST,80,-0.15434473660452,-0.002340174608445599,0.09662635843531985,-0.1366175312284917
ST,81,0.4548000853539641,-0.2149993737293404,-0.1419593179895193,0.054730770759371994
ST,82,0.4117196152757166,-0.1920347776706203,-0.1071375498657191,0.040231947088008334
ST,83,0.40548954703472623,-0.21353016455710047,-0.0770886358890552,0.028300191812936974
ST,84,0.35023417213170405,-0.1834997014188685,-0.0445614770701534,0.010979339991654635
ST,85,0.28374213523144415,-0.15814684599081702,-0.011713623199256926,-0.012434215044194919
ST,86,0.2919275478880848,-0.16199110775260775,0.003708123163203282,-0.011115263966442607
ST,89,0.4086295742345805,-0.2033989605763021,0.05103964612652015,0.020451424300992213
ST,90,0.36968653565342113,-0.18633614828478162,0.07017093337866981,0.008454630478207515
ST,92,-0.12959504119100143,-0.03395467763563125,0.09860416149526341,-0.11191766662895392
ST,93,-0.13883535399875657,-0.01547774323366812,0.09152265476913203,-0.12437897899217015
ST,94,-0.13930819542736114,-0.020815308962280562,0.09735077555087328,-0.12279932937139089
ST,95,-0.13903143485992214,-0.021940671243173494,0.10071707658316363,-0.12239701105605669
ST,96,-0.1435866642073677,-0.014461610836186294,0.09772034416625063,-0.1280641011927015
ST,97,-0.1451245528943854,-0.014009267603799043,0.09788828176172402,-0.1295780532155772
ST,99,-0.12862686757769573,-0.0375560804034931,0.0973464969750537,-0.10996576015071888
ST,100,-0.14025829717586816,-0.015197485953917764,0.08978534085890032,-0.12537647937986424
ST,101,-0.13896541975910304,-0.02055546362544182,0.09485274123113056,-0.12254380914240044
ST,102,-0.13846094280532797,-0.02267422894399908,0.09886862884896482,-0.12165017928337486
ST,103,-0.14269597856863295,-0.016002532054841014,0.09687044539024711,-0.12685571484189137
ST,104,-0.14513507026566325,-0.012636223652690815,0.09585099468909716,-0.12959385256129577
ST,106,-0.10362174735157856,-0.06839123343245698,0.09340787174390398,-0.08497921352046543
ST,107,-0.11290907840301054,-0.0437027188902192,0.0900257273198011,-0.09936439234515931
ST,108,-0.11866428520782865,-0.049841690193116094,0.09936828872856482,-0.1011326967392312
ST,109,-0.12150135980562142,-0.04378742909719617,0.10081936114122955,-0.10555777011598483
ST,110,-0.12642754879328216,-0.03571366412158406,0.10098178513863085,-0.11162920215664403
ST,111,-0.1237649580953541,-0.039821653931290245,0.10620703677178647,-0.10832384159219328
ST,114,-0.11845649279242358,-0.05046642959880135,0.12622078458334587,-0.10199002995879519
ST,115,-0.1254654408942677,-0.036145661867530716,0.11635380942632938,-0.1117322877251236
ST,117,-0.10271322885825344,-0.06885314955910829,0.0839303817816662,-0.0840796105035508
ST,118,-0.11405436987063138,-0.04106029685558601,0.08264003267647796,-0.10084749374301989
ST,119,-0.11453220929870975,-0.05548439060891009,0.09325819526915052,-0.09634978303758027
ST,120,-0.119384899395642,-0.04415400985979928,0.09388312798289751,-0.10376265537525788
ST,121,-0.12317630525380939,-0.03978683498449592,0.09644864983215116,-0.10805382319764302
ST,122,-0.1274891618222219,-0.03322295434065745,0.09700203790404538,-0.112918927561233
ST,125,-0.11538182039024285,-0.04880356201328055,0.11698107922565065,-0.1003026128652777
ST,126,-0.11894844852590508,-0.04941364889363753,0.12315329757227786,-0.10253913062943618
ST,128,0.7737957228470648,-0.5097841249715349,-0.18568560377511248,0.32452687990021456
ST,129,0.7255770671006468,-0.4813581023075117,-0.12881387162830235,0.29425753872142957
ST,142,-0.06987581786517828,-0.09476667958746106,0.03698382285929423,-0.04765626913489851
ST,143,-0.07544283884432137,-0.08636187682974192,0.04742000293487677,-0.05427729622629202
ST,144,-0.08296744488742061,-0.08570386283351239,0.059075155782276255,-0.059384683886095704
ST,145,-0.08153958172774828,-0.08332306051497777,0.06582826926198597,-0.05997539755998035
ST,146,-0.08831280166615395,-0.07344054051804388,0.07305044345190187,-0.06934990461317184
ST,147,-0.08594901625995904,-0.07749196617949497,0.08065489875800719,-0.06558798321122637
ST,148,-0.08455427356941486,-0.07020571364982087,0.08422546117910668,-0.06736780826483653
ST,149,-0.09027322236240239,-0.07351021461837709,0.09433483330893726,-0.0710694870082607
ST,150,-0.0734547804348954,0.4030256733439973,0.24385559241835364,-0.1179273081830833
ST,151,-0.0789404383336081,0.5394622091635459,0.2922406676374943,-0.139665561982252
ST,152,-0.05995089918373732,0.7279789519284462,0.4161405762884955,-0.15061010771211222
ST,153,-0.041115866902438326,0.9079950980912453,0.5218155236161998,-0.16019205696486677
ST,154,-0.05792731374755062,0.7626547332133828,0.42986225229589425,-0.15529402753693586
ST,155,-0.07097265905285609,-0.0944927439740503,0.029765053886387855,0.07070619919667424
ST,156,-0.0914797688032266,-0.05327521078970402,0.04700521794833224,-0.001597857976597295
ST,157,-0.09595979756991102,-0.06792450133161199,0.055780253429098196,0.011255710735266813
ST,158,-0.0966671531906481,-0.05933446029792677,0.06280757770537845,2.985911622737169e-4
ST,159,-0.09831830408852225,-0.06035518237497948,0.06916347466652172,-0.0036529582860906065
ST,160,-0.09716760964375004,-0.06485913421411463,0.07548523284216173,0.002855976799690861
ST,161,-0.09370823039427044,-0.07682895250712608,0.08440034537838399,0.02125149556229163
ST,162,-0.10017098343877337,-0.06556495401944375,0.08958088920866979,-0.0011828448174573917
ST,163,-0.09278048993151766,0.24866315971315386,0.18591663079067952,-0.04120328164647019
ST,164,-0.08334784851788613,0.5969435921142467,0.3013589734807069,-0.06833272268146202
ST,165,-0.08456826181759645,0.6050740930576679,0.31567313735151686,-0.07460162374333543
ST,166,-0.0576857423701945,0.8657658750456845,0.47752699310710095,-0.06931806114270143
ST,167,-0.07275926428587957,0.7344146217678637,0.3926211817892582,-0.0804810713888326
ST,168,0.0471039378958308,-0.2358146785114566,-0.05403135581819115,0.21158047720729764
ST,169,0.04440682572306293,-0.2306841146605134,-0.03451037975034776,0.20090792035711902
ST,185,0.05576280074696135,-0.19013740328399226,-0.41585783752587446,0.0582140075939379
ST,186,0.04514403798232949,-0.17478690038584846,-0.3629279429331898,0.044376878530561804
ST,187,0.06896376059880574,-0.20322945637301182,-0.4147985787855844,0.0703719308526439
ST,188,0.060694732278418866,-0.1892807292390291,-0.369547929860339,0.05949119044303777
ST,189,0.04334650525401028,-0.18466438877836217,-0.3342771787490696,0.04674452180444822
ST,190,0.04795444076716561,-0.1858887209122879,-0.3237004026862213,0.04990106420999638
ST,191,0.042792345223428584,-0.18229766983183765,-0.29805308637244515,0.04480086097971856
ST,192,0.00941117071769106,-0.15336037927374513,-0.21614577534564078,0.010923821592247144
ST,193,0.005245785127014308,-0.15400094427008393,-0.19754140525726227,0.007476618299830322
ST,194,0.029608227116586384,-0.18049748734502086,-0.23249015515306293,0.033303006160577284
ST,195,0.01243346900283751,-0.1612065111446508,-0.1828678534874488,0.014547008452779684
ST,196,-0.01765462899492375,-0.1362825207119185,-0.1214419250471286,-0.01527338260218151
ST,197,-0.0233174495421064,-0.12485502385111591,-0.10619794248102002,-0.02139964453978376
ST,198,-0.030043050940923795,-0.1194390513715254,-0.07456677999306359,-0.029982571064015737
ST,199,-0.02941955113473801,-0.10812871967149533,-0.06575958706440402,-0.03132192911591303
ST,200,-0.12018985511470832,-0.04492414142344422,0.06709759974259505,-0.10029783957469098
ST,201,-0.1190177205939347,-0.039261142058139485,0.06982083421631366,-0.1014315017156443
ST,202,-0.12172790773934657,-0.04628270895380017,0.07663205097157806,-0.10099530620979782
ST,203,-0.1236664277962901,-0.04285324921387991,0.080634895845242,-0.10349249342132913
ST,204,-0.12623307479268955,-0.041780668646807385,0.08530012624456237,-0.10572401768436528
ST,205,-0.1266252621076463,-0.04103212287531638,0.08926725399145016,-0.10628529884241658
ST,208,-0.14155617761402128,-0.013742786451313542,0.08670605962265163,-0.12585496658472894
ST,209,-0.13735148598070127,-0.02507005931662811,0.09631885900922066,-0.11938438465572582
ST,210,-0.13565937002517425,-0.02730023182866465,0.10079572790559528,-0.11749369750846268
ST,213,-0.06006674617563417,-0.09643304845922392,-0.07832997034193408,-0.04647589267381644
ST,214,-0.047291270308694046,-0.09676429359000183,-0.07947693187121638,-0.03783595134918763
ST,215,-0.07220916043066807,-0.08706653598598013,-0.04599341246135913,-0.05832130665792987
ST,216,-0.06448665760104189,-0.09451130627290598,-0.04831129647568944,-0.0504105498687959
ST,217,-0.07011611339673178,-0.09209142720449918,-0.034313051241909504,-0.05527869399781
ST,218,-0.07074013330335276,-0.08414038577540858,-0.0215226361816682,-0.058554535578735016
ST,220,-0.04828508990648754,-0.10562188998360991,-0.11463581745325864,-0.03440089149023245
ST,221,-0.05288011658575706,-0.09313479940912317,-0.08996199150087382,-0.04245911676149716
ST,222,-0.05637667805625243,-0.09769511292143522,-0.08308874738028088,-0.04304611185483193
ST,223,-0.059996909841823175,-0.09082189839207917,-0.06617794988783092,-0.04810018204763842
ST,224,-0.07048107300763932,-0.08705580348262126,-0.047182298533823934,-0.05689982165158989
ST,225,-0.06463070432312479,-0.0884142999395418,-0.04416521005006302,-0.052390563793134864
ST,228,-0.09396180967996229,-0.05850346047646748,0.013457682262112457,-0.08414354011874045
ST,229,-0.08302686126639457,-0.0768329875971701,0.006753347915612073,-0.07014845233121776
ST,230,-0.08316937630007064,-0.07513519287596865,0.014953499881664493,-0.07095852573016374
ST,233,-0.014382440724322237,-0.1299431491456484,-0.17380797742986895,-0.006978788750861786
ST,234,0.00318045766013052,-0.1410202540346554,-0.18753655401853278,0.008570207559771274
ST,235,-0.018177395403908378,-0.13063184340710374,-0.14864602589812856,-0.009655186204429903
ST,236,-0.02458379237822728,-0.13151516427235477,-0.132912868542227,-0.013851953232153078
ST,237,-0.025926991795129434,-0.1306249200146264,-0.11930741196254412,-0.015264025998474274
ST,238,-0.03384149861952029,-0.12157130825317974,-0.09468009751516537,-0.024101549275763492
ST,241,-0.052421298902601166,-0.10220044224857062,-0.037646512000072976,-0.04420148019125905
ST,242,-0.047634787447409475,-0.10927329437862163,-0.03328064821076834,-0.03889551292623965
ST,243,-0.049977248052677094,-0.1068698911813405,-0.02023019272373591,-0.04146740468490717
ST,245,0.29601245720678127,-0.40718427026193293,-0.6199475330289516,0.27907840158278857
ST,246,0.3187335042810609,-0.42560278598064,-0.62012610325704,0.29978189296069546
ST,247,-0.13060762405941437,0.2579264269728064,0.10453787814000508,-0.14161578263907582
ST,248,-0.13199292418852798,0.256980876921979,0.1123698290290705,-0.14335832549065625
ST,249,-0.13674334563206225,0.23513586796181205,0.12078054236408552,-0.14591030944571898
ST,250,-0.1295127587644273,0.2807839031428215,0.12594893478969654,-0.14506558373294914
ST,251,-0.12918562011314555,0.28787302568027806,0.13163015681790255,-0.14609987813403863
ST,252,-0.12442091295113374,0.32066938692856084,0.13773858358619123,-0.146069964876509
ST,253,-0.12227144310841981,0.3386992813626357,0.14349361745818678,-0.146694234279361
ST,254,-0.12564269339068296,0.3254100326023663,0.15253051468035803,-0.14896727766508705
ST,255,-0.12034328686035291,0.36366969038490843,0.16122843337493087,-0.14921384995842657
ST,256,-0.11015083512206632,0.43934378563388304,0.18233979576225282,-0.14999809897854888
ST,258,-0.12782062265896899,0.2743410235886953,0.10478623286443983,-0.14102694745019334
ST,259,-0.11787229878606395,0.3359288972631571,0.10989205094539885,-0.1394737161467524
ST,260,-0.13755618478540843,0.23197346473485295,0.12279174422038568,-0.1464506941658562
ST,261,-0.12834438095802742,0.2888262530493072,0.12770351006971753,-0.1450734301851828
ST,262,-0.1341953685533164,0.260682794257619,0.13374661339769123,-0.1477095021188009
ST,263,-0.12831836847553835,0.3036032176049441,0.14746200586315245,-0.14825269753472156
ST,264,-0.1324846732427982,0.2803114003495306,0.14444474404061292,-0.14939481418079284
ST,265,-0.12582285950613672,0.3237676806164454,0.15086353531393865,-0.14889911374067666
ST,266,-0.11849157963537141,0.3733664079028712,0.15876254763003894,-0.14855321319797662
ST,267,-0.11316987184598461,0.416729650832689,0.1743270633434698,-0.1497522304985188
ST,269,-0.0419138044195817,0.7554195164430116,0.07727227540656328,-0.11368845046007478
ST,270,-0.026729545796176406,0.8517907080031366,0.09003658729051713,-0.11191618547405337
ST,272,-0.1428647378226037,0.23923233869507088,0.16853957649435938,-0.15598819592028
ST,273,-0.1433024617666436,0.23228397138380014,0.16296796976851416,-0.15507690778834726
ST,274,-0.08434556929226629,0.5953602803949817,0.1797579338794004,-0.14155087370381908
ST,275,-0.04346026985081705,0.8357055474182095,0.18104173771557897,-0.13236185222886618
ST,293,-0.1430826253480152,0.21312055693173007,0.14999014667721186,-0.15114203644833746
ST,294,-0.13469214367400947,0.2652245550498099,0.15210071541646386,-0.14980460757231776
ST,295,-0.13604546106156326,0.2678311114956382,0.1616492089228969,-0.15225815603672743
ST,296,-0.1356905276216082,0.27423053882742277,0.16499730789988049,-0.15304221473382143
ST,297,-0.14057217664367747,0.24254382365584345,0.15816130655649538,-0.1536697050514888
ST,298,-0.14016526232389104,0.25082404508144074,0.16545303062100822,-0.15484329995329407
ST,299,-0.1323517140338654,0.3134549664921012,0.18823056044353348,-0.15638940232581416
ST,301,-0.13818163266334932,0.20260785931240768,0.12426489415664761,-0.1443498905367197
ST,302,-0.13746397836288848,0.22971148888942336,0.12428209628921613,-0.14613946459366675
ST,303,-0.1400390018153442,0.22372967760144044,0.13896809039442695,-0.1488188733852814
ST,304,-0.13634951822321958,0.25046988318804353,0.14444271299261338,-0.14902838754057715
ST,305,-0.13826878869087264,0.2444209494611087,0.14878157163242625,-0.15052036627764562
ST,306,-0.13603523321053276,0.2661932248579465,0.1603106039719074,-0.15181157012382207
ST,307,-0.14119660862422856,0.23329523459128898,0.15262446042518885,-0.1525229040614453
ST,308,-0.13875555926542088,0.2559879627962355,0.16378316508408525,-0.15371299733830457
ST,309,-0.12162868085224507,0.3688074658240324,0.179695085785084,-0.15214684554322044
ST,311,-0.13378694351321443,0.25772400637522,0.1287050462471959,-0.12597847351120575
ST,312,-0.1422762195630102,0.21731302662750276,0.13432926225606082,-0.13145374843777594
ST,313,-0.1399924870031751,0.251130731802312,0.15633045319622427,-0.13652788669559035
ST,314,-0.1355961968340828,0.296110095976294,0.18848793920769216,-0.13810675247731208
ST,315,-0.13558738197198922,0.29101005906310035,0.1730779928147817,-0.13874494885717306
ST,316,-0.13185055703336201,0.32857951971065696,0.19491420215379707,-0.14032854349242097
ST,317,-0.1352318997801632,0.3213301992084577,0.2093672882914146,-0.14364056205264522
ST,320,-0.12571742562873794,0.1584001694336466,0.08307541470953601,-0.11198867240358085
ST,321,-0.13028426430618714,0.06290504229795497,0.08500786671113156,-0.10698783368061886
ST,322,-0.13426507290114623,-0.005407269651697502,0.07179899772156981,-0.1062355004170681
ST,323,-0.12397854873138717,0.25294024087097033,0.14841590462612178,-0.12335911916541653
ST,324,-0.13528212923316132,0.04878174020646881,0.09401900999498244,-0.11447248826419948
ST,325,-0.12370488014798431,0.18943681014513855,0.14275400157490284,-0.11916699588616211
ST,326,-0.12701780244326874,0.17170960224106968,0.15068762074952594,-0.12063452834549074
ST,327,-0.11839518091252965,0.41051352924822015,0.24454522630766656,-0.1421072541217429
ST,328,-0.11975470344896103,0.4116128984382693,0.23830025554567122,-0.14441610238511438
ST,331,0.04410912833204958,0.4510619971592975,0.02677971150957564,0.0029566291267025856
ST,332,0.045715415998506544,0.4169130727926844,0.04876433688689075,0.0063089687846257635
ST,333,-0.004239744744967454,0.2991756359758647,0.09270970550421431,-0.02129507624048211
ST,335,0.08124422612226821,-0.20642098445092164,-0.47258262358507513,0.07814578462908042
ST,336,0.10226618361572655,-0.22226875656355505,-0.4999511296355534,0.09688375258070979
ST,337,0.07012066904928395,-0.2046520051542031,-0.4261760934669321,0.06967191090514743
ST,338,0.034457851473366774,-0.17242605261175883,-0.3231444372625297,0.03309681954983153
ST,339,0.05456921821819756,-0.18544345685006527,-0.3494502094841778,0.051924882637910126
ST,340,0.03272823222517298,-0.1737109362305286,-0.2988555317115088,0.033217882002782834
ST,341,0.03867392032572459,-0.17696980511542099,-0.2884401681366407,0.03672706316682115
ST,342,0.04635876468435174,-0.18889348064342135,-0.29836282318439994,0.04691292462734447
ST,343,0.025938040130155958,-0.1728022856259042,-0.24247337948983738,0.026574514005870745
ST,344,0.005230490431894076,-0.152596113360837,-0.18342355093266918,0.004213718218326319
ST,345,0.015548741732521264,-0.16254175048365618,-0.18756717824936098,0.014128988134020755
ST,346,-0.0011731432261458676,-0.149790153056274,-0.14330006573831933,-0.0031455442325373072
ST,347,0.024958994636959254,-0.1757878733334007,-0.17753438208613917,0.025114488741775354
ST,349,-0.1545853167627665,0.13601881027249954,0.1301477184824325,-0.15303345843677396
ST,350,-0.16109388823842682,0.008978853050590176,0.08782262351695018,-0.14221971461973798
ST,351,-0.161336631536776,0.009073986749550593,0.08809740378395338,-0.14243496218133667
ST,352,-0.16117287250378987,0.008930774651645483,0.08916819949956484,-0.1423131496328603
ST,353,-0.1415248593736105,0.24055869910325747,0.16094233072767616,-0.15377219343377174
ST,354,-0.14051209136404108,0.2525941956608294,0.16950933525200343,-0.15495478584167338
ST,355,-0.1395490607617244,0.26462122311597663,0.18034319546625896,-0.15632629573862009
ST,356,-0.13414314381315015,0.3161015570223494,0.21104433876792736,-0.15926384911590116
ST,358,-0.1319996625648127,0.31129847535269634,0.18516147483804868,-0.15435140896347044
ST,359,-0.12845896612016247,0.3506241587352173,0.20320265011881525,-0.1566596675569752
ST,360,-0.16110919340772537,0.009123892067661942,0.08563000999390144,-0.1421921238663397
ST,361,-0.15536309519252103,0.12710956167131351,0.12346641602230705,-0.1522547759971306
ST,362,-0.15507292207886764,0.005922013505198937,0.0920877778573575,-0.13708713846349682
ST,363,-0.15489905725530123,0.005733325739164187,0.093806982461365,-0.13696865514549378
ST,364,-0.1607350794242713,0.08403339151614654,0.11325737486962885,-0.15192316579298554
ST,365,-0.16521183688248486,0.011266657487826735,0.08177239083010747,-0.14567170444781308
ST,367,-0.15272728782747977,0.004778060509744936,0.09300357523921764,-0.13507370968071197
ST,368,-0.13873938315863782,0.26579688312263583,0.17640351423642264,-0.15520450938579458
ST,372,-0.13676621506005357,0.27428888385157546,0.1700021913763244,-0.15354378249312353
ST,373,-0.13624644747132456,0.2844319872699436,0.17818072597160603,-0.15494734215580247
ST,374,-0.16407659935366503,0.010705791473940582,0.08233032383789707,-0.14469938388230907
ST,375,-0.16047347109564455,0.08342395799406473,0.10763325904509757,-0.1512005011929672
ST,377,-0.1476577970268271,0.19102494654170873,0.14438906828839088,-0.15319711463213292
ST,378,-0.1562653619269701,0.006483088409932807,0.09194759541878754,-0.13811675694467515
ST,379,-0.14797568710702322,0.19411820784516132,0.15088854883301644,-0.15457925838848943
ST,380,-0.14650700660953317,0.2077697576142625,0.15702822655283485,-0.15532676879484078
ST,382,-0.10334830950865626,0.43772918053146287,0.0248838306010971,-0.04925343907111537
ST,383,-0.10145895243000515,0.46318153479291113,0.049639010985375806,-0.05673086708545633
ST,384,-0.09568623001305535,0.5182430272737159,0.07105099084317248,-0.06058867439200372
ST,387,-0.09483268886527255,0.5854157223215359,0.14838873778274417,-0.07718003394859693
ST,388,-0.08792150562200016,0.6425150174362467,0.17716875576455476,-0.07924508367829271
ST,389,-0.07640113958712762,0.734365082202683,0.22363636019830763,-0.07960702066210466
ST,390,-0.08267581229700724,0.7107648169655004,0.21745325219596262,-0.0892002274713201
ST,391,-0.07691041586582742,0.7750345180730447,0.27437307022043655,-0.0939411092733557
ST,392,-0.07389311214618088,0.7994013289545209,0.2686345472627438,-0.09819181221164623
ST,393,-0.06264394511550578,0.9331725239791848,0.3739152804703394,-0.10324539558626025
ST,394,-0.07665273271891997,0.6469444538853338,0.06125270965903579,-0.049078693655284646
ST,395,-0.07679233188000957,0.6701495893737778,0.09532024551190257,-0.05567507508851124
ST,396,-0.08720736706103942,-0.02257815971550068,0.045511000927505214,-0.07747212579066619
ST,397,-0.08280975880387871,-0.02583249583126698,0.06486486473894056,-0.07402584332344572
ST,398,-0.08299453328022807,-0.026403310655426563,0.07529763686982836,-0.07438011311412278
ST,399,-0.08603951289115151,-0.02561929849681464,0.08525073903058425,-0.07720137067203418
ST,400,-0.08397105356848195,-0.02723238363969334,0.09566331281383937,-0.07560476381742638
ST,402,0.04839880957146712,-0.1787445172161962,-0.3844527405272536,0.049702141532736735
ST,403,0.03757663305754413,-0.1745802940568343,-0.34737087073180706,0.03914958789914182
ST,404,0.042134099571020496,-0.18323522914914545,-0.3549036021604663,0.04633839832478779
ST,405,0.012217076566304882,-0.16230324195525103,-0.27616225275822515,0.0168855961111937
ST,406,0.009039184990134258,-0.1583864685832366,-0.25320733467714734,0.012826050916075653
ST,407,0.007661267997191555,-0.15591413174964933,-0.23538466430453917,0.010865100013969434
ST,408,0.024283449337661054,-0.17353300685791234,-0.25843092681835156,0.02840189798167786
ST,409,-0.001926400569112978,-0.14574862730249732,-0.18519926925329627,-3.104454093145505e-4
ST,410,0.003961297893737254,-0.14751197884184886,-0.17686789525405391,0.00344565572635942
ST,412,0.03743593901930789,-0.16909120076314066,-0.38586212745208304,0.03948222034447756
ST,413,0.04896752166158714,-0.18333990906452907,-0.40543504060484714,0.051643710245428374
ST,414,0.034780966630544724,-0.17252250926910437,-0.3577043419621926,0.03787281955901058
ST,415,0.015393741186774447,-0.15910339903382187,-0.2998043691376678,0.018901977676424594
ST,416,0.007581898598583556,-0.1561357388889592,-0.270153949079822,0.011258942371465613
ST,417,0.011265538271446532,-0.1606674804826849,-0.2692832061511419,0.01580105597607043
ST,418,0.005790455219014038,-0.1525048056015308,-0.23749302913081288,0.008683254548202953
ST,419,0.0011414988847705538,-0.152453239458152,-0.2177307574043521,0.004807750139506857
ST,420,0.007641654742968654,-0.14991874990208928,-0.2037039746401124,0.007234895006567213
ST,422,0.2812943202077844,-0.3650911514789553,-0.9424725025706319,0.25946560746895464
ST,423,0.2899833257973023,-0.35919817055212844,-0.9161236834740941,0.26376584171765527
ST,424,-0.1407740386049562,0.23029415628900451,0.19288490523509572,-0.15415253846840202
ST,425,-0.14386202440591908,0.19087471196601377,0.1644288258143312,-0.15067302059919493
ST,426,-0.12265994873336337,0.3015813041036776,0.20223328999298557,-0.14534508940486301
ST,447,-0.15283990335792186,-0.007022672481391264,0.08585807832008724,-0.1328328014651727
ST,448,-0.15476609228097296,-0.003282578208021453,0.085237382759031,-0.13535948429085978
ST,449,-0.154330735517775,-0.0025699897127550563,0.08634690961010862,-0.1352597255710039
ST,450,-0.15558868815715435,-8.666093412977072e-4,0.08744905831229917,-0.13625785516511918
ST,452,-0.13277285914040643,-0.03143328648580006,0.08861751329392549,-0.11357065124081128
ST,453,-0.13380376355476925,-0.027884936977147324,0.09179264568382436,-0.1150913040592382
ST,454,-0.13677769310873755,-0.021541964711493413,0.09260568791348207,-0.11925966927778035
ST,455,-0.1371284690810382,-0.018772034679860192,0.09439235511635441,-0.12029008301857948
ST,457,-0.11346208113433479,-0.0538006557703884,0.08942713707873857,-0.0946532236414438
ST,458,-0.11141762000924688,-0.023707532375282128,0.11003097015432538,-0.09695056825126352
ST,459,-0.12829895588030366,-0.029132113839940594,0.0856854587761569,-0.11060179020309857
ST,460,-0.13565491771380905,-0.022556318197475164,0.08565515059504773,-0.11848823890829897
ST,463,-0.12897976831907573,-0.03163009343093941,0.07770255435328627,-0.1110179069004859
ST,464,-0.1354471890491899,-0.023482929017472842,0.08119895871139872,-0.11796910184962711
ST,466,-0.11338510220464099,-0.0301519686524422,0.07414012392716306,-0.09816585846374422
ST,467,-0.11709553384485447,-0.016006459032301176,0.08263786314656384,-0.10352785491137813
ST,471,-0.11579366465225845,-0.036367352703608,0.09816218567096834,-0.09943143524749971
ST,472,-0.06830680487471229,-0.076769137087985,0.011583923237443207,-0.029988502347297535
ST,473,-0.09103342035653306,-0.04750723760706675,0.03708996667650595,-0.058659752799386705
ST,477,-0.08662680114499852,-0.05948132721952256,0.07149482757260543,-0.05264030488020021
ST,478,-0.08813944946372661,-0.06144648394592731,0.08387856230678652,-0.05246749514431973
ST,480,-0.08767693482968462,-0.0399846784749644,0.11289161630084005,-0.055355207687593416
ST,481,-0.0998460226277631,0.014912095737198403,0.127170150123516,-0.07858089758962691
ST,482,-0.06089651118789944,0.9029192894606977,0.4700122007654493,-0.1553236810040104
ST,483,-0.06452078242581653,0.9059690845618223,0.47681408201897263,-0.16072627583152818
ST,484,-0.058764703221876935,0.9685868349433145,0.49849175821300384,-0.16483327875976794
ST,485,0.09594383802924653,-0.2197184832005339,-0.040499263583724965,0.11885064015081702
ST,486,0.09809651591386921,-0.1444628628348566,0.0049598089075202105,0.1124309597156333
ST,493,-0.04902064512195495,-0.10313753747594263,-0.041695047054230563,-0.024471471477151494
ST,494,-0.04477208490798994,-0.1167013098931147,-0.04197943857577717,-0.014369673598164006
ST,496,-0.05726219898160257,-0.09575911315968064,-0.008943301452189568,-0.03203526362281742
ST,497,-0.05539346337725829,-0.10242835173780088,-9.010895104883654e-4,-0.027671803066199457
ST,498,-0.05615417643109311,-0.10590144143715705,0.010231371324425332,-0.026890122124331044
ST,499,-0.06185521101456309,-0.09518856571437305,0.024399229420592406,-0.03611655397221085
ST,500,-0.06217228041803399,-0.09590042813099472,0.0362876267249348,-0.03500477312891556
ST,501,-0.057749302024791414,-0.09706662320633369,0.0460484623621096,-0.030825492652693288
ST,502,-0.06222892793854389,-0.09095484693909893,0.059282419663512956,-0.03650720265848873
ST,503,-0.059479639688467735,-0.08341607268379898,0.07674344381238073,-0.033613366701972285
ST,504,-0.06253510144475401,-0.07078804468343454,0.08959136398290271,-0.04000484971865198
ST,505,-0.06355376131706734,-0.0707409452230607,0.10294207160700908,-0.04072548598712976
ST,506,-0.037504703517493,-0.1260085410055884,-0.08059484785067182,-0.00568196959132174
ST,507,-0.04167757868004429,-0.1176491714639573,-0.0653905097614369,-0.01201187300852069
ST,509,-0.05250921384647254,-0.10182549933214936,-0.03335078543106345,-0.026660771161437148
ST,510,-0.05143355045910027,-0.11513843434058141,-0.026867303332631515,-0.020315913281147922
ST,511,-0.05983915263632807,-0.097618294682048,-0.0072957255832354646,-0.033185695303042315
ST,512,-0.055263994012674664,-0.10875928735401615,-4.1501590552768097e-4,-0.02585017131583057
ST,513,-0.05484353956490703,-0.10625922574361282,0.011160751729029491,-0.025893001310371592
ST,514,-0.0636187901711916,-0.08992259138596927,0.028137832957910953,-0.03876872784661765
ST,515,-0.054537578131441306,-0.10056529174894341,0.03695662722283869,-0.02607625863668343
ST,516,-0.059955781807436374,-0.08228970364379705,0.055239372669000815,-0.03434194931002775
ST,517,-0.0625597739446828,-0.06959556168055694,0.06553666927204276,-0.04187155466866021
ST,518,-0.060665129320762755,-0.06802291098831965,0.07951074221194904,-0.039773972587707075
ST,520,0.38053271466885374,-0.1505379644686387,-0.7930362106413864,0.03585742339407877
ST,521,0.4245466388127241,-0.12227557161535685,-0.8275487934676182,0.04058372016289347
ST,522,0.4274221363120527,-0.11311619404748532,-0.8097994030340191,0.03639421149629729
ST,523,0.38009046249839706,-0.1306956202903607,-0.7324590475310774,0.02451393137858948
ST,524,0.3914349221523077,-0.10411309569301912,-0.7180223172601304,0.017600278729431342
ST,525,0.43809198683072426,-0.11026207658222191,-0.769931513360388,0.02927936277908187
ST,526,0.42318379143796514,-0.10418936788556947,-0.7232006414823532,0.022916222733620543
ST,527,0.44568729873084834,-0.09863497788492767,-0.7346370640154333,0.022559529654678816
ST,528,0.4147966525353395,-0.10039469384524936,-0.6708195322764932,0.013471916879110191
ST,529,0.17312543046417908,-0.12904051157998925,-0.35040191987549185,-0.03093166286928113
ST,530,0.09185476763647264,-0.2558000831337065,-0.2492416185685716,0.13423601433535368
ST,531,0.0916291641541426,-0.2439697219525382,-0.22335570242803565,0.12720446183613138
ST,532,-0.1028930092141134,-0.062457201543650365,0.04385384864350314,-0.08478242385330045
ST,533,-0.10184834881097973,-0.059585174507248026,0.051203460515809665,-0.08380435372311851
ST,534,-0.10629694023587619,-0.060612459661300105,0.05647092789626386,-0.08804808547532468
ST,535,-0.10989219877200732,-0.056224585574027736,0.06313172831453712,-0.09185711302409248
ST,536,-0.10745307519192858,-0.03974774013524848,0.07388257352395355,-0.09232374894533914
ST,537,-0.11040285682172056,-0.05189642430279109,0.0738221007687928,-0.09357581236068908
ST,538,-0.11257843601892376,-0.052441601749721456,0.07904661458103288,-0.09522041683069758
ST,539,-0.11316992222768606,-0.05124863078101761,0.08402592550736414,-0.09607799111570985
ST,540,-0.11198829626943148,-0.038900887705249874,0.09507284523786558,-0.09666495401699939
ST,541,-0.11386617544952514,-0.05061186592763524,0.097530983691766,-0.09638599673924315
ST,543,-0.1519824671481769,0.04488501216961984,0.09737978480804418,-0.14148128696177864
ST,544,-0.15095605445625146,0.14382031952461607,0.11196281226017257,-0.1489158150488701
ST,545,-0.15422068922668664,0.12837862520706117,0.11625092751458753,-0.150471015211884
ST,547,-0.10743909445822795,-0.05833816570171654,0.056679899207988,-0.07032356328004609
ST,548,-0.10061414871542759,-0.07097419924489723,0.06048032498418526,-0.05847199934024306
ST,549,-0.10927572543666837,-0.06107180007005765,0.06845411456277704,-0.06948075360801714
ST,550,-0.1205586046328075,-0.04235507701379807,0.07402073020777217,-0.08895466581170401
ST,551,-0.1128418696933198,-0.05989917627571109,0.08045601286699354,-0.07364252355336968
ST,552,-0.1076356522373511,-0.0627833830621356,0.08612382554663452,-0.06949969353563384
ST,553,-0.11451909852167866,-0.05313927370877136,0.0906053698687173,-0.08021181236882433
ST,554,-0.11249075274380062,-0.055708965746010704,0.09661355806369573,-0.07747505985188566
ST,555,-0.11316570311570935,-0.05907411118019467,0.10456313799252696,-0.07641825310526093
ST,556,-0.11597077463317253,-0.05335507067708853,0.10720630413922276,-0.08222917059862438
ST,557,-0.11494230696368128,-0.05694975146744903,0.11555442293537037,-0.07972408206612631
ST,558,-0.11611790642395844,-0.053573143422068446,0.11865111720555739,-0.08281187741663364
ST,559,-0.07530359899314511,-0.08684278716800814,-0.03852699874657558,-0.027993272681403506
ST,560,-0.07607211915204963,-0.08802454884376448,-0.03056837323801284,-0.028489878571004254
ST,561,-0.0869299808251541,-0.07144513559857263,-0.007484684752736268,-0.048376493029943755
ST,562,-0.08669963190826079,-0.07503320938053817,-0.0024591157227626392,-0.04600572192934461
ST,563,-0.08408920495820811,-0.07943269483315794,0.001670555382510236,-0.04133323523721495
ST,564,-0.08399398127194752,-0.07718401770810131,0.00984785735932576,-0.04286114545957631
ST,565,-0.08580372584125266,-0.08016574709155651,0.018216647473734412,-0.04246381376203928
ST,566,-0.09550992961061092,-0.0680423824494927,0.03284457506331241,-0.05848840079944932
ST,567,-0.09448526784909135,-0.06992923046809803,0.03920971090226782,-0.05676654314028349
ST,568,-0.097639436292323,-0.06733104512431662,0.04781066641489659,-0.06145210984420088
ST,569,-0.09549222361664433,-0.07178666908997233,0.05463530260916417,-0.05729344222284707
ST,570,-0.10123213696152515,-0.06148599217354535,0.061843540641619704,-0.06909472234399149
ST,571,0.001962707851498599,-0.17032013436753457,-0.108971931378714,0.07169968401189335
ST,572,0.0027372157446736017,-0.1759314716206861,-0.09803315543633263,0.07413497554666527
ST,573,2.9985339591471544e-4,-0.16837314369407447,-0.07961592127488705,0.06592687185323073
ST,586,0.323171488619973,1.299338846246035,-0.2414074210188943,0.12524235161719227
ST,587,0.3101779038198811,1.2161506534721478,-0.17647087669194825,0.11449045201164113
ST,588,0.2599991580091537,1.608679807185486,-0.11964692119973967,0.05200808917325117
ST,589,-0.16039521043673344,0.00885812110946171,0.08459853697489095,-0.14155485591677927
ST,590,-0.15167904751757405,0.0042043865912722595,0.0944054726613521,-0.13419241748937133
ST,591,-0.11751086862363107,0.3921157564601199,0.1813905713957541,-0.1489547710776325
ST,592,-0.10926326998393936,0.44653504704442054,0.18844820611414523,-0.1484632820187833
ST,593,-0.11822630774714289,0.40404281533645603,0.19160985722936466,-0.15220717173200832
ST,642,-0.10656000688171487,0.11759974270790036,0.14126762101309676,-0.11887488763735579
ST,643,-0.12282075649715708,-0.14880221491722417,0.11043435007312546,-0.11026393061604513
ST,645,-0.1040127858407667,0.14733630033980014,0.13844367597277216,-0.11866445820578957
ST,646,-0.12263486802566936,-0.16125587953655546,0.1063244242969293,-0.10907340335614535
ST,648,0.006200796659081853,0.4823331740075504,0.11553506267420001,-0.06405224205032979
ST,649,0.024712389903111826,0.5703733509015638,0.1089238157989834,-0.06005129286729893
ST,652,0.003103919451044814,0.3977736321376538,0.09441818850745717,-0.05873345719789637
ST,653,0.001552952965810183,0.3420742162087943,0.09241188199285348,-0.05880702042015203
ST,656,1.1319073997509372,2.9973996014455064,-0.4743522328063264,0.525098792044383
ST,657,0.8832476827244236,1.4719701073083318,-0.27119010127747295,0.44777873320309325
ST,658,1.190568787093356,4.655874084469949,-0.3996044209344478,0.4478291625641727
ST,659,-0.10875695739866513,-0.10621069996077777,0.11389738098327412,-0.10415939412265884
ST,660,-0.11027219554784828,-0.033631073704828755,0.11439060163869827,-0.10958280088650237
ST,661,0.10447889918120916,0.40364372513058033,0.08907502308832069,0.014142530291169316
ST,662,0.16004406007153166,0.4860101868753551,0.0687678491145369,0.04089876335207266
ST,663,0.05865349675322933,0.6156601550122858,0.1809916467494548,-0.04080396928210709
ST,675,0.7940569503840663,1.961978964602797,-0.9143959350486084,0.6317216237188142
ST,676,0.868428176914479,0.4196401458474721,-0.5317865794579004,0.6557378260923142
ST,677,0.8130226122087778,0.23166411137043078,-0.4290582406335707,0.6300898811183447
ST,678,0.9788619222750443,1.7226814513014979,-0.5529214790418521,0.6513367393109769
ST,679,0.5918054785551468,2.507856106145061,-0.32879936679320004,0.37711846262092946
ST,682,0.5093795940406101,3.4648196055103555,-0.0076994543136302135,0.25218379088565124
ST,714,-0.0671308612083138,-0.09935781448432729,0.06954844363986051,-0.05819645893721271
ST,715,-0.059355475979115474,-0.10689106038523538,0.07735364317768656,-0.05083819210830509
ST,716,-0.07094598112959279,-0.09050111650152863,0.0834361318647136,-0.06502349732567707
ST,717,-0.06989148706315637,-0.09478690513884235,0.09164131224435083,-0.06442924639592042
ST,719,-0.04495809040941417,-0.12669244508063485,0.04028569536901833,-0.03593566869490819
ST,720,-0.037684289596450427,-0.1369807605565861,0.049603587300127566,-0.028115930299947633
ST,721,-0.04144887636477833,-0.13181123671149328,0.061512759888698046,-0.03305881062157153
ST,722,-0.05485179949566936,-0.10767409371196679,0.06889812576934044,-0.05235885108160072
ST,724,0.039334461548756604,-0.18996563206106107,-0.21122008255299826,0.04321917598457882
ST,725,0.04244194045693061,-0.1912877626374681,-0.1961579508736795,0.04492991858366973
ST,726,0.0401695246006543,-0.19969161325666546,-0.1821401422394754,0.04565721263450706
ST,727,0.03748394275387744,-0.1990822010806861,-0.1594072039927294,0.04215836838184349
ST,732,0.027458463080193778,-0.18032390676113957,-0.22895900437775935,0.1945091974696607
ST,733,0.04561872078691325,-0.19615629365485227,-0.2416202935611952,0.23042760252839786
ST,734,0.01629456942248761,-0.17583645019665228,-0.18071193506524735,0.1733232658470136
ST,735,0.03060041386084713,-0.19376747840573325,-0.18789324234244104,0.20717408835438453
ST,740,0.7549745703206602,-0.7431380913554738,-1.2450837034252376,0.8479252767314536
ST,741,0.7179702178848051,-0.7461224428794628,-1.151975112819164,0.8180965897110097
ST,742,0.732415046592342,-0.7222045292577626,-1.0759353275178236,0.806999383804251
ST,743,0.7056791204847429,-0.6775064023939356,-0.9533220845653563,0.758170528572028
ST,744,0.6904947785379204,-0.6703212191012177,-0.8792337614266372,0.7467274823068982
ST,745,0.661910888767106,-0.6407007766140109,-0.7774159190356512,0.7039994702986166
ST,746,0.6806339383473484,-0.6285661256163084,-0.720021487414819,0.7063411786852959
ST,771,-0.15804092633686206,0.08476498664369889,0.11229923823548638,-0.14936878090976283
ST,772,-0.16090255962535038,0.07098958215639091,0.10002697831115756,-0.14952486636887838
ST,773,-0.1580105525465813,0.08766653280755664,0.11587763936522824,-0.15001858877045712
ST,774,-0.1579911880960515,0.10214157716255534,0.12179075742767734,-0.15173662923257733
ST,775,-0.15740175865924202,0.11032626863580847,0.1256260162115865,-0.15237074732904815
ST,776,-0.1546723963296709,0.14463285757039065,0.14960451863682345,-0.1552756466073054
ST,778,-0.15823313157017516,0.06966340440893724,0.10720606229323155,-0.14785522131275505
ST,779,-0.15821003634258263,0.0920051273516496,0.11236103063286242,-0.1501151408081234
ST,780,-0.15646499976612346,0.09380799981928568,0.11970720473623166,-0.14960239380382437
ST,781,-0.15680465104069055,0.10862540082545137,0.1246265090711918,-0.15155278069089692
ST,782,-0.15437535832916405,0.13747740437258635,0.1415455357523145,-0.1535606364743155
ST,783,-0.15448636251472417,0.1408428770432099,0.14514396600047974,-0.15430582177511964
ST,784,-0.15303276936591897,0.1587698550324245,0.15717512676202566,-0.15578065023778143
ST,786,-0.1467403338794879,0.17175325758638293,0.15043698781833542,-0.15054079596803724
ST,787,-0.1468161490593619,0.17362443047707654,0.1510105397891611,-0.1510557706585852
ST,788,-0.14409090462663424,0.16874457085565403,0.16164540542564845,-0.14958778822820287
ST,789,-0.14284908446706007,0.22620105932945955,0.18819362090570607,-0.15561824382520237
ST,790,-0.1374534801815661,0.28715123408401155,0.22573768718488957,-0.15978714270426242
ST,791,-0.1397370200263878,0.2759231227568834,0.22084367419412315,-0.1604197389552064
ST,792,-0.14067344585012065,0.27392943159945726,0.21977197425620165,-0.1611025649551203
ST,794,-0.13294669112363122,0.028313048436726742,0.12439270862583719,-0.12818087521424568
ST,795,-0.13085984639343573,0.1260410666558771,0.1568425369452018,-0.13626204342811588
ST,805,-0.14359917975207848,-0.012851136674838302,0.07790878145016643,-0.12264877588917686
ST,806,-0.1451288846295126,-0.002846078409983932,0.08159695803540669,-0.12620717770157916
ST,807,-0.14510022264157932,-4.1604167166110653e-4,0.08465387410485017,-0.12635807215720965
ST,808,-0.14651376933076457,-0.0022408161741635747,0.08402199941585926,-0.12796361057686156
ST,809,-0.14715792864127586,0.025178682665579714,0.09262254566016193,-0.13247758197923973
ST,810,-0.14989655489279677,-0.003843184394095701,0.08418709132635685,-0.13153471139971096
ST,811,-0.14856788654539657,0.005785663520535273,0.0884374965081322,-0.13184968764291852
ST,812,-0.14664890889202778,-0.0056023211257490175,0.0911826191110789,-0.12779722560007864
ST,813,-0.14784508566696247,0.007308643502216433,0.09338140669251739,-0.13152811581220206
ST,814,-0.14576416436773662,0.02562412395346649,0.10475640416801746,-0.13186957902766508
ST,815,-0.14527148340848753,0.05568102821548918,0.11487910140911518,-0.13562209385482799
ST,816,-0.1413707426062188,0.1894799078155782,0.157618943545622,-0.14936345693096698
ST,817,-0.14125080883826172,0.19323379791695278,0.1619448293372484,-0.15013377172009354
ST,818,-0.14048198894937206,-0.017340603659934582,0.0733925280341685,-0.1186536376364179
ST,819,-0.1415021878624098,-0.007988958869488623,0.07902482922834168,-0.12109801779960609
ST,820,-0.1414492807620044,-0.010375044217156017,0.08138966519651378,-0.12034442215712206
ST,821,-0.14404979442081858,-0.01390794365353261,0.08077672744678059,-0.12280703759646494
ST,822,-0.14385996173060214,0.006456239559700796,0.0906385478119256,-0.12560995407886366
ST,823,-0.14345258671372335,-0.013548617829242077,0.08633172072616524,-0.12225510216456603
ST,824,-0.14425227145279024,-0.004682575095332232,0.08712643189437233,-0.12556918542421688
ST,825,-0.14758830362020411,5.92051768377195e-4,0.08451825097065396,-0.13068566717001479
ST,826,-0.14642893567011572,0.013945305162487369,0.09186264754958688,-0.13118520743482193
ST,827,-0.14402488628515223,0.06062053338363057,0.11433136090204624,-0.13464773499131233
ST,828,-0.14275185449831665,0.08487578750957601,0.11987859196335592,-0.13697081777470577
ST,829,-0.14206284567237168,0.1796048035208453,0.15003394626179836,-0.14812109372878793
ST,830,-0.1430823176367437,0.1694420476599658,0.14439001183559724,-0.14786533501878435
ST,831,-0.06686371810860192,-0.08618206141088768,0.0011040419306901214,-0.0452820161854074
ST,832,-0.07834723070229793,-0.0718487132533409,0.017658654506113394,-0.05875419520946748
ST,833,-0.07549208109154466,-0.07994048910291536,0.022177092221233517,-0.05405593459651905
ST,834,-0.08324953689216509,-0.07119019801066077,0.03419019539879852,-0.06453566842637457
ST,835,-0.08184180404271103,-0.07221993769434246,0.040895253348625406,-0.06258113929501065
ST,836,-0.09146991042964675,-0.05510454960321664,0.051399128106170415,-0.07682923646058691
ST,837,-0.07450691511000468,-0.07617894173669862,0.05740769439942443,-0.05281223941144623
ST,838,-0.08799449330784494,-0.0451819057371305,0.06594956705518311,-0.0748684189046554
ST,839,-0.07542314559408778,-0.06578642747847974,0.07062971856901033,-0.05981045471077926
ST,840,-0.07149350779283425,-0.05150285260057275,0.08678275082126417,-0.05668128603374982
ST,841,-0.07699440101761701,-0.0597667163709451,0.09816690144190236,-0.058914161199907944
ST,842,-0.08534382605547705,-0.056132069980547025,0.08723464380240219,-0.0727150993084445
ST,843,-0.07299102539193751,0.2823543509279101,0.19382771636869697,-0.10086801049054325
ST,844,0.0027306369456811474,-0.16512236760854668,-0.09771575534205243,0.034732985591145626
ST,845,-0.019679600319598055,-0.13206488619673615,-0.05727450654734161,0.0025366632367886345
ST,846,-0.00932444891776662,-0.1641574133113741,-0.062267890443383996,0.025176125050763273
ST,847,-0.017423473654244064,-0.15153778953967503,-0.040433929882384465,0.012571622181431142
ST,848,-0.03127495938696664,-0.0359636959294421,-0.016585983573577705,-0.014967577291903799
ST,849,-0.02759263571804653,-0.12506839413363735,-0.005757934611736876,-0.003701868368654345
ST,850,-0.022732615530057666,-0.13542781433891057,0.002830065181189484,-0.0010812237761866931
ST,851,-0.028149751210548517,-0.13664252302538332,0.018420925737828667,-0.00454438700590869
ST,852,-0.02197809340501063,-0.1335041124398441,0.02848561374841515,-0.0018989941223489213
ST,853,-0.01790434199575426,-0.12331437300214079,0.045612006869724095,0.0018555230133798773
ST,854,-0.02350283496880471,-0.1410359805151777,0.05472203484743755,-0.0014769030745641488
ST,855,-0.028184586357014457,-0.13075647661292042,0.07089831506946452,-0.006337096295473211
ST,856,-0.04402124652711495,0.09008151960982153,0.12534599902460616,-0.052536460627515734
ST,858,0.18978314006179725,-0.34199221905761207,-0.2219495725905311,0.22857071241338794
ST,859,-0.1557936807189117,-0.001903649914524421,0.08147275701847291,-0.13668938529884747
ST,860,-0.15932654550978526,0.003768145844877996,0.08029412808431655,-0.14104305356729596
ST,861,-0.15804319668848235,0.002182265353971086,0.08139538228735547,-0.13959486672847932
ST,862,-0.15834728352251654,0.0021332116910685876,0.08221582667357219,-0.13982141777887147
ST,863,-0.15923548258569908,0.003593173346174985,0.08196361623773471,-0.1409858214656771
ST,864,-0.1590833010312445,0.0032769546229630933,0.08275392108505768,-0.14079720852908253
ST,866,-0.15597039768679244,-0.0016466706272482896,0.08093096721271294,-0.13687899047182953
ST,867,-0.15916288374283313,0.003457965198129366,0.08007019736321523,-0.14082939235946082
ST,868,-0.15810057857372936,0.0025155651859651664,0.08081745225925156,-0.13973641915930857
ST,869,-0.15836880115700688,0.0028539046535908984,0.08131789001743588,-0.140067310979559
ST,870,-0.15924782070980656,0.0036496006848082212,0.08161955294875234,-0.1409917224480221
ST,871,-0.15934155226716745,0.0035234175150359545,0.08226854334490454,-0.14105036185517567
ST,873,-0.1441657455429062,-0.014255516061780955,0.08244404341573554,-0.12643851314947707
ST,874,-0.1415483310728772,-0.019901558142555453,0.08588799762349453,-0.1228150319255505
ST,875,-0.12670354312990212,-0.030055025540529745,0.06263179765544434,-0.11087598889995114
ST,876,-0.12191778147996338,-0.0424612247311567,0.06521517400730976,-0.10329234706228307
ST,877,-0.12864310015662286,-0.030684049976591316,0.0698734734680194,-0.11195258567569051
ST,878,-0.1298993548317436,-0.029184932980152185,0.07326820563820921,-0.11350361974994794
ST,879,-0.12864622533921583,-0.03288295540177129,0.0772063986221571,-0.11146641867354223
ST,880,-0.1287088013390469,-0.0326341083681604,0.08057585572176026,-0.1118080869455117
ST,882,-0.10891489974478848,-0.04935753674173946,0.04813836869240095,-0.0934644555061972
ST,883,-0.1164434898256719,-0.046157491923585384,0.05638770940708848,-0.09956967181021797
ST,884,-0.12166421048522261,-0.03827167285143877,0.06247978966202021,-0.10594141609656442
ST,885,-0.12866536882218624,-0.030979295419512935,0.0683126732307446,-0.11347237445419671
ST,886,-0.12594379122616522,-0.02824816324528712,0.0694324085575682,-0.11263433407940537
ST,887,-0.12455404096514719,-0.03212937863050107,0.07315735990241795,-0.11059515732801059
ST,889,-0.04759234909558987,-0.12610781816155942,-0.004274344763927708,-0.030172505483362984
ST,890,-0.056506284351461225,-0.11604014743479645,0.01146280404584315,-0.03969216923984973
ST,891,-0.0554371345983697,-0.11994247820529662,0.020459710775154617,-0.03822829268719149
ST,911,0.11797842345331298,-0.10038328957335821,0.007124372709908251,0.006911362021679733
ST,912,0.10574226350391944,-0.10247311688542057,0.023143321262333857,-5.738573864176096e-4
ST,913,0.14488176022958568,-0.11642463144915223,0.026112807868515137,0.022035132147120773
ST,914,0.12609668331066198,-0.10762943132602865,0.03978391347075344,0.007386318786772817
ST,915,0.1353842665248989,-0.1084235766995724,0.04883823005079772,0.011644497364732208
ST,916,0.15641081429322226,-0.11982489755419486,0.062212332379352475,0.02249054671623869
ST,917,0.11353712979191344,-0.09879535092927769,0.07303712962305701,-0.005251328287595627
ST,918,0.14375523090998238,0.01282648666049731,0.12146562687718182,3.224266946484775e-4
ST,919,0.09313345089410163,0.26493328209665334,0.18552163818694117,-0.04945405687318091
ST,920,0.07269558914875056,0.6933253996982631,0.28024131089929155,-0.09118691991010422
ST,921,0.07445134398754248,0.7430393138088888,0.33265457396482434,-0.10010649725315687
ST,922,0.035339356810589674,0.5930162250795505,0.24625422163036512,-0.10356931932400822
ST,923,0.07941747289537004,-0.07526431413649119,-0.00332385524025564,-0.07090049849016214
ST,924,0.12430212522387507,-0.09917980174880765,-0.0073170929253743655,-0.058223161582262734
ST,925,0.14706527367223865,-0.10700273460311574,0.009375922142309341,-0.0526626380209193
ST,926,0.1428288895608557,-0.10482725640328504,0.022082492489687782,-0.054949394456694334
ST,927,0.14754764859497552,-0.10825964814548578,0.034613182535933006,-0.055424959991178434
ST,928,0.09013387131462809,-0.08296421073038036,0.048817233196729766,-0.07222806635248313
ST,929,0.11093155143972908,-0.013029602246945764,0.07532703325709074,-0.07265255869318626
ST,930,0.09619045821492644,0.04007064418403714,0.09517834693838771,-0.08075837813384697
ST,931,0.07519123635912785,0.5625567124757888,0.22099323155716402,-0.1289659848058374
ST,932,0.09235262363689606,0.6725636016139206,0.2905732619748528,-0.13722441627177973
ST,933,0.08290138348126846,0.6723579994007509,0.298220760238567,-0.14135451237029376
ST,934,0.16228797612199564,-0.10648923585278823,-0.06498657762587473,-0.04472149836552548
ST,935,0.13824985990502012,-0.09979898245280845,-0.042813743166474655,-0.05437613987905767
ST,936,0.13499361335194104,-0.09402537130400741,-0.031214768770156432,-0.05474958160322007
ST,937,0.1354120408881621,-0.0939438572470364,-0.02016078921991514,-0.05566899731603232
ST,938,0.12319176227795262,-0.09273396123886515,-0.004192477157222477,-0.061813398399827975
ST,939,0.15297457346949617,-0.1027273851801191,-3.394713191191281e-4,-0.05382227956432258
ST,940,0.13279860033740357,-0.08639817923597287,0.016750899088146504,-0.06194650966397783
ST,941,0.11373274183610146,-0.007776541869851456,0.034473377174668036,-0.07010220440913761
ST,942,0.094373139403815,-0.006310727707812025,0.04883148890084652,-0.07623041733693395
ST,943,0.11266476664647455,0.16903468428165908,0.10334695217314835,-0.08722770585347445
ST,944,0.08395766512873216,0.5181936648994736,0.17392692629094472,-0.11833588952705526
ST,945,0.1052914772457128,0.6005206286319146,0.24962508060472247,-0.12759494820437406
ST,946,0.19311972770816996,-0.09948390154227615,-0.18272937626036465,-0.03963194213012046
ST,947,0.14743159225228541,-0.08791193914937104,-0.1379163779805628,-0.05554138325754144
ST,948,0.16686132580964938,-0.09029623035518858,-0.13938616571923562,-0.04962679974693859
ST,949,0.16812062380077403,-0.09177522407073181,-0.12819198874319138,-0.051128675575126965
ST,950,0.16862761573170057,-0.09154194638198523,-0.11625456579930797,-0.05226874424436451
ST,951,0.15884100813736168,-0.08691734536833871,-0.09801902679980741,-0.05489418017431232
ST,952,0.18715759968304418,-0.0945987825178236,-0.10061342342322346,-0.048949978397298526
ST,953,0.1622349507502339,-0.1236073175525287,-0.11786665884723266,-0.050389091355898794
ST,954,0.16672648909733442,-0.09597667663934614,-0.0721034799687313,-0.056082026211245084
ST,955,0.14721876570742007,-0.08962279528993151,-0.0491478951746534,-0.06353598989457467
ST,956,0.09592267361479326,-0.06164106320031444,-0.030892542239833714,-0.07277606393219932
ST,957,0.08378071682523941,-0.0484061295724053,-0.01980066290752006,-0.07731914541127105
ST,958,1.1721407144222789,-0.39222702051729863,-0.6433353584593228,0.38750100498439116
ST,959,1.1304438375871457,-0.3621691187625127,-0.5776896829616229,0.368968485271647
ST,960,1.1525667178005816,-0.3869277592790533,-0.5456052888030705,0.3662174296344213
ST,972,0.444098088699964,-0.2299331776217233,-0.09158684608638469,0.06356954424113966
ST,973,0.3542928041557444,-0.19634472777634304,-0.0456278344702698,0.02883901311891108
ST,974,0.3491036471231068,-0.1924560704906219,-0.024327426175789313,0.023812747585550194
ST,975,0.2797495537243712,-0.16097177762397316,0.0050117270169405086,-0.0021635724500536405
ST,976,0.2779601738175282,-0.16128355091556637,0.02222388937116407,-0.0039982348144400924
ST,977,0.2886179560678754,-0.1648739380672133,0.037868272810233396,-0.0010402494013861644
ST,978,0.23327039607799488,-0.1435740103053751,0.0557868810482765,-0.021691621557604256
ST,979,0.32249853615413737,-0.1766314292398291,0.07175851860279348,0.007172074487717234
ST,980,0.3210030816591174,-0.18000672447023588,0.09331430599611631,0.0037220221560454072
ST,981,0.2999178179200222,-0.16801772795056016,0.10549876505291558,-0.0033415218954511747
ST,982,0.3443384363387627,-0.18899311042251124,0.13531386343604637,0.007191546255670069
ST,983,0.24861873802868034,-0.1534617938676949,0.1312778094763117,-0.02302169578835152
ST,984,0.41310920979611493,-0.215928720207431,-0.09977472755071023,0.05092058352745734
ST,985,0.39851107220210613,-0.2120532386099275,-0.07450941625541481,0.04496392169687503
ST,986,0.28311565567061836,-0.16053325480773906,-0.025639066181530976,3.9744687585531447e-4
ST,987,0.20932296710844966,-0.13119977908118521,0.005233658817374266,-0.027475623907648544
ST,988,0.16512086266358997,-0.11609212265470971,0.025460194706154276,-0.04371207877562291
ST,989,0.28154407974285917,-0.15832617151838008,0.023724396742814638,-0.003109678786591562
ST,990,0.290273117276799,-0.16407932313383694,0.041881690827953955,-0.0029290657054122167
ST,991,0.3067768318394461,-0.1693154856742841,0.05804753338747217,0.0011829338651399267
ST,992,0.2593169933094043,-0.14929294563725531,0.07078291654718617,-0.014416687310682125
ST,993,0.25381997962639247,-0.15031065528740384,0.0882167048110136,-0.01863599399684059
ST,994,0.2839680707981124,-0.16243036554451346,0.10862208637257068,-0.011066897693375561
ST,995,0.2754534318331204,-0.15965721015521975,0.12429113950492565,-0.014842133589744694
ST,996,0.524905297624829,-0.24992123418518206,-0.18506105857020705,0.08699013180568824
ST,997,0.5160492053439265,-0.2490170127752058,-0.15744925960351105,0.0825921663978993
ST,998,0.4248036447158764,-0.21114084291355803,-0.10150278771867494,0.0466257580412249
ST,999,0.34406102204220385,-0.1804201383738665,-0.057211105393845114,0.016392677928549065
ST,1000,0.4304490668145045,-0.21273366755079964,-0.0583928863214488,0.04484086798642372
ST,1001,0.38221202171293367,-0.1900168640210766,-0.028844821665813442,0.028304506950607138
ST,1002,0.3968114557450558,-0.19735121564525612,-0.009168671968997942,0.030357520613432994
ST,1003,0.4162519960806899,-0.20606291382342426,0.011279544683810884,0.03390941761926405
ST,1004,0.4607448428781083,-0.21523271824380058,0.02734054330506459,0.04847811470335592
ST,1005,0.4265146249504109,-0.2062019693918109,0.05340022011837417,0.034239599476845656
ST,1006,0.3290069505334144,-0.17258572620037682,0.06748865980540014,0.00350119753936184
ST,1007,0.31676892816485935,-0.17088490914246063,0.08537287562767248,-0.0017355589808328337
ST,1008,0.5554889848167044,-0.26227787018605814,-0.21912966322538277,0.09593344716134429
ST,1009,0.46528194134836354,-0.2243034128786612,-0.15868507893666667,0.06373015918187871
ST,1010,0.4159710932859763,-0.2055615321973829,-0.11614461660312099,0.04232163386714319
ST,1011,0.3226439452682419,-0.16662401750740763,-0.06707068334883459,0.009556814734124262
ST,1012,0.354870640106977,-0.1774442708976173,-0.05871167122761604,0.01988951578553965
ST,1013,0.4312372952589967,-0.20797052559699097,-0.05431361163037616,0.0425089052032171
ST,1014,0.3751663525497961,-0.18594183171274073,-0.023062436676788513,0.02274890844761428
ST,1015,0.481569367832827,-0.22502975843100473,-0.01434414448846467,0.05393339674324218
ST,1016,0.42265403295478843,-0.19973622527932122,0.011647531086489022,0.035173340367111144
ST,1017,0.4763016620164737,-0.2248846865841396,0.03809182904677854,0.04667627028192609
ST,1018,0.4091255324332372,-0.19916001762965865,0.057926522877460335,0.025700489791231136
ST,1019,0.3435528799321368,-0.17956144519869816,0.07481793708092309,0.005072386261381289
ST,1020,2.645714492409882,-1.0271985332210727,-1.21287688238367,0.8655991112809485
ST,1021,2.4961521767360066,-0.9867296302943812,-1.0473596275667372,0.7958594775583947
ST,1022,2.504219071512729,-0.9678968356337752,-0.9563670971421041,0.7920209535082439
ST,1027,-0.13501066770707953,-0.02853006933364635,0.0895330360839103,-0.11691945148912543
ST,1028,-0.13716786849441664,-0.024153462884047183,0.09074069434070912,-0.11995457846068171
ST,1029,-0.13939277479978354,-0.0238058739141728,0.09324440238107666,-0.121054149663733
ST,1030,-0.13877827466859374,-0.019324022747135013,0.09257087237296927,-0.12248120477821561
ST,1031,-0.1404289516844704,-0.01766470098381184,0.09370368875691162,-0.12434119865928395
ST,1032,-0.14182468032985923,-0.019785583206171506,0.09778942791429213,-0.12454482036124344
ST,1033,-0.14409936360118125,-0.014796699573289756,0.09551080771819752,-0.12780855763197346
ST,1034,-0.1442162940791206,-0.01513327390616294,0.09548291846599295,-0.12877538610079098
ST,1035,-0.1437586935807954,-0.018056288822779886,0.09893592549563361,-0.1281007051059176
ST,1036,-0.14190203605995827,-0.04356978898201889,0.10056113472515787,-0.1267750786471797
ST,1038,-0.13459442384712234,-0.02991521068107586,0.08954108358466001,-0.11613951669302879
ST,1039,-0.136566915471367,-0.024972817791688872,0.09039811202796244,-0.11930283878213885
ST,1040,-0.14455157251459752,-0.012356245823807333,0.08718088195208606,-0.12844548776690518
ST,1041,-0.13849352674915022,-0.023198034804164224,0.09468770648919526,-0.12101822860501672
ST,1042,-0.13981953073513975,-0.016465201737022223,0.09239907333108983,-0.12419538980378146
ST,1043,-0.1405158426523557,-0.01793214266414685,0.09540982992512582,-0.12424031128968002
ST,1044,-0.14347868309895886,-0.015613233868668112,0.09606860964718077,-0.12696465412578675
ST,1045,-0.1447245598679974,-0.01394347420401025,0.09497357989264302,-0.1292035534268962
ST,1046,-0.14432974110650929,-0.01487620128364147,0.09905124673777063,-0.12836692807229214
ST,1047,-0.14411630191011193,-0.023493664007953215,0.09855537975489632,-0.12893808345192032
ST,1049,-0.13267883838223724,-0.03104802969432883,0.0876922037577241,-0.11431893652199653
ST,1050,-0.13695097081917132,-0.024200944195376693,0.08868865017323947,-0.11969266477233992
ST,1051,-0.13854967563674783,-0.025314182092048464,0.09186096224842935,-0.11993390376211514
ST,1052,-0.13813753024743006,-0.020025965918761726,0.09100115325387621,-0.12175977825398018
ST,1053,-0.13414371272268505,-0.02031945005222465,0.09223294146462074,-0.1189331112916958
ST,1054,-0.137893989029431,-0.019594335914016225,0.09493206145747596,-0.12174327909897627
ST,1055,-0.14300815294629868,-0.016719653338228026,0.09489216119688683,-0.12656908203017367
ST,1056,-0.14450112410227534,-0.016765822720935287,0.09421729980288472,-0.12890562452338789
ST,1057,-0.14410330508786237,-0.01610897731797584,0.09735473722425403,-0.1283396859810997
ST,1058,-0.14431595017622875,-0.018135377864565136,0.09771876649936423,-0.12899599979848705
ST,1060,-0.007601443345299161,-0.1572706201541907,-0.05195893665236584,-9.866437259208119e-5
ST,1061,-0.006618554135874804,-0.15721210780390915,-0.039329007485644406,-2.0063592586463044e-4
ST,1062,-0.03231517173768843,-0.12572813565145174,-0.008764030177104289,-0.026494264028824873
ST,1063,-0.028519311577583605,-0.13948069376255498,-5.650983816869933e-4,-0.020741770683103244
ST,1064,-0.052692697858919585,-0.10193112551204872,0.024672780519318677,-0.050701298670217554
ST,1065,-0.07433974300651965,-0.08678659253870745,0.04330935230723734,-0.07154226230546129
ST,1066,-0.05103627520332177,-0.09358631231889608,0.03899412392088427,-0.05216398736008677
ST,1067,-0.04853606497801921,-0.11197686837812429,0.049728869819941145,-0.045481216154422424
ST,1068,-0.0502861200899175,-0.11040988449244103,0.059142365463263215,-0.04843893952307365
ST,1069,-0.057548557305630244,-0.10593683650655507,0.0693046508306324,-0.05549464899947393
ST,1071,0.12678449352264537,-0.29166127918623275,-0.067483188209038,0.12067580520896669
ST,1072,0.12614069777167922,-0.30262158913931303,-0.04688821374854996,0.12521319407550194
ST,1073,-0.08022749820371589,-0.09015160312423748,0.041280255055477055,-0.06413030814102694
ST,1074,-0.0926118151357487,-0.0728995626128747,0.053640768482151796,-0.0787654276861783
ST,1075,-0.10456110242881204,-0.057530837809392735,0.06238188284171021,-0.0910802969130183
ST,1076,-0.10110425382501889,-0.06381347995866446,0.0675671066528264,-0.08754320527910112
ST,1080,-0.05805736764803036,-0.11330691307575554,0.015252441886364976,-0.04280748410591536
ST,1081,-0.07798559941826819,-0.08909346112830545,0.03588930732034648,-0.06513446772029532
ST,1082,-0.0932746827407298,-0.06668025380325074,0.04911697170449304,-0.08205184128453746
ST,1083,-0.085465471081928,-0.0803942501209845,0.053078541127975276,-0.07307751194682996
ST,1085,0.23214645612349932,-0.15558766883285302,-0.005403403057191275,-0.01948824470072922
ST,1086,0.14726943050490673,-0.11317600331156732,0.024132838629473293,-0.049941852917901416
ST,1087,0.1327202566557602,-0.11105419927338774,0.03839859031985783,-0.05532011282713873
ST,1088,0.12580671427965104,-0.10641756825274534,0.04954019569898181,-0.05865210146634578
ST,1092,0.21428624138960511,-0.143995889013389,-0.013343131889898194,-0.02592108080573842
ST,1093,0.18695798852887605,-0.13091196086621235,0.006935791826321171,-0.03682166107819129
ST,1094,0.12340945671496512,-0.10228882431702169,0.029328702912395078,-0.05768234496637898
ST,1095,0.13456676268818835,-0.11004231117105094,0.04049082859055913,-0.05643444728926445
ST,1099,0.9156995300794389,-0.5553663749361492,-0.32885753751805474,0.35578967544647
ST,1100,0.8938564808408942,-0.5199742704293341,-0.28004047727290154,0.3465563154721808
ST,1132,-0.08727102035990322,-0.07287490096937528,0.06183450433659528,-0.07505761340264408
ST,1135,-0.0871292888872224,-0.07766445939278932,0.057563056943894395,-0.07328887453033223
ST,1137,0.04118229955011088,-0.22697595477822916,-0.02063290855666933,0.053807723616759146
ST,1138,0.039252107655131235,-0.20986857636138812,-0.0038417559174591482,0.04797676997239756
ST,1139,0.01867472141393843,-0.192762999899882,0.021572718794925092,0.027566135082528496
ST,1140,-0.1584698148572998,-0.028239188759120157,0.08463195844271576,-0.13949019713827088
ST,1141,-0.15825202222348805,-0.02919767501204938,0.08543594985412263,-0.1393094773510917
ST,1142,-0.15905182104563617,-0.02494502523514534,0.08492058613265699,-0.14002028266332975
ST,1143,-0.15840071059242297,-0.027247521290575064,0.08595051732438612,-0.1395392213318887
ST,1144,-0.16302874815786625,0.010114998597421569,0.08400717733848877,-0.14382354985456286
ST,1145,-0.16312873605502543,0.01013943761073597,0.08435475797379573,-0.1439165779046945
ST,1147,-0.15020733775619816,-0.0636328300965914,0.08564910090100743,-0.13206252384284592
ST,1148,-0.1499175812199493,-0.0654279454015502,0.08705441746914266,-0.13180056099091136
ST,1149,-0.15189963517834595,-0.05723701334079247,0.08683918694669411,-0.13356896141124705
ST,1150,-0.15057443904073534,-0.06196203241854875,0.08858120278696348,-0.13244663435909937
ST,1151,-0.15897107861785872,0.008187558496350911,0.0847734340191077,-0.14032532104791565
ST,1152,-0.15915505080186584,0.008221612971706708,0.08558639964421423,-0.1404997179265617
ST,1154,-0.13714382435195105,-0.10937497054414791,0.09129219323735081,-0.12078349629983744
ST,1155,-0.13982641595396672,-0.10350421561403243,0.09272182978065956,-0.12301254869566851
ST,1169,-0.12712694864189505,-0.032998027058198993,0.06336553660200367,-0.11053100314609782
ST,1170,-0.138780875510827,-0.017710249140634318,0.07024053940469005,-0.12415771094336098
ST,1171,-0.13955059126838376,-0.016356962799241374,0.07189921432062377,-0.12432044897594607
ST,1172,-0.13920741605353665,-0.017204609253063986,0.07409182377416916,-0.12443659526373171
ST,1173,-0.1408236698386511,-0.01772602093609993,0.0765535406582132,-0.12597621397367845
ST,1174,-0.14148128433599605,-0.015593680991742902,0.07824463821463494,-0.12650937966640347
ST,1175,-0.14028527193629198,-0.01660843572280613,0.08009393145405327,-0.12519877058722442
ST,1177,-0.12577572074104296,-0.03337497744233122,0.05640484154706322,-0.10956445222380813
ST,1178,-0.12524809655041416,-0.033685937441955326,0.05910385127243437,-0.10889207965738057
ST,1187,-0.1343662277111788,0.0016472365367900127,0.11454564655904952,-0.12066734258009446
ST,1188,-0.1386633595185543,-0.001994495171834886,0.11012067748384972,-0.1235847491701763
ST,1189,-0.14232707014277823,-0.004219531118677161,0.10378241687434274,-0.12737833888661304
ST,1190,-0.14689113086407873,-0.004993441689316949,0.09756737962673141,-0.13170974491063137
ST,1191,-0.14667055811840718,0.002414829290452322,0.10074076693782458,-0.1328500719111723
ST,1193,-0.13827224365864726,-0.0011102256161040884,0.1072261191963768,-0.12398769117264717
ST,1194,-0.1391491275589343,-0.0010745035782443418,0.10746639924685632,-0.12441253398252546
ST,1195,-0.13945918079314618,-0.008209270384229885,0.10913843499917236,-0.123748513235133
ST,1196,-0.14056348177959685,0.0011079132785105329,0.11259224911423721,-0.1262879418701414
ST,1197,-0.14431285959987306,-0.002988853060119008,0.1052198892259759,-0.1293287016435117
ST,1199,-0.13609361654109428,-0.008028170715061548,0.1030372066237511,-0.1209363062788858
ST,1200,-0.13917035783789314,-0.0026594374639992095,0.10443087019148056,-0.12397063891230747
ST,1201,-0.1397059373120689,-0.006324711145221543,0.1052131822123723,-0.12426429634788085
ST,1202,-0.13878758352115006,-0.005078144342687715,0.10990879232790272,-0.12360442152235313
ST,1203,-0.1420205197400712,-0.004489533106587903,0.10777666395786391,-0.12659413289388038
ST,1205,-0.13077508109522928,-0.008674111747347996,0.09402620663343311,-0.11730234417110628
ST,1206,-0.13216887242115632,-0.009593866949075356,0.09677842353637037,-0.11768430631761134
ST,1207,-0.13355446168669596,-0.008831761242172529,0.0970177094065819,-0.11981495465989371
ST,1208,-0.14048271592472744,-0.006077829806114012,0.09281451849061766,-0.12677234236761095
ST,1209,-0.14280618034075773,-0.014158176014597287,0.09001046587578636,-0.12784513206296708
ST,1211,-0.1300614686050052,-0.013085134295223653,0.09005057077438097,-0.11606921965077008
ST,1212,-0.13201269447908054,-0.01059331640087212,0.09374869652730683,-0.11740219585658435
ST,1213,-0.13636375197733355,-0.016147179222137733,0.09078543587409636,-0.12120514257027816
ST,1214,-0.14021114339148336,-0.018036453588099258,0.08830930700022933,-0.12611359941507105
ST,1215,-0.14283938942044716,-0.014043638639442002,0.08843444297744027,-0.1278445243492534
ST,1217,-0.06507884888358537,-0.09077222332942672,-0.03325967906498632,-0.034550283936322
ST,1218,-0.07268585850947644,-0.08646628189199534,-0.01771641190930763,-0.04084159372447961
ST,1219,-0.06563857658972971,-0.07885940051921156,-0.016295299829060007,-0.03566232286970071
ST,1220,-0.07834259753492788,-0.053984511974655654,0.006636312025507171,-0.054231367928468784
ST,1221,-0.08794003857297387,-0.05312904912649252,0.023889066008005288,-0.06582878603468084
ST,1224,-0.074282526673223645,0.3643158763985657,0.07634571195057417,-0.0887564603983319
ST,1225,-0.07687228126411523,0.37118690037852264,0.09541977992433472,-0.09431429134473823
ST,1226,-0.05850203440029494,0.4868591017906579,0.15373260461734117,-0.09226017651608968
ST,1227,-0.04675375926179773,0.5872079119572036,0.23582309305287005,-0.09581110774223553
ST,1228,-0.0410127475094806,0.664789431019709,0.2898570807105371,-0.10280494371972843
ST,1229,-0.06843233309239916,-0.08598018730205313,-0.025039810094865673,-0.03978390187437227
ST,1230,-0.07197205923343233,-0.08833252567292793,-0.01476314343715036,-0.0401603152318778
ST,1231,-0.07604003805789708,-0.06241681057353675,-0.003253971840492233,-0.04999833917132994
ST,1232,-0.09045783230797773,-0.035294378817028606,0.01883579813973943,-0.06969068125660013
ST,1233,-0.09431297481994105,-0.024180620346886773,0.030514824912665387,-0.07634366140683307
ST,1236,-0.07575335862365484,0.3606984517634504,0.08439807162017204,-0.0902093031920798
ST,1237,-0.07154572855773149,0.4012476537143976,0.1116784455388005,-0.0930040742519778
ST,1238,-0.06523820764173939,0.4572476784834147,0.1646484592402962,-0.09590118043598357
ST,1239,-0.0458511109467093,0.6029995006057234,0.25512242269880625,-0.09763850815919439
ST,1240,-0.04036538151562699,0.6807202770595541,0.30919433822703735,-0.10497296313071236
ST,1241,0.3710141871428646,-0.3624863480956287,-0.1970605358211565,0.36762729323871707
ST,1242,0.3229353381335785,-0.3539969577825302,-0.12620191114041096,0.33388415980714237
ST,1243,0.29982902217612123,-0.3309011233562168,-0.07297430830493797,0.30618038919576906
ST,1244,-0.15243970850522215,-0.002715131214995576,0.08032570653311624,-0.1333490496084102
ST,1245,-0.1544165857681549,0.0021886644769017775,0.08208766871529677,-0.13568078418155677
ST,1246,-0.14962309481263647,0.10802751834904455,0.1285285135709777,-0.1461689409217883
ST,1247,-0.14914270280430822,0.12555261273396767,0.13697560634274522,-0.14827349066420242
ST,1248,-0.1513379594847516,0.07547503645404843,0.11885527575188974,-0.14341596886088465
ST,1250,-0.1516858313574636,0.0019407620452384432,0.07900442750114672,-0.13341616708763407
ST,1251,-0.1535205754651921,0.005173562738907073,0.08066624341637667,-0.1353717818951921
ST,1252,-0.15025386340073738,0.09090843162369242,0.11546542201749697,-0.1440089704512459
ST,1253,-0.14955930589791655,0.11089025976964594,0.12537298207252492,-0.1462250392026641
ST,1254,-0.1510721460514803,0.07187313455594897,0.11312806854720954,-0.14251038650294848
ST,1256,-0.1391057638393948,-0.0051656967735501,0.07210539956464973,-0.12244174639839976
ST,1257,-0.14320236078379883,-0.014313794752085286,0.07073945103797305,-0.1249829487104481
ST,1258,-0.13880351022198648,0.09669897653074067,0.10709589323971215,-0.1346475795332487
ST,1259,-0.13726717523771087,0.14567265447121472,0.12619146069434312,-0.1394876316693096
ST,1260,-0.14000909895643138,0.08667113742339554,0.11012746769487174,-0.135165037668229
ST,1262,-0.15395329373887331,0.08684898623236356,0.05984485241969364,-0.13927123428488122
ST,1263,-0.15269347127128963,0.0982305057361515,0.06404987077556594,-0.13962225462259042
ST,1264,-0.1562964464734288,0.007882173532295549,0.069939102153643,-0.1377337351679012
ST,1266,-0.07404495687182777,-0.061241435326240205,0.020264656122718445,-0.06369827293969173
ST,1267,-0.07898197926356798,-0.0488075092451142,0.0319573519314878,-0.06859348421055525
ST,1268,-0.07751556763715503,-0.04278350591580001,0.037749855963086124,-0.07081232337953731
ST,1277,0.4955864629740791,-0.7288830538889044,0.1782072086261951,0.505567386002165
ST,1278,0.4840354042165816,-0.700387815615152,0.22401168112779812,0.4878729750769263
ST,1280,-0.08879385157365123,-0.08482054801939301,0.10263365508289392,-0.005422580789458341
ST,1281,-0.09455518381946515,-0.08953752671236208,0.11403571549052788,-0.005596724343775771
ST,1282,-0.10180058828456783,-0.07533755130286825,0.11531178870795554,-0.025666252896609964
ST,1283,-0.09809749838290172,-0.08468112353360656,0.1261443558730235,-0.015201532287591633
ST,1284,-0.1066797736838399,-0.06884199123673068,0.1243962547479646,-0.03801862271381016
ST,1285,-0.10894967448275233,-0.06636905995080898,0.1289189720024243,-0.04281607148509853
ST,1286,-0.10760300172264854,-0.06766331402737663,0.13518590377197645,-0.04090488333898545
ST,1287,-0.1081983685488432,-0.06990951298633177,0.14342783012281776,-0.03980282355526612
ST,1288,-0.11309344416834638,-0.05848152337931271,0.13894993353801788,-0.05486952971830966
ST,1289,-0.10883007425791426,-0.0703950328306648,0.15601486466472186,-0.040353122427643676
ST,1290,-0.10879885354595539,-0.07000764600374154,0.1617473165306569,-0.04163345518745596
ST,1291,-0.11424487808198384,-0.06251178578981083,0.15975899071357913,-0.05364862940014522
ST,1292,-0.11787398972203389,-0.055613599282853414,0.15676458895110698,-0.06319767905802767
ST,1293,-0.08888002241902264,-0.08550564372908619,0.10171143801371656,-0.004695417644194123
ST,1294,-0.09288571520890652,-0.09133313621538068,0.11305816426943764,-0.002280053194571178
ST,1295,-0.10021463075484335,-0.0754758253441562,0.11365778131839317,-0.024039556651881247
ST,1296,-0.09941900555281379,-0.0824958930870324,0.12394798921239987,-0.018178071633147615
ST,1297,-0.10994262969731317,-0.059433458323807926,0.11770325687179259,-0.049231453716813235
ST,1298,-0.10693263820955114,-0.07087224214872276,0.13081127400382855,-0.03682697824671733
ST,1299,-0.1062888051000172,-0.06965927204397347,0.1354847821337385,-0.03781297418406809
ST,1300,-0.11223173240561699,-0.061203762697296694,0.13540623270557894,-0.05119308584833224
ST,1301,-0.1096998823155103,-0.0644848511462537,0.14326965006881567,-0.046187306139074034
ST,1302,-0.10848205508911475,-0.0697551001608859,0.15427043114363115,-0.040461781875113394
ST,1303,-0.11125379317158368,-0.06603129494807206,0.1567177744117266,-0.04719861469912807
ST,1304,-0.11167174622164011,-0.06723855140609032,0.1642594377302899,-0.046939606931079673
ST,1305,-0.11628891651499043,-0.05477870624684575,0.15457262914765973,-0.0624944260854814
ST,1306,-0.08296776774653584,-0.08446509515603652,0.09752244726860096,-0.06621311039012905
ST,1307,-0.0992431570237507,-0.07290160965440783,0.10437693343496088,-0.08138433576004939
ST,1308,-0.09808438155748242,-0.08035960746652683,0.11436114002254874,-0.07831212578306432
ST,1309,-0.09909659297253116,-0.08119050504015371,0.12165739905673702,-0.07871279380167591
ST,1310,-0.10462856127518287,-0.07055165092287614,0.12242732552979922,-0.08619329858851398
ST,1311,-0.10716268489708704,-0.062051018186890995,0.12226379819425193,-0.09091386462143275
ST,1312,-0.11238005047334636,-0.05112772588790905,0.11952718467133452,-0.09812656055791563
ST,1313,-0.10783780497507534,-0.06394734761383095,0.1350230407083759,-0.09116252015172228
ST,1314,-0.1094264394760613,-0.06392101631980009,0.14093599561891496,-0.09225715144566897
ST,1315,-0.11111086422426247,-0.05808657495367096,0.14041623847915766,-0.09519852129279194
ST,1316,-0.1071307674320588,-0.07177697511134448,0.16105614973093532,-0.08803221630940943
ST,1317,-0.11130912981366249,-0.06535207490740325,0.16026203524513355,-0.0930688903800506
ST,1318,-0.11653225290804353,-0.052959526411931405,0.1502811186150775,-0.10071776888974447
ST,1319,-0.08653039921294435,-0.08319539239596427,0.09702089241084146,-0.06883010764904715
ST,1320,-0.09336238518361607,-0.08333627834431075,0.1063786313864075,-0.073649415770719
ST,1321,-0.09611928860827411,-0.08411855070864571,0.11460587409240522,-0.07545662236712172
ST,1322,-0.09701998443567794,-0.08010154383989451,0.11901062933551684,-0.07737722658075218
ST,1323,-0.10588604537952623,-0.06446417749771123,0.11735094449362532,-0.08886054520308483
ST,1324,-0.11270893224219466,-0.054176949080077856,0.1168386923165297,-0.09711963945977216
ST,1325,-0.10284430570910028,-0.07132797993109033,0.13337309483607704,-0.08464978306952439
ST,1326,-0.11062703586459423,-0.05942446105670447,0.13061388557622536,-0.09435851392495005
ST,1327,-0.10892229720787917,-0.061257934667135,0.13721417661837948,-0.09256566654223658
ST,1328,-0.10731966717425394,-0.070943591011999,0.152810108357507,-0.08809765923447552
ST,1329,-0.10966929703598989,-0.06680250311229197,0.15467008500987037,-0.09122419737080624
ST,1330,-0.11120985858240977,-0.06601858305777562,0.16016662967896303,-0.09257342618898208
ST,1331,-0.11578541961153874,-0.055842123620476074,0.1531703336222577,-0.09909846099766775
ST,1332,-0.08504189869893883,-0.08216637585910723,0.09552262411274232,-0.0681148519303317
ST,1333,-0.09542779744756333,-0.08369498065044143,0.10692768737580832,-0.07494761598991197
ST,1334,-0.09542276409579327,-0.08475408336988227,0.11428910281974836,-0.07475423331907971
ST,1335,-0.10499669699036739,-0.0688696138747014,0.11411545344327535,-0.08658399050622652
ST,1336,-0.10608419632686843,-0.0661029799223251,0.11826837582241728,-0.08842966749032367
ST,1337,-0.10511379198547369,-0.06983387734548817,0.12651857742207304,-0.08666105107986745
ST,1338,-0.10294124250869507,-0.07325491144471688,0.13468138348947717,-0.08406880751426808
ST,1339,-0.10640675001977971,-0.06824463964212468,0.13734470717577904,-0.08852285013259766
ST,1340,-0.11008006601781818,-0.05950678412346201,0.13535545167902682,-0.0939527414299207
ST,1341,-0.10740842825863856,-0.07070813573156852,0.15221364769906795,-0.08822902276348714
ST,1342,-0.1072385571162192,-0.06775822228716726,0.15500102659633205,-0.0892103138007359
ST,1343,-0.11119450756332491,-0.06299802802925576,0.1559842472821579,-0.09357147321025647
ST,1344,-0.11664112870115804,-0.05565163440039882,0.15285169321031686,-0.09971982372101837
ST,1345,-0.09647805013006477,-0.07650404447568007,0.09588899852894303,-0.07788907407233149
ST,1346,-0.09529685543586396,-0.07968321846189501,0.10315592212180379,-0.07613574672751336
ST,1347,-0.09633731576340943,-0.0813683853223608,0.11100186551701516,-0.07646230715022652
ST,1348,-0.10059482920604335,-0.07649494111408292,0.11593311249642027,-0.08099602375807906
ST,1349,-0.10699455118493519,-0.06685881308761164,0.11770310437777337,-0.08877060032977396
ST,1350,-0.1088704342813482,-0.06066110012538297,0.1190543844942419,-0.09230729318251202
ST,1351,-0.10860712994876691,-0.061217080768586396,0.12466424526246957,-0.0919446778209354
ST,1352,-0.1099126845375293,-0.05731378320061566,0.12676705744199798,-0.09456332407400769
ST,1353,-0.11110755799507739,-0.057986642529556286,0.13269657426140025,-0.09517821614206184
ST,1354,-0.11381917795363833,-0.049938653798005384,0.12975571437425384,-0.09956542865502106
ST,1355,-0.11251806411855854,-0.05637746894622011,0.14150762538908282,-0.09660945196131601
ST,1356,-0.1133860983426695,-0.049775921220489766,0.13830008212179487,-0.09953937402065859
ST,1357,-0.11720472314727637,-0.04447188837186199,0.13674883215061534,-0.10382926351044702
ST,1358,0.3930054621582719,-0.5751794400604103,0.10507238166210499,0.5242129414671983
ST,1359,0.3650685866174985,-0.5144702488540903,0.13137788320645835,0.469673911339363
ST,1360,-0.11380315926680012,-0.04571066424245222,0.10225081799064496,-0.09806673413366236
ST,1361,-0.1310836328270745,-0.03107822109677836,0.10456497164136405,-0.1150296855789785
ST,1362,-0.1329526689556259,-0.026684303248172916,0.10399816229470278,-0.11783106310359144
ST,1363,-0.13762323589078007,-0.022656750291346135,0.10324505051023841,-0.1228796863666274
ST,1364,-0.136688751523841,-0.019759683005007488,0.10281129714175874,-0.12310255335324308
ST,1366,-0.11416101635559082,-0.04929075757367315,0.09920065627665994,-0.0970266518430307
ST,1367,-0.13159717110568955,-0.027616576278011867,0.0983193284552061,-0.11641270802456136
ST,1368,-0.12653885496152825,-0.04091862766405292,0.10940146564380655,-0.10856564235030385
ST,1369,-0.13566970328424188,-0.02351905536320386,0.10088756465908723,-0.12085171458770487
ST,1370,-0.13541521225520362,-0.023335319224638742,0.10292754473500725,-0.12082947216689081
ST,1372,-0.09157789657259606,-0.06620925757416364,0.09493831433089055,-0.07829725600920837
ST,1373,-0.11340047804718809,-0.04680608779490263,0.10161465049631414,-0.10016062697976405
ST,1374,-0.1178411431092775,-0.04495224704507075,0.10572017885443855,-0.10380541607401375
ST,1375,-0.11428367956622194,-0.051955383373832986,0.11351473945678149,-0.09933323250980328
ST,1376,-0.11560594587078926,-0.047596603248768084,0.11494027568539032,-0.10171294375343337
ST,1378,0.18301243874451587,-0.045626613819190635,0.05228821834860104,-0.04292953844670925
ST,1379,0.11758314958713371,-0.04783404215278388,0.08860203160010277,-0.07705727450505365
ST,1380,0.18955874348105747,-0.0808528803342397,0.09924326288057919,-0.051464626087215776
ST,1381,0.16936176644375317,-0.07401807654619162,0.11467133922827856,-0.059987401807454085
ST,1382,0.1311406312625611,-0.056369198852362905,0.1265660917211898,-0.07495170821525542
ST,1383,0.09939112763954658,-0.04049362555546987,0.13440039894343156,-0.08662693530652646
ST,1385,0.43872766544362146,-0.2885650688162816,0.059774719993536375,0.1602734365990536
ST,1386,0.4299293601509152,-0.2805225059613487,0.0857791589305691,0.15527318122091036
ST,1387,-0.16400352741727786,0.010613600590669937,0.08325773401361922,-0.14465340346238623
ST,1388,-0.1591601705388577,-0.024860233728574096,0.08770077706273659,-0.14018581541312303
ST,1389,-0.16336944426806904,0.010173373979104164,0.08558723913142917,-0.1441479019314113
ST,1391,-0.1413517335028202,-0.01503970755115237,0.08769377581087752,-0.11080571857596404
ST,1392,-0.13924078505398454,-0.016733954824849444,0.09073902223227488,-0.10844106710868197
ST,1393,-0.14257848077135216,-0.011226322652623416,0.09201514972710995,-0.11425298746349592
ST,1396,-0.14396281256922824,-0.015353049384584818,0.10231004233863433,-0.11361551214952544
ST,1397,-0.14618912763613676,0.016466400207003656,0.10670516092259401,-0.12376384400523181
ST,1398,-0.12436261124083835,0.4250838234668418,0.2833963515559315,-0.15842343023502803
ST,1399,-0.13995255808428395,0.2800755912287419,0.19941126859090536,-0.1538578901030166
ST,1400,-0.14108875887327332,0.269530720379211,0.19177261419251232,-0.1538541215873033
ST,1401,-0.14072200155229853,0.27448923120464064,0.19420875541306354,-0.1545650620314615
ST,1402,-0.13700570900112005,0.32699331387898906,0.2343376868037858,-0.15913418621404024
ST,1403,-0.14107631592198697,-0.014174768820437736,0.08005185168970241,-0.11059718063819604
ST,1404,-0.14270404258010222,-0.01089069216891257,0.08266640625492658,-0.1137806134560174
ST,1405,-0.14251951679073394,-0.009617157100991742,0.08470389864099649,-0.11464412758035916
ST,1408,-0.14333297953083168,-0.014869468229539634,0.09518969081784395,-0.1128995335245055
ST,1409,-0.14777546876972095,0.016679865830018265,0.09947169509540596,-0.12532705326959356
ST,1410,-0.1281410794482271,0.3650943549204108,0.23698039279795993,-0.15217579570344925
ST,1411,-0.14261683247656665,0.24502300504154598,0.17556212400672783,-0.15056007856209674
ST,1412,-0.14228381670955223,0.24506047703425662,0.17015334558558273,-0.1505272919875329
ST,1413,-0.14122547377532463,0.2585532980801592,0.17901114789798184,-0.15181672473797672
ST,1414,-0.13739988501430594,0.3114558313328073,0.2200990197718117,-0.15628171372708274
ST,1415,-0.05778003161650567,-0.08113995048332003,-0.040478940683469626,0.005252668708301259
ST,1416,-0.06402642994254684,-0.06373735591812599,-0.019073095966942864,-0.010777989111970736
ST,1417,-0.057885850015183433,-0.07849406695775522,-0.015569857516986673,0.0018780413650200801
ST,1420,-0.059846543694453615,-0.06899746565101772,0.02279678894599689,-0.006914427665333216
ST,1421,-0.06425678807705289,-0.06971718836488172,0.03752169220546468,-0.009638426363051017
ST,1422,-0.051376555661694925,0.5120765154977552,0.12130692107331568,-0.06592579956030069
ST,1423,-0.057394869508601225,0.7235506047606179,0.16450137383965277,-0.09303633537167474
ST,1424,-0.05809598792174857,0.7557708612989957,0.2214553731614388,-0.10065362524704637
ST,1425,-0.0639274628176247,0.7550528002935959,0.24532225481400868,-0.10971079907209974
ST,1426,-0.057442271102304925,0.8423638148446001,0.3267448545861473,-0.1173468179291566
ST,1427,-0.16043528842418642,-0.019332553167786176,0.08792178873348583,-0.1413587480859465
ST,1428,-0.15928694076915229,-0.024556211506572237,0.0910121809988084,-0.1403645605005221
ST,1430,0.03972687208182662,-0.13874192720396789,-0.05948629514924585,0.11087006063695704
ST,1431,0.03872258899939812,-0.12979259458123557,-0.03975648575625186,0.1028951894689846
ST,1432,0.10843598673260915,-0.09757715821388495,-0.05817948841617669,0.1372427248295495
ST,1447,-0.16315433495181006,0.010165320244555402,0.08413181023387598,-0.14393458483791355
ST,1448,-0.1585006178587332,-0.02606287393861009,0.08753724648898616,-0.13970523307762253
ST,1450,-0.1631678306280773,0.010211866530994125,0.08349133795868251,-0.14393433787209517
ST,1451,-0.15820651727897858,-0.026518501528776935,0.08645536310072802,-0.13945655972533752
ST,1452,-0.158563694465884,-0.026036572516176443,0.0869291985962787,-0.13973315246255005
ST,1454,-0.1577991445157501,0.0019768818117922127,0.08130298200035294,-0.13971563270918766
ST,1455,-0.15453886222234237,-0.0011412630580359458,0.08339119106864785,-0.1363857936322875
ST,1456,-0.15475587110482958,-0.001524052679485812,0.08461986087221439,-0.1364157485350891
ST,1459,-0.15774355397719303,0.001704457059570384,0.08448119137055866,-0.139768854662405
ST,1461,-0.14919340388778926,-0.00793954002337188,0.08498891456013266,-0.13121830218428024
ST,1462,-0.14750353182046283,-0.011651172217490265,0.08846618808144233,-0.1288527072080699
ST,1463,-0.14810903418472215,-0.010193159251642549,0.08915661622663419,-0.12974881594310744
ST,1466,-0.1512357609058147,-0.00571519884968993,0.09041775137962903,-0.1334819204151446
ST,1468,-0.14854635063050914,-0.009325168415728443,0.0845929790507832,-0.13025042218405186
ST,1469,-0.14716528232826667,-0.011283375596859045,0.0869145470588082,-0.12871052380901452
ST,1470,-0.1497404190321315,-0.007082115802116427,0.0863227424848266,-0.13185771123575882
ST,1473,-0.15016784475581474,-0.006618849596780085,0.09009925811547362,-0.13240577170023063
ST,1475,-0.13271850611014332,-0.0302635940580564,0.08684045392704336,-0.11420872517556759
ST,1476,-0.13377054953192122,-0.027300075032331825,0.08863297897549058,-0.11598643854838718
ST,1477,-0.13443711670125674,-0.024210224649267163,0.08975273269869136,-0.11743590401214136
ST,1480,-0.1374442743321239,-0.023197200476613285,0.09781670215266472,-0.12001912597530481
ST,1482,-0.04130491379435083,-0.09842506326876724,0.10075797017204177,-0.03701656044641502
ST,1483,-0.04218712528595408,-0.09777788453956555,0.10846622133937929,-0.03759287013580158
ST,1484,0.019393508867132685,-0.07042095646127504,0.08024198958114596,-0.00427866945131624
ST,1488,-0.08889155796229921,-0.0757611750050724,0.03891347154521793,-0.07331328321177452
ST,1489,-0.08041862763985122,-0.08710231842790704,0.042480066605823125,-0.06490524713334658
ST,1490,-0.09036574167805024,-0.07611839224437948,0.05359853184065301,-0.07542377769810325
ST,1491,-0.08316958865956456,-0.08529103388439345,0.058607500262407485,-0.06754545812556284
ST,1492,-0.08214937256796291,-0.08982908120548473,0.06694551338413794,-0.06553521084529175
ST,1493,-0.08252349439434457,-0.08957919672164057,0.07508568980849752,-0.06589470982055752
ST,1494,-0.08449132552548982,-0.08735821254772767,0.0832080884926578,-0.06847522463998194
ST,1495,-0.08688170661658921,-0.08954452950771477,0.09333871380154012,-0.06939071629394468
ST,1496,-0.09453330930032433,-0.0777486376953321,0.09766383598073883,-0.0784841177150918
ST,1497,-0.09185265436607562,-0.08170168352443295,0.10681831601357322,-0.07539654587655044
ST,1498,-0.09562177808500912,-0.07734109140015535,0.11246481953371676,-0.0796143759430644
ST,1499,-0.10779194549413335,-0.05420982005943214,0.10337667061259602,-0.09586306462638347
ST,1500,-0.01773396265767474,-0.14831352978842607,-0.022315260310560116,0.007008892982482738
ST,1501,-0.010487012055639676,-0.16441326089295916,-0.01406214883357195,0.016333183969819056
ST,1502,-0.009998830414915595,-0.1556813415088621,-7.606017201523516e-4,0.0126235465058231
ST,1503,-0.021223905910069597,-0.15039519575757254,0.018102532058605847,0.001601523671101562
ST,1504,-0.028819314535382803,-0.13969747910323707,0.033334991947500746,-0.008841655664327614
ST,1505,-0.011203882392057728,-0.15472768435270803,0.03963108240157314,0.009960871769818205
ST,1506,-0.018207771795595993,-0.15226889580867795,0.0559174037215912,0.0031530015665601836
ST,1507,-0.027870677123660256,-0.14287421407264922,0.07014734452015396,-0.00774072593311247
ST,1508,-0.025197905209569504,-0.14632046924440215,0.08344788759712422,-0.003921419047174116
ST,1509,-0.035252874519672316,-0.13307824336397264,0.09332031906053855,-0.01738685495421625
ST,1510,-0.03009811957431603,-0.14722935330603967,0.11284013420250884,-0.0075999552326513845
ST,1511,-0.04591343115107955,-0.1242849086612344,0.11489298777366083,-0.028979735002614075
ST,1512,0.013110006240232008,-0.16977412765400923,-0.15627085891965686,0.020764858208943863
ST,1513,0.03465525487400127,-0.20154274421379664,-0.17278323507637605,0.04302487853406218
ST,1514,0.030199489273502526,-0.18172596067472582,-0.14174351581596156,0.03306321657939251
ST,1515,0.010067521337508975,-0.16453400088708908,-0.1032558232905095,0.01256718001018936
ST,1516,0.025928070195699003,-0.19152805744686074,-0.11067636373900713,0.032615347383045404
ST,1517,0.021189091533640333,-0.1728468783783725,-0.08418105306765891,0.022621613259565364
ST,1518,0.0012946740898692767,-0.15298929291764035,-0.049283921046265555,7.528749448316254e-6
ST,1519,0.0055580005723870314,-0.17240444051924675,-0.042837375277083804,0.010491059821515535
ST,1520,-9.067536689987187e-4,-0.16550700535021817,-0.02317194827805772,0.00406559097362409
ST,1521,-0.012841365806761965,-0.15095226542358373,-0.0014268910825229904,-0.00963885651889201
ST,1522,-0.010627174105473682,-0.15494837106226644,0.011672320475050846,-0.006994328436415574
ST,1523,-0.02647704628639731,-0.13419285065908654,0.029659430023508706,-0.025145322837396088
ST,1524,0.01574093651288154,-0.15649632524498386,-0.29234433481599714,0.0435472993856631
ST,1525,0.027176989629471092,-0.16944740806198025,-0.2972988242782684,0.05315892561257392
ST,1526,0.01709350572571267,-0.1457553653764514,-0.23957597130849234,0.03310078321778134
ST,1527,0.010589944503530908,-0.15748634805744668,-0.23732458676011453,0.03413361901245658
ST,1528,0.01348982845534213,-0.1561312340408715,-0.22293943134890565,0.0348934682235566
ST,1529,0.017486189380678516,-0.16429774249105866,-0.22270974867670307,0.042103213900878365
ST,1530,0.012036269566331923,-0.15637228257473182,-0.19211339122044055,0.03299980383883977
ST,1531,-0.0017846972860630934,-0.14765778266509497,-0.15740503492588367,0.018333256184008526
ST,1532,-0.0032566375773706146,-0.14409308933510534,-0.13998108006340548,0.015805850202739547
ST,1533,0.0018214495605749198,-0.15460912739553725,-0.1394913234927481,0.024901131460191375
ST,1534,-0.009915172576126442,-0.13684830878893345,-0.10079944053364016,0.006100310245669471
ST,1535,-0.021907007684001275,-0.13252964316855634,-0.07715546701414111,-0.004311853399904832
ST,1536,0.5032061101865131,-0.5929315318982205,-0.8458451600678739,0.5014585960509845
ST,1537,0.5023266802929104,-0.5840367006766297,-0.7949362540653884,0.49823827264790216
ST,1538,0.5747754613583949,-0.5727040436491442,-0.7923695008874603,0.5417136583265025
ST,1547,-0.11852271814240949,-0.02366372776837429,0.0709043250088374,-0.10025060422586471
ST,1548,-0.12281480157275151,-0.02751774239845787,0.07747367618675816,-0.10258746063437373
ST,1549,-0.12032841964666645,-0.025391743675479164,0.08271005769845372,-0.10106639907479438
ST,1550,-0.1253257318232622,-0.021049482129238684,0.0871504337458398,-0.10635413575668412
ST,1557,0.09530205421559629,-0.027736048101666872,0.024365073690249605,-0.06981589979048407
ST,1558,0.06658560405352937,-0.028767954049745408,0.0466322093103279,-0.08537629382424346
ST,1559,0.04503720705149515,-0.01812442301798648,0.05992221857401749,-0.09408145129367997
ST,1560,0.07000549321480626,-0.03587423174600064,0.06890407839198631,-0.08737071317027678
ST,1567,0.12325165030926007,-0.06210756986840986,-0.0010699322313654593,-0.034533101424801246
ST,1568,0.11247039935225096,-0.06530696377047689,0.017510836090571493,-0.040779990832206334
ST,1570,0.17807847469480775,-0.05798354442127316,-0.01271111006817536,-0.05878479327376472
ST,1576,0.07589204722160886,-0.014798393741058999,0.08067215679693465,-0.0963490941664493
ST,1577,0.11770749856213164,-0.0279522346950417,0.09270041488786403,-0.08536420171126013
ST,1578,0.061858139460885274,0.0013261749761459838,0.10442782688248933,-0.10288792909029107
ST,1579,0.08175372985579488,-0.013754993834210841,0.11385339296747547,-0.09678350608722959
ST,1580,0.1736574124924259,-0.07961655300437198,-0.03902004859618658,-0.034549164286743816
ST,1581,0.14785501257267994,-0.06786835499900751,-0.014326970135375988,-0.04580466608826554
ST,1582,0.15961119116157665,-0.05858262987637799,-0.005106706636746024,-0.040876240000831544
ST,1584,-0.01275151770378196,-0.17651262340481444,-0.049632216056258796,0.5990135230737773
ST,1585,-0.026559852528831793,-0.1605448696951697,-0.02476226130219128,0.5358032062958932
ST,1586,-0.021487925696068617,-0.17582071195692656,-0.016057694853935066,0.5850303460047366
ST,1587,-0.03322702873906143,-0.15902138330093119,0.005247576158264568,0.5035461315067462
ST,1588,-0.033239937546581604,-0.15229930276160697,0.0184906192797643,0.47500288127683643
ST,1589,-0.033674542312624955,-0.15899858848570173,0.032333898665462414,0.490778126249593
ST,1590,-0.041424647406661734,-0.14493020871767476,0.04759867486410886,0.43173825622175044
ST,1591,-0.025382801000904988,-0.17880450060853406,0.06040063749257422,0.561333749995295
ST,1592,-0.04278467134790829,-0.14659276924321393,0.07444914663061963,0.43220055487127007
ST,1593,-0.03538008170509647,-0.17075740124242977,0.09293473673638947,0.5161397259357772
ST,1594,-0.042356501472308704,-0.15768855841003976,0.10528651719528874,0.45638834889482194
ST,1595,-0.0492347671812645,-0.14297275618619432,0.11462251292618231,0.3957519021949579
ST,1596,-0.05825883227978377,-0.12690566881971477,0.12128101960361748,0.3304757704131429
ST,1597,-0.012229479132087051,-0.17163310875915685,-0.07173480259207267,0.5969120737776558
ST,1598,-0.029022202822713082,-0.15435293725094992,-0.04313828136424989,0.5240784549221595
ST,1599,-0.025235968399038283,-0.1682100041070687,-0.035176913275310064,0.5677593735281997
ST,1600,-0.026968629895581693,-0.16934249394700152,-0.020641131266535447,0.5562104088172442
ST,1601,-0.037243962925419406,-0.1419091583578807,0.0013467778283399606,0.44685483209216653
ST,1602,-0.02889780951515351,-0.16158129288588682,0.009089997349256938,0.516837826710608
ST,1603,-0.044244214932544414,-0.13809009963803306,0.029648885679777796,0.416076848333821
ST,1604,-0.045041058096995906,-0.12858908632710175,0.04146613470869541,0.38244955272651404
ST,1605,-0.024883608751645067,-0.18718863379626394,0.05506325723320667,0.6018547847300698
ST,1606,-0.04521008862561789,-0.13972938969800983,0.06782462052774174,0.41353641730414026
ST,1607,-0.039684595379059634,-0.16249866061937918,0.08631239669317817,0.4880623077129717
ST,1608,-0.061599974494021416,-0.10695601148528237,0.08587622739685978,0.2680549982229276
ST,1609,-0.054753753394560054,-0.13369233462198332,0.10743332391385896,0.36684229007178737
ST,1610,0.15767441910134783,-0.355990158947124,-0.2592329449808738,1.4156265419709284
ST,1611,0.14577393144496456,-0.3716821041822287,-0.2297418201320245,1.4220860819025578
ST,1639,-0.11383810167435933,-0.038948176580933636,0.07274116053110215,-0.10006197181692114
ST,1640,-0.1304895487490345,-0.028862711905535125,0.07989779789757279,-0.11479947766141292
ST,1641,-0.12683384375309825,-0.03517449265227324,0.08409099546289642,-0.110210350677307
ST,1643,-0.11269799162442788,-0.04731571206735387,0.07668457234794746,-0.09640287092413265
ST,1644,-0.1250770562316747,-0.03768095153610332,0.08236485010678025,-0.10815799018716522
ST,1645,-0.12349399088064048,-0.041312469946871454,0.08690864645647763,-0.10595693215017817
ST,1648,-0.1304380510363971,-0.030240959896684377,0.09314879228509322,-0.11470645825749247
ST,1649,-0.13089542328135476,-0.03179011419656103,0.09794286410206832,-0.11424879864080792
ST,1650,-0.13298145866861383,-0.027353213961060087,0.09735878544992535,-0.1177434446934502
ST,1651,-0.13509561268379294,-0.023740347965597174,0.0967671622775712,-0.12062401593565696
ST,1652,-0.13728690513366432,-0.02136323292956352,0.097132064146048,-0.12287132951876285
ST,1653,-0.13553211755262873,-0.02818241843763978,0.10161968340638011,-0.12084057512322012
ST,1654,-0.13874957104956095,-0.030496197813854268,0.0996111826236712,-0.12450789782003581
ST,1655,-0.1392370298507991,-0.031740462717016436,0.1015119035349363,-0.12480327346563977
ST,1656,-0.11986566201480323,-0.03452137900369353,0.0717920609661625,-0.10537352250169797
ST,1657,-0.12768078862055857,-0.03333064639925896,0.07814330199614612,-0.11128106539326323
ST,1658,-0.12868168456702062,-0.03109621846764361,0.08093655833399395,-0.11272105344403699
ST,1660,-0.11981999974004316,-0.0355564340805457,0.06933179899605833,-0.10494647656153368
ST,1661,-0.1293921204119578,-0.029785671391838776,0.07533431956647922,-0.11359443151206976
ST,1662,-0.12450703537778252,-0.038474764780621444,0.07940804823408845,-0.10732210006185958
ST,1665,-0.13316074202688188,-0.02505386072880869,0.08564199985061473,-0.11816091852870737
ST,1666,-0.13039743678565768,-0.030552062889637712,0.09107047995128453,-0.11425867780183518
ST,1667,-0.13334230804859765,-0.026497648647735284,0.09130392898861073,-0.11834649136731251
ST,1668,-0.13540117742221924,-0.023072374724582248,0.09223678074967372,-0.12069567423765358
ST,1669,-0.137684810705443,-0.021425048273467057,0.09241475056817983,-0.12323991703639266
ST,1670,-0.13710325562283582,-0.027286357764173038,0.09566998950030664,-0.12244621569021784
ST,1671,-0.13870390575399547,-0.033052315723543814,0.09575447302345891,-0.12434767748634758
ST,1672,-0.13885880748577942,-0.033557484238942205,0.09764845228203817,-0.12440888602158104
ST,1673,0.05661124604889214,-0.1804828218633386,0.023606499863637633,0.046568772699936964
ST,1674,0.056592308811102436,-0.19323640051800609,0.039950797608581154,0.0516523333929437
ST,1675,-0.1313039599587036,-0.035595641086077,0.09357253028909558,-0.1116286873505303
ST,1676,-0.14260763669721427,-0.017392224047097393,0.08989467446369646,-0.12538486228138584
ST,1677,-0.14818570497827924,-0.008399740380550014,0.08793060435093222,-0.1321576616220524
ST,1678,-0.13929181455865255,-0.021465141519907582,0.09559819294506712,-0.12188192276803439
ST,1679,-0.1422752806405003,-0.016863978327503876,0.09494973983662178,-0.12561384944367263
ST,1680,-0.14112079639951872,-0.017072230549245494,0.09662654563881988,-0.12486323077294716
ST,1681,-0.14254685022982858,-0.016116549417407748,0.09805107639174569,-0.12616008339733306
ST,1683,-0.1294307723653992,-0.03558754355805964,0.09064680554287585,-0.11070826669430477
ST,1684,-0.14142233760722028,-0.017585893001368064,0.08811564060692881,-0.12496333805784957
ST,1685,-0.1463502438210793,-0.010308903411763378,0.08754031604268463,-0.1306670925012022
ST,1686,-0.13684853670984182,-0.02483903891492118,0.09552464551546455,-0.11949326409876342
ST,1687,-0.14038933899416148,-0.017180597827646252,0.09302270264577135,-0.12469637071503695
ST,1688,-0.13838140325209705,-0.02084581945262858,0.09705303913033998,-0.12233687021206573
ST,1689,-0.13947514445511072,-0.018625582011716046,0.09777970167803735,-0.12372697043775796
ST,1691,-0.1313689133825174,-0.03362961134609395,0.08906154567572118,-0.11221685189546733
ST,1692,-0.13335914696081444,-0.03304755042181263,0.09267725111494537,-0.11381026814174271
ST,1693,-0.13226985808158495,-0.034934176901230636,0.09659241595021885,-0.1125352819215582
ST,1694,-0.1344196671688067,-0.03020462768937503,0.09724139318861005,-0.11560550194485784
ST,1695,-0.14199379074567592,-0.017268369764002152,0.09277181603543261,-0.12524840753774896
ST,1696,-0.14148275204879962,-0.01761469570669095,0.0948290647738876,-0.12487405327296697
ST,1697,-0.1408813437852065,-0.019998640430522074,0.09879946897731333,-0.1236757110869598
ST,1699,-0.12446216888586392,-0.03715597496744597,0.08500534767489368,-0.10674486076622078
ST,1700,-0.14096093381970679,-0.01669484932282608,0.08454118074774593,-0.12498592011105396
ST,1701,-0.14608895204112995,-0.01046632257675634,0.08522149769961461,-0.13041547373725387
ST,1702,-0.14002239796663732,-0.01771443944745007,0.09396171582713587,-0.12453622259450292
ST,1704,-0.040066013490093234,-0.12373639242305925,-0.005586623966246968,-0.027993983217173463
ST,1705,-0.048065349169041524,-0.12528865015594456,0.00904088294570813,-0.033201050846742415
ST,1706,-0.04821796770478934,-0.12563446978035187,0.019510814957593613,-0.03345737808087512
ST,1707,-0.05039940802640126,-0.1244604165867814,0.030946710758452397,-0.03532108799482688
ST,1708,-0.07135854454533014,-0.08558066800244003,0.047197961947014554,-0.06320744796055433
ST,1709,-0.06635405150226012,-0.09391163463717597,0.05390163328706736,-0.05721689986405234
ST,1710,-0.07333635856323763,-0.08864992274775889,0.06380610916127098,-0.06387869961304
ST,1712,0.1249278821291703,-0.2932266871185088,-0.0010240380960619914,0.122168108558573
ST,1713,0.1385902430372093,-0.2732888442055942,0.00942276449413714,0.12569401993381035
ST,1726,-0.140653385899277,-0.009495854422126377,0.06670341335827984,-0.12475679468702351
ST,1727,-0.1434158334819147,-0.004535305871370806,0.06932603312041304,-0.1281609726777608
ST,1728,-0.14043875038983375,-0.008830479502254393,0.07020417472413536,-0.12501493281243817
ST,1729,-0.13912194533937836,-0.00890502215534327,0.07252251921642866,-0.12379744088202413
ST,1730,-0.14194183224822027,-0.009258813881077771,0.07484294878581561,-0.12604192491192626
ST,1731,-0.1455040378135482,-0.004802188444139827,0.07652562458400582,-0.13001469361808626
ST,1732,-0.14401381474796987,-0.009742413270955734,0.07852203608354497,-0.12782554492416515
ST,1733,-0.1437205998518527,-0.008276926624981943,0.07995274422521105,-0.12789205041247417
ST,1734,-0.14240102489485248,-0.010259727301505801,0.08276529657842241,-0.12635752595846086
ST,1735,-0.14567955628730828,-0.0069125673596426305,0.08295129271231198,-0.12979054120919406
ST,1736,-0.1461746946863365,-0.0027507919639302926,0.08420832574877155,-0.1309137785809062
ST,1737,-0.07298011063362009,-0.08636445965831481,-0.023005836597396828,-0.05768151963889018
ST,1738,-0.0867101387403792,-0.0695120511192732,-0.0021269682748951417,-0.0721900850856316
ST,1739,-0.0839996905479421,-0.07889577784585157,9.872221019601697e-4,-0.06746352191553942
ST,1740,-0.0876015930993618,-0.06738811270109184,0.013893506153728847,-0.07356991248708988
ST,1741,-0.08401653647383533,-0.0670354721592597,0.01901521842999498,-0.0711121904377167
ST,1742,-0.08625306556496072,-0.0684104310349354,0.027894721137472527,-0.07184252959883669
ST,1743,-0.09352279086687128,-0.06156264330206795,0.03937574391892522,-0.07970508904135364
ST,1744,-0.08916039411715936,-0.05816396894083372,0.045625923966788204,-0.07690287788104007
ST,1745,-0.10052706816568988,-0.04610205180798012,0.05749498738841706,-0.08847957968938058
ST,1746,-0.09238458165223315,-0.06426215498631176,0.06355224771148142,-0.07727264026328981
ST,1747,-0.09171219478624537,-0.06273963578511339,0.0705607464629525,-0.07745718980545253
ST,1748,-0.09933147794397566,-0.05101632412994588,0.07763838373180589,-0.08648399191332799
ST,1749,-0.1053719212123267,-0.03306267436892581,0.08295643103689497,-0.09516810691094521
ST,1750,-0.14960885126728282,-0.0028598352244386636,0.08765634959907545,-0.13057109534124062
ST,1751,-0.148032239505679,-0.001114585771267605,0.09104935390681726,-0.12957267048894683
ST,1752,-0.14632831464823956,3.255834977862854e-4,0.08956479422374299,-0.1291294957322317
ST,1755,-0.1528622656221524,0.02984254619175716,0.08998046859003994,-0.13825022023737496
ST,1756,-0.14944674372103434,0.16939202696087902,0.14055955987526272,-0.15252774230736965
ST,1757,-0.15203949025244537,0.1460610175902707,0.12540841373112227,-0.1514608505359375
ST,1758,-0.15399466570517395,0.13482241199618622,0.12402252218109559,-0.15196437087246206
ST,1759,-0.15630450135276855,0.12045137392436964,0.12233705727169596,-0.15241548522702159
ST,1761,-0.0827549644626555,-0.06782849735436673,-0.03368394869963501,-0.05310742936000677
ST,1764,-0.09997451802648304,-0.059596490043325304,0.019512973719056404,-0.07174891289596716
ST,1765,-0.10925229891717216,-0.048188445239747475,0.03353831384896893,-0.08488775492089806
ST,1766,-0.10740045447947176,-0.049041250197841696,0.03740895762481239,-0.08333898245185532
ST,1767,-0.10707949520641252,-0.050190221674717594,0.04231381610085705,-0.0826533868957668
ST,1768,-0.11075796350426714,-0.04803505316043646,0.04945311679520601,-0.08674233070984035
ST,1769,-0.11585307548195968,-0.03943962794218504,0.055899375731443664,-0.09626741660387868
ST,1770,-0.11784910888365614,-0.03883899570603172,0.060694778446572124,-0.0985417235020609
ST,1772,-0.09107863167678111,-0.06996393242190346,0.008438360203388673,-0.06351786840987653
ST,1774,-0.12665587495541766,-0.01654671660428663,0.05619096229494522,-0.10871998858672383
ST,1777,-0.1279073693104879,-0.022989005343187065,0.07022892778587472,-0.10782653167999481
ST,1778,-0.13298165327440065,-0.01135642335920384,0.07538032781226842,-0.11514225718515506
ST,1779,-0.1309923940227791,-0.013214546753043668,0.08019000929506086,-0.11260121939105003
ST,1780,-0.12906929874448694,-0.017427885160735877,0.08371676843837218,-0.11053550345654958
ST,1781,-0.13949511311545773,0.0028841629701823477,0.08751368652755898,-0.12329503521737604
ST,1782,-0.134313626733847,0.2731234258682892,0.14540047283097238,-0.14831032911325462
ST,1784,-0.12127079518004459,-0.025003171125798897,0.05058829058233273,-0.10217002788484988
ST,1785,-0.11798796083855505,-0.03206642858695429,0.05364366856943706,-0.09773478276019816
ST,1802,-0.14073928162049287,-0.010965109785321897,0.08124183409743281,-0.12079610767830228
ST,1803,-0.13667406736331036,-0.01985968198363072,0.08474593305992188,-0.1153138402953061
ST,1804,-0.13813121814795795,-0.01740606088782882,0.0885644594251629,-0.11705559387703643
ST,1807,-0.1412329108421225,-0.00376209217963481,0.10037480458057059,-0.12229932627872836
ST,1808,-0.14782448613196839,0.04959292105414373,0.10862887066117248,-0.13617839684534636
ST,1809,-0.1439876921245889,0.21682406639289187,0.14969739379672006,-0.15304164391155814
ST,1810,-0.14990012727306457,0.17123870335278113,0.13725761256502297,-0.15279183337537128
ST,1811,-0.15013310336601227,0.1722432001912643,0.14011061733436558,-0.15343186367121125
ST,1812,-0.14446753205176463,0.2256787893390673,0.1641754346779842,-0.15589166500949422
ST,1813,-0.15524306650699723,0.005660629170918125,0.09749471354816028,-0.13733513265192948
ST,1814,-0.1402897345986476,-0.005207768510166278,0.07555235888741803,-0.12098302193812009
ST,1815,-0.13625380467592194,-0.010331806719176339,0.07848922410045923,-0.11653245171203572
ST,1816,-0.1360664658588868,-0.0056854264788273835,0.08208550806558196,-0.11746947123870032
ST,1817,-0.15304169778149398,-0.002481670907759361,0.08211569675298318,-0.13407423618916736
ST,1818,-0.15326321536002072,-0.004370863006807257,0.08356220487346847,-0.13383033987041437
ST,1819,-0.15324264769175636,-0.005632372400893776,0.0855494824318,-0.1333941340989201
ST,1820,-0.15356390706911835,-0.004605729282831524,0.08598595731573964,-0.13401538916163647
ST,1821,-0.15462597991565832,-1.4781850956997506e-4,0.08552746768672916,-0.1360318628680089
ST,1822,-0.15552701718841203,9.524024960966428e-4,0.08659903635179728,-0.1368290843395034
ST,1824,-0.13941837709671628,-0.013044135100332144,0.07846790758470136,-0.12172053466885713
ST,1825,-0.1409986392814163,-0.020418476778871857,0.08216721286734466,-0.12105556268383597
ST,1826,-0.1411958773251639,-0.02001125032493265,0.08445565489631722,-0.12128727482635422
ST,1827,-0.14225282727324684,-0.01756552744779954,0.08567426392609695,-0.12292258417934877
ST,1828,-0.14289804599038525,-0.01131285572194416,0.08638711112757752,-0.1251371365108612
ST,1829,-0.14453707390410866,-0.009606812235861935,0.0888925337572207,-0.12652717146907191
ST,1831,0.07713673227038326,-0.22298977572485512,-0.2775779618968748,0.08322169592957565
ST,1832,0.05154730102511862,-0.20440010425239974,-0.22398487119289986,0.0581822845400578
ST,1833,0.05841370395260063,-0.21804098237269032,-0.2232682652364726,0.0684240631393565
ST,1834,0.04881267079574498,-0.21362628306348855,-0.1945976003826821,0.05974603797969668
ST,1835,0.04935787277374374,-0.21264893258090278,-0.17507959550507218,0.05891179875417213
ST,1836,0.03033520150512921,-0.19471152711553963,-0.13584416411315225,0.04031491230016193
ST,1844,0.48971672283106904,-0.1076526623814907,-0.9126298217490764,0.032331528304272744
ST,1845,0.49100422346999795,-0.10705170352321036,-0.9024170264991287,0.027768683731826994
ST,1846,0.48053085398785256,-0.09971505214757934,-0.8510233612259174,0.02817210441538621
ST,1847,0.47293161330618533,-0.10183706697106655,-0.831913322236894,0.019386010060993834
ST,1848,0.47074797738557334,-0.10043834574575883,-0.8112647272850124,0.013560183080030616
ST,1849,0.4348939523247811,-0.08964893506588939,-0.7266108201022162,0.008787776687274148
ST,1857,0.1011284661577944,-0.24809937686620726,-0.27515089301470175,0.10364500714241139
ST,1859,-0.11720468832686178,-0.03171627550774534,0.061803931608921676,-0.10105253936873634
ST,1860,-0.12189096545842097,-0.03224696254785688,0.06774156715270402,-0.10464949871577633
ST,1861,-0.12488648454465433,-0.02636290112467447,0.07486964848158272,-0.10767556908761622
ST,1862,-0.12501339881365153,-0.023497684943686818,0.077988487620555,-0.1087380016093691
ST,1863,-0.13344251372401789,-0.013107446015542664,0.07987473207104162,-0.11848763432831791
ST,1864,-0.13744524427234553,-0.016300674300751408,0.08043768915924199,-0.12141417010112592
ST,1865,-0.1342607986475274,-0.009647501060353105,0.08315895981410257,-0.12036715650740122
ST,1867,-0.06621522833558091,-0.09405832724711619,-0.018398378333334225,-0.05283546717567081
ST,1868,-0.06907510492881076,-0.09300838893144421,-0.007872383197245775,-0.055361706581303544
ST,1869,-0.07009280541762092,-0.09297037146079443,5.934849061456546e-4,-0.05580905679147011
ST,1870,-0.07358791392019257,-0.08203402827729263,0.012824595308618193,-0.061899043167452164
ST,1871,-0.08047813814754051,-0.07058973182603492,0.025761766100725357,-0.0706967681262004
ST,1872,-0.08787036653960031,-0.06256067548178358,0.03659876477842289,-0.07799784111675626
ST,1873,-0.08169764835288064,-0.06423543615169917,0.040267995269227315,-0.07333189719534919
ST,1875,0.004016159084063868,-0.15715313192200772,-0.12141037465122487,0.014025834274110563
ST,1876,3.20910199679021e-4,-0.16673851651531074,-0.11012133329169838,0.014561226616006444
ST,1877,-0.006434187116418053,-0.16426071903180248,-0.09094676471866231,0.00925411093275651
ST,1878,-0.012887622101880944,-0.1473388570096529,-0.06700970603503603,-0.0013123400788041981
ST,1879,-0.016874776139616385,-0.132353857192573,-0.047021055029293386,-0.00968863509368358
ST,1880,-0.03355214071568216,-0.11769483269574661,-0.02196945377711411,-0.02576084651366794
ST,1881,-0.025210572575832594,-0.11547197135804275,-0.014444373013621612,-0.022301151691266122
ST,1888,0.17271487360091864,-0.3124039123429788,-0.29461893635984865,0.16838940564456922
ST,1889,0.18102763766281468,-0.3217154034487676,-0.2803975537345418,0.17595185741898464
ST,1890,-0.10641490858430208,-0.05411308049599649,0.02732362132754153,-0.08910737208279479
ST,1891,-0.10211977395359663,-0.059395843532850774,0.028927162539740967,-0.0847270630508674
ST,1892,-0.10574350200431065,-0.056930494617089045,0.036592998549472525,-0.08811493072137998
ST,1893,-0.10539935713328549,-0.0570967013867883,0.04163340001692078,-0.08786019787375779
ST,1894,-0.11428097793240673,-0.04265489075162964,0.05172430712911582,-0.09870980995468949
ST,1895,-0.10875699862201446,-0.054628413068133846,0.053773749620374844,-0.09104046567662233
ST,1896,-0.10855818318714941,-0.05433868780945164,0.0590222452837876,-0.09122163471000967
ST,1897,-0.11385887902736917,-0.04981312341451434,0.06573190447286384,-0.09616633885540121
ST,1898,-0.11313502563248884,-0.05205107303408795,0.07094533712774476,-0.09529352877208543
ST,1899,-0.11383323168311178,-0.048354485754727186,0.07568616399309733,-0.09680754610663778
ST,1900,-0.1147441424472626,-0.048944539912931316,0.08166048465485068,-0.09728665553291754
ST,1901,-0.11462882645057598,-0.048167716868674895,0.08582112674305148,-0.09766468370447315
ST,1902,-0.11402749361722096,-0.048901171839637894,0.0922133693942801,-0.09682581315067071
ST,1903,-0.11733474648906536,-0.04901846078217842,0.09779192561339728,-0.09938576301018842
ST,1904,-0.1174101767779277,-0.0483301256685455,0.10377577670303213,-0.099678000752381
ST,1907,-0.15363579335044072,0.09403621890828749,0.08741784084942913,-0.1426510436184027
ST,1910,-0.15726628209394353,0.00546320235932854,0.08614769396040997,-0.13865690615113893
ST,1911,-0.15831852627039164,0.003552222911072851,0.08486072858489564,-0.1393258544258044
ST,1912,-0.15873730349063847,0.005573378530820495,0.08556779542455013,-0.14020134699362405
ST,1913,-0.15805184736077746,0.07738430394800314,0.10627892971333452,-0.14934992545755182
ST,1915,-0.15030675489707584,0.002756009248490868,0.0892954611981995,-0.1322789400675306
ST,1916,-0.15184819918352604,-0.0034635885498955268,0.08825881412544376,-0.13251531386381843
ST,1917,-0.15368890292792042,0.0016620185624615094,0.08788834953430626,-0.13542431097339463
ST,1918,-0.15631997886814994,0.009122570851528847,0.08755726257175511,-0.13889348097380275
ST,1921,-0.13995451976035217,-0.023921320199518734,0.08636260079582055,-0.11999571452794634
ST,1922,-0.13944025649758127,-0.02209001094585977,0.08942379796913502,-0.12000639684131699
ST,1923,-0.14027537886079494,-0.014923161538516083,0.09245247610449013,-0.12214851223939392
ST,1924,-0.11876415299679491,0.3191218757422736,0.11978118723981965,-0.13837065823922523
ST,1925,-0.10899212852798898,0.3818503813518421,0.11933854120011467,-0.13681696752931286
ST,1926,-0.12452623373179753,0.3047319393820968,0.13360056195475553,-0.14318507305766012
ST,1927,-0.13214724785701157,0.27829948448485503,0.15883574684319648,-0.1485723434579431
ST,1928,-0.13273309195366842,0.2735946595213875,0.14886634247951686,-0.1483689536590877
ST,1929,-0.12745136138090665,0.31156909690900864,0.15674906178562156,-0.14855603691464772
ST,1930,-0.11890978120465047,0.35757028796565127,0.14471425543252373,-0.14562819412047312
ST,1931,-0.12455949041494745,0.3297173051469754,0.14897704010798177,-0.14801483014189798
ST,1932,-0.11755199288324407,0.38322632231640846,0.16615574925310223,-0.14893328832899685
ST,1934,-0.07467588006538164,0.5174419170188232,0.04803227912193424,-0.10885530262775954
ST,1935,-0.009725376455253154,0.877742760724013,0.02853437959627291,-0.09029431531064126
ST,1936,-0.057745366668872734,0.6473503241519565,0.08551849902566207,-0.11167237075508024
ST,1937,-0.0709531929710952,0.6001684627502482,0.14261767429056874,-0.12134122875360377
ST,1938,-0.08102865943290073,0.5667287583698771,0.14931172121109737,-0.12841689505395568
ST,1939,-0.08103705879875231,0.5904702181952715,0.1881825730075925,-0.13380866208276385
ST,1940,-0.040935958133971224,0.818478507121256,0.14247342902348087,-0.12174619315233694
ST,1941,-0.03588070285297824,0.8635369861715694,0.15653929893923715,-0.12364841789352844
ST,1942,-0.0452682592825488,0.8325240157556635,0.1850790624369617,-0.1307165962022165
ST,1944,0.007998898135181396,0.9470684686015097,-0.018124953733147556,-0.07547118837603513
ST,1945,0.019182609447864155,1.0232972455376403,0.012185962747875818,-0.07625813506848117
ST,1961,0.05056187234147995,-0.1551960119974124,-0.1656976661717643,0.06613473767301913
ST,1962,0.075524109145321,-0.15568468846171027,-0.16142960593018726,0.08382025246969294
ST,1963,0.03160106022565116,-0.1440375328593847,-0.10679456441814678,0.04848203906616868
ST,1964,0.024009796445891282,-0.145821182642613,-0.08144558077280008,0.04361208848642996
ST,1965,0.008333163643467738,-0.12758268218724014,-0.047771776515585465,0.026022762313027768
ST,1966,0.00755907582849758,-0.13361274510350535,-0.027369755255199336,0.026938650601330414
ST,1967,0.024490398929956227,-0.15156017700020855,-0.016501403064053562,0.04469559928365898
ST,1968,-0.006279304770670706,-0.10932759722305911,0.020369995726045333,0.007854468118590786
ST,1969,0.003178857023042973,-0.14211632545454328,0.040076584982908635,0.02633313945242993
ST,1970,-0.02749539557778794,-0.09229914555662402,0.06474105465426033,-0.013987804753540344
ST,1971,-0.0332126246558387,-0.08821648496404387,0.08466854060042835,-0.018899415782948344
ST,1972,-0.02611825851237941,-0.09216254038077364,0.09882812505339239,-0.013361422916049467
ST,1973,-0.01362821463768957,-0.08572577203975829,0.11068855488406878,-0.006852797663265756
ST,1974,0.07602089318785028,-0.22233635508143246,-0.24239102338514357,0.10226461873805895
ST,1975,0.07150035217824922,-0.20613948829072895,-0.20944188119714519,0.09134322166341806
ST,1976,0.05284335386687006,-0.20733981378093713,-0.17973035738790713,0.07862168054119067
ST,1977,0.05656380604609995,-0.21625469827880126,-0.16698803422466443,0.08219882967526096
ST,1978,0.03823513110382585,-0.21189028039839586,-0.13657933844611803,0.06916739295451516
ST,1979,0.025198415122329832,-0.18433690129417976,-0.09791460635398958,0.046143949134844375
ST,1980,0.003347881150519494,-0.16905437794150063,-0.06413963158584345,0.02418913630497428
ST,1981,0.02209827473117753,-0.18847576932620175,-0.06438573156494924,0.045688979122778334
ST,1982,0.019896059768849374,-0.19720370550232844,-0.04706605442456026,0.04739203430112545
ST,1983,-0.02240616676905274,-0.1395733591978848,-0.00203070369627259,-0.010205094728533948
ST,1984,0.018773071714281938,-0.19066874746300103,-0.009209074119099738,0.038853625726697955
ST,1985,0.012330656014305478,-0.17885037424379402,0.010099550419846068,0.03010947278225109
ST,1986,0.03100700896174396,-0.1915684445611503,0.020978620593669093,0.04747740525455847
ST,1987,0.31187598484371815,-0.37141326089700566,-0.5560625884592763,0.32228520621547674
ST,1988,0.3202374608432706,-0.40374635654924673,-0.5441212413627556,0.3392427018366074
ST,1989,-0.15921116884140213,0.0887313952543857,0.10517333232901172,-0.15019521351081225
ST,1990,-0.1584340869951052,0.09524227359086088,0.1073543861801314,-0.15042598446857983
ST,1991,-0.1588412819850699,0.09522963975061087,0.11106851655046134,-0.15107732137452098
ST,1992,-0.15669487864397166,0.1171292733770035,0.12463804445020626,-0.15247702800456742
ST,1993,-0.15868760912885863,0.10016891126845008,0.11613997072468825,-0.15193032837744583
ST,1995,-0.15382944684972458,0.13190917030728236,0.11917284183512718,-0.1507335187716833
ST,1996,-0.1504710055263939,0.15690926565643168,0.12729386369333018,-0.1511091880133467
ST,1997,-0.15289927220627303,0.14394918241100968,0.12795521955863984,-0.1519933776674379
ST,1998,-0.1507354019486768,0.16853254422301198,0.1452042524128403,-0.15392127587072735
ST,1999,-0.15340854468606305,0.1468514031181016,0.1350041506479494,-0.1534155125616666
ST,2001,-0.13159397338283155,0.27265949781896337,0.14050151865391922,-0.14718826486865108
ST,2002,-0.11341068526181788,0.3817138463123558,0.14290791395019894,-0.14344297672355633
ST,2003,-0.13824447503862505,0.24911726848857083,0.158726336197484,-0.15191905943929696
ST,2004,-0.13670769480132342,0.27345727889344734,0.1796055327538658,-0.1546151478494772
ST,2005,-0.13913342015622343,0.2529217913380216,0.1662821937716207,-0.1539421123570871
ST,2008,-0.1353972226593491,0.2764573835501582,0.16155138559140214,-0.15350153909200961
ST,2009,-0.12824251352658347,0.3293759449778902,0.17562925558031117,-0.15403844441546338
ST,2011,-0.1392743239587926,0.2144888850387886,0.12591595668806552,-0.14617679740233422
ST,2012,-0.13761407329946732,0.23012249912628666,0.13014537600547338,-0.14684103412153923
ST,2013,-0.14496448670813938,0.19350491465053307,0.13616538306247075,-0.14988563489103846
ST,2014,-0.1404394350744759,0.2337150448626544,0.1578388138423427,-0.15168207243786674
ST,2015,-0.1423876038659844,0.2181099002623751,0.14608904338227108,-0.1512738181544836
ST,2018,-0.13977293698189538,0.23847911523364254,0.14611831385200172,-0.15176163665306006
ST,2019,-0.13557588640807783,0.2711026189276723,0.15656895745912078,-0.1524429395360508
ST,2021,-0.04718419794412089,0.8096913957038108,0.1816564487419553,-0.13107862699431
ST,2022,-0.06183590822713135,0.7503592347596238,0.21865406779911165,-0.14014221250888012
ST,2023,-0.1564733978694106,0.10591098510822028,0.10600327821188876,-0.14917812450453563
ST,2024,-0.15639512903193917,0.10953347904972037,0.11004036328460542,-0.1498427935882608
ST,2025,-0.15627129910662743,0.11228402715559727,0.11181317352842052,-0.1502486322447468
ST,2026,-0.15592011384928484,0.11712535980433404,0.11478530774274462,-0.15074723609679055
ST,2027,-0.16109505578159122,0.009189112270230351,0.08448932027121299,-0.14215863922743557
ST,2029,-0.10621758364315623,0.3722838930874241,0.08269880470305326,-0.1294723837265855
ST,2030,-0.11586189813785763,0.3297057531123048,0.09882640697903039,-0.13464529590436491
ST,2031,-0.13273205808299546,0.25206020451342004,0.11529371474832925,-0.14205079089956865
ST,2032,-0.13741329766151184,0.23076221067205402,0.12350928135274226,-0.1448520669562
ST,2033,-0.1358738886561338,0.24528610982994636,0.12483687385144804,-0.1454360469675349
ST,2037,-0.1125367595864017,0.32039342826622114,0.08564449993606661,-0.12921159474626046
ST,2045,-0.15067537097623138,-0.009585451134896601,0.08232929784783535,-0.1305316489117354
ST,2046,-0.15091644178929353,-0.008071054023546865,0.08310344908678464,-0.13127588838394177
ST,2047,-0.15110828700384984,-0.0105230032210958,0.08584011837990901,-0.13063476339627703
ST,2048,-0.1513560376590571,-0.009916214290932826,0.08745705980770747,-0.1311615403583522
ST,2049,-0.15213243025352474,-0.008445910896199489,0.08831479501167942,-0.13200240318582357
ST,2050,-0.15283588469433154,-0.007562697090078942,0.08972687145229212,-0.13277616127556185
ST,2052,-0.13306738402540252,-0.03455080181302665,0.0781086922103277,-0.005087410254261739
ST,2053,-0.1313001094363539,-0.03711861551384111,0.08153195561119637,0.0034928616991922587
ST,2054,-0.13762341665927286,-0.02907490819230205,0.08447089033857201,-0.02373045488827502
ST,2055,-0.13366151871400384,-0.03535345251288466,0.08904963323611446,-0.007975325899956568
ST,2056,-0.1400295749785726,-0.024185298575659635,0.08936992856355552,-0.04038663677903188
ST,2057,-0.13568738951678255,-0.03411382559105002,0.09567373474111537,-0.014838769314766114
ST,2065,-0.04639301002754735,-0.1380548484877123,-0.030706495926557248,0.3585437670730237
ST,2066,-0.05032344354075725,-0.12337832520608086,-0.014058801899397256,0.31934613465520834
ST,2067,-0.0586398155068918,-0.12642131815691363,6.705861271072849e-4,0.3133280093344473
ST,2068,-0.04998095799928619,-0.14125843083916506,0.005898321894656572,0.3506176457372152
ST,2069,-0.06411868343931781,-0.11617954601142656,0.02528196387221411,0.26887259574169464
ST,2070,-0.0572022796755862,-0.12931343725778077,0.032701225583593944,0.3095467845368281
ST,2078,-0.0025148351502858224,-0.1846903893981492,-0.04454273546870827,0.4850530116231243
ST,2079,0.003361797897142155,-0.1978327097839435,-0.03474869637247565,0.5095386101925491
ST,2080,-0.11909694216153777,-0.044722185592332625,0.07271838019558124,-0.1006835467696737
ST,2081,-0.12408149886796933,-0.038993268898512325,0.07773237960940382,-0.10581569865251492
ST,2082,-0.12364300705345825,-0.03879073526080946,0.08163519800987104,-0.10611710189525607
ST,2083,-0.12438821367063399,-0.0403780892437924,0.08595494809524235,-0.10581409896050775
ST,2084,-0.12801011841425255,-0.02641645686944833,0.09069774083028682,-0.11166419725368486
ST,2086,-0.1404742315995665,-0.021240060313758455,0.0838942746511687,-0.12087551640029653
ST,2087,-0.14264870057929205,-0.019506672110284118,0.08562714329487002,-0.12301111402243373
ST,2088,-0.14155336610191108,-0.01880823292126593,0.08973299330154523,-0.1223525312835449
ST,2089,-0.1445192485648348,-0.009924660845321554,0.0903616393590092,-0.12651091852660273
ST,2090,-0.14242848317338475,-0.019107884935651204,0.09403062408019529,-0.12288446063087617
ST,2093,-0.1457822215475779,-0.0070427500058002105,0.09681731818106976,-0.1284919853919537
ST,2095,-0.09614636352438152,-0.06675186383902879,0.06218075058721852,-0.07969061816527855
ST,2096,-0.08988386061375182,-0.07852773944004202,0.06639311487730185,-0.07218622859622596
ST,2097,-0.08816959920663431,-0.07604676627356223,0.07273124601717534,-0.07159283982372877
ST,2098,-0.10439954396975289,-0.038276398432816265,0.07308966385515296,-0.053157519001752265
ST,2099,-0.12601912193824552,-0.025633951231116895,0.0854555471961955,-0.07981276719806313
ST,2100,-0.1103760515420663,-0.05331174341430682,0.0927771754695404,-0.04891831174971673
ST,2101,-0.12898624106426734,-0.021654479144333577,0.09455832547812097,-0.08714981525617829
ST,2102,-0.1265826331094589,-0.027954934455314207,0.1016614486944421,-0.08048962242765581
ST,2105,-0.1002755215843704,0.6199448807383787,0.3308263650980191,-0.13938660601435743
ST,2106,-0.09854983247898635,0.651937518126454,0.3575546866811,-0.14403372487104357
ST,2107,-0.09753688575153682,0.6898168660861399,0.39712976181443616,-0.14999226907400126
ST,2108,-0.0761975016968604,0.9213442558530007,0.5455587128751563,-0.1612521903101937
ST,2109,-0.08341531270558675,0.8760243153083673,0.5277798255222551,-0.16432231760988208
ST,2110,0.39997039736385287,-0.21073802884429577,-0.045939399288466624,0.03550972129148302
ST,2111,0.40913277563705797,-0.226790958661282,-0.02075513965988618,0.03293114134901934
ST,2112,0.3436816753739628,-0.1972635384153471,0.010064806082574694,0.009600343147676084
ST,2113,0.2092267708917998,-0.1524897143299946,0.042720524159887335,-0.035169974925992435
ST,2114,0.19975113491027988,-0.136104921051143,0.05513669660507957,-0.03963639267596085
ST,2116,0.4824480385811003,-0.29290818175827826,-0.13495596476773206,0.15857724445868066
ST,2117,0.4768281594640022,-0.29213933193421454,-0.10498230290452663,0.1536279360818789
ST,2118,0.4496245225971998,-0.244182763134071,-0.07800221698790545,0.13734469531309026
ST,2119,-0.1342421696448206,-0.022509551531164986,0.07943408126883669,-0.11718419839527448
ST,2120,-0.14018270106367148,-0.013236753123270387,0.08010476958870749,-0.12456036976589824
ST,2121,-0.14225793013241084,-0.01767159243693485,0.08698322735170741,-0.12449685090712775
ST,2122,-0.14248717732751487,-0.017566616888961568,0.08909995640657524,-0.12470942440565821
ST,2123,-0.14182512060175903,-0.019279254262765336,0.09229156571962123,-0.12369895424945429
ST,2124,-0.14132314496543352,-0.02014401374920499,0.09521529571532278,-0.12326126013570872
ST,2125,-0.1443354435209804,-0.01392221952920627,0.09275303157194843,-0.12743760825411896
ST,2126,-0.14460392695828583,-0.014471216755880078,0.09514238635682554,-0.12748458071082155
ST,2127,-0.1482428311968999,-0.008991950638698228,0.09168671046955201,-0.1319141903585609
ST,2129,-0.114165431411291,-0.04825903245098965,0.061577649190521735,-0.09666226605430273
ST,2130,-0.11935052732984144,-0.03172687027190948,0.06549121700482466,-0.10600806682963686
ST,2131,-0.12365978761113669,-0.034243948869450994,0.07469670258642559,-0.10812241363319873
ST,2132,-0.12401425561061623,-0.03796927653288648,0.079769586462429,-0.10717913497449359
ST,2133,-0.1218865883624026,-0.041959861096459966,0.08460067860401922,-0.10438829350548562
ST,2134,-0.12395727391007255,-0.04047836259198705,0.08882021339092688,-0.10663062117527737
ST,2135,-0.1272929295609472,-0.03561269129204108,0.09105111179209482,-0.11051671198073461
ST,2136,-0.13073197082806962,-0.029100979659947308,0.09118602937499322,-0.11516641594318595
ST,2137,-0.1336454477835704,-0.0259026746723504,0.09262139301420597,-0.11820274701789026
ST,2139,-0.04239638412223704,-0.12140295898850237,-0.03216561605907906,-0.01756533180372637
ST,2140,-0.03763554641637017,-0.09763837535361397,-0.018687276910255974,-0.0247323051309673
ST,2141,-0.05800866607076614,-0.10817327848975881,6.400512627067067e-4,-0.0356880571639802
ST,2142,-0.06025254469880164,-0.0981178740283955,0.012183724126312096,-0.04184414654322221
ST,2143,-0.06629677379234714,-0.09155956115402933,0.02437771508904891,-0.04930036135237816
ST,2144,-0.06226976984574517,-0.09828462863850525,0.030456470601319025,-0.043691142330891115
ST,2145,-0.05921103962302192,-0.09965844892073969,0.038019541936735214,-0.04195447319730191
ST,2146,-0.06905086266420421,-0.09094432290453507,0.05005724877326501,-0.05267426896171597
ST,2147,-0.06824278713126863,-0.08751668404088193,0.05680178520149684,-0.05396324430986393
ST,2148,-0.07444902592800288,-0.08483560604446927,0.06652046657178659,-0.05941192675236179
ST,2152,0.05849264570745302,-0.19801178695660493,-0.07716607319086302,0.06702529071717324
ST,2153,0.043162946862322554,-0.20987098138028817,-0.05464545323423349,0.06073878436276072
ST,2169,-1.1862740831481765e-5,-0.1600488026571353,-0.10258684739365259,0.03309436886806711
ST,2170,0.0067506205794398075,-0.13884115900034488,-0.08456293702843365,0.02765562915380838
ST,2171,-0.01556223230907692,-0.15465591827303407,-0.0636262731557389,0.018628576830091826
ST,2172,-0.016807508321031766,-0.15332970818362418,-0.04963300252131605,0.016776283119140836
ST,2173,-0.018707197317750307,-0.14538147962556738,-0.03358364543162493,0.011262218321556664
ST,2174,-0.02382161576069265,-0.14952236221174345,-0.01835362138659893,0.009225544859288504
ST,2175,-0.01935174874075632,-0.15217452252240568,-0.0073479445836426615,0.012493385200884985
ST,2176,-0.0331552730140112,-0.13216260540779873,0.013391130698834268,-0.006894619321381653
ST,2177,-0.030442753535505893,-0.1439416780770511,0.02520193017883608,5.217816406811126e-4
ST,2178,-0.03173231142642961,-0.1398254839322585,0.03844586896743192,-0.0021796082630949343
ST,2179,-0.039207356458205014,-0.13843068133477265,0.05477099004042049,-0.008879119759679614
ST,2180,-0.04384947502908731,-0.13109999193826194,0.06725654801608548,-0.016126789241522686
ST,2181,-0.0458832828725805,-0.1288731292808324,0.07970368262211952,-0.01883184507481053
ST,2182,-0.010782805522784445,-0.13176118537150527,-0.12041685728669053,0.013765396378660174
ST,2183,-0.011991677384839316,-0.12592806688265717,-0.10362636199033616,0.009397456901880118
ST,2184,-0.016710158766897652,-0.14696343624378566,-0.10187113985282384,0.016267197317132342
ST,2185,-0.01661125339815023,-0.14642902957934134,-0.08926981276398242,0.015763002186132254
ST,2186,-0.026260800379025045,-0.13864467021177954,-0.06647779896185871,0.004530925022180356
ST,2187,-0.019832926181654678,-0.14755738623541872,-0.06165560968300107,0.013412766743457065
ST,2188,-0.01917036398777396,-0.14994477542434734,-0.048701480608812395,0.013747164239273519
ST,2189,-0.03657892498230318,-0.1281624219161972,-0.019891544750050436,-0.009396698619773514
ST,2190,-0.03359293881996955,-0.13568587471287163,-0.010765089993232573,-0.0036601887986510975
ST,2191,-0.03729094917912965,-0.12925948585826302,0.00428736556545683,-0.009385837932212872
ST,2192,-0.035781182407052546,-0.13778552636788866,0.01639965059426003,-0.004516914052140645
ST,2193,-0.04478555111299928,-0.12369501418214252,0.032433374162819766,-0.01845948353926562
ST,2194,-0.050166743775786476,-0.12049439173951174,0.04639597535967481,-0.024162533882021477
ST,2195,-0.042666721211853074,-0.14334815397557973,-0.15717991348793411,1.1352402177450862
ST,2196,-0.013078307675737448,-0.13447515333617102,-0.16202355955712117,1.172796786892427
ST,2197,-0.0454196979038454,-0.14919729588462224,-0.13449432484102944,1.1707293331779491
ST,2198,-0.057510811090343755,-0.12767897735152953,-0.10025265247830702,0.9835878480072148
ST,2199,-0.05384436777927157,-0.14056239144086732,-0.09798119055512003,1.0575005963972226
ST,2200,-0.053916153489525234,-0.1389374287475784,-0.0844588382642837,1.0410015525793463
ST,2201,-0.05633478514290692,-0.13680266669884672,-0.06941435718554705,1.0122848486015712
ST,2202,-0.058099547270562164,-0.13168687567898216,-0.05334888830079672,0.9834549750739798
ST,2203,-0.06163226427992749,-0.12027731261879494,-0.03486948237638878,0.8968140127807287
ST,2204,-0.07122033340387425,-0.11440761783576696,-0.015538167075754838,0.8239484780221518
ST,2205,-0.07267666582268766,-0.10423799080232626,-0.0013606698632594794,0.7398934402064701
ST,2206,-0.07467707253456264,-0.10839131999240194,0.010306898863317827,0.7515414953082135
ST,2207,-0.07540405887776903,-0.1119946676613743,0.02194921251565789,0.7692387816208698
ST,2208,-0.05073511533060299,-0.12174233776778154,-0.177666292759053,1.0265424168917534
ST,2209,-0.0441583796279119,-0.12711204613484445,-0.17749906420067535,1.0917833209973264
ST,2210,-0.055436057330276595,-0.11765068726566455,-0.14850501478438885,0.9934447369135151
ST,2211,-0.05518889648515341,-0.12237470981542849,-0.14075125462782753,0.9976828057888595
ST,2212,-0.06243704312631055,-0.11490304672400692,-0.1180667246871978,0.9189136518973442
ST,2213,-0.05643041011719703,-0.12289218132153182,-0.11687658396357485,0.9789416866162947
ST,2214,-0.05535110019206764,-0.12280257052343438,-0.1060575175016683,0.9706205285466731
ST,2215,-0.05732118388001021,-0.13194360212467748,-0.09772572492183972,1.0349317745204911
ST,2216,-0.06364258594613004,-0.125614450708466,-0.07711774560969117,0.9726563161656253
ST,2217,-0.06526206246423186,-0.12675461156930523,-0.06399758526845399,0.9660702496530607
ST,2218,-0.07273494070285873,-0.11468635081393287,-0.041521874754976484,0.8492717692424351
ST,2219,-0.07675454099904302,-0.10582830147039685,-0.024052061772375843,0.7692116308158554
ST,2220,-0.07874619795075387,-0.09765913993473378,-0.009289487038029695,0.7034971398140447
ST,2221,0.46867441757251416,-0.57542830493216,-0.9230270362868714,2.836676632607866
ST,2222,0.4507574478018289,-0.5500921788115943,-0.8417212695642263,2.669245144933637
ST,2223,-0.10430217242857373,-0.03474848086041656,0.07823134607790269,-0.09543179216027618
ST,2224,-0.11320654890876765,-0.04655301991193605,0.0912851427536414,-0.09770213457890198
ST,2225,-0.11366062509501992,-0.04195790714421238,0.09294428614357439,-0.09950460468196119
ST,2226,-0.11387914052055048,-0.045801368295163396,0.09957120083551152,-0.09843737679945397
ST,2227,-0.11462592793877849,-0.04767676054882418,0.10551256560840623,-0.09839828816402332
ST,2229,-0.11106054906548682,-0.03729017733126211,0.071142227811306,-0.09890229588217232
ST,2230,-0.11193871269954431,-0.050260427102393916,0.07925490360915113,-0.09522711239968709
ST,2231,-0.10347484639083998,-0.046042547034576255,0.07853448665847283,-0.09085379277312293
ST,2232,-0.15437852305860994,-0.001084756889264362,0.082003209071084035,-0.13702276713913644
ST,2233,-0.1523918395656673,-0.005037804848842755,0.08488991041908886,-0.1342853339857176
ST,2234,-0.15538736321955873,-0.0011926331085003717,0.08382471387807362,-0.13774454531247043
ST,2238,-0.1444996089266935,-0.01194306849608098,0.08334715021182133,-0.1264957307979828
ST,2239,-0.11821324160373804,-0.044761155207586174,0.06752878202998468,-0.09976852993246955
ST,2240,-0.11538888881863242,-0.040549340175083874,0.07046997505097334,-0.09911018181605287
ST,2241,-0.12118474003005285,-0.04084171478756109,0.07662300149563979,-0.10323319658182457
ST,2242,-0.12171649512880472,-0.04131471189945326,0.0810428663746222,-0.10345378615087798
ST,2243,-0.12729624045940183,-0.02956389735582153,0.08332471823231852,-0.11094382971639144
ST,2244,-0.12650249559787732,-0.030838810960288964,0.08681577869745263,-0.1100966680974882
ST,2246,-0.11312004960182442,-0.044094646685328726,0.0505708171927561,-0.09768263941179607
ST,2247,-0.10826110663669233,-0.046886910725935343,0.052738497277496986,-0.09360854005936424
ST,2248,-0.1086227647669958,-0.05114570928031328,0.057892444747761486,-0.09247563713525093
ST,2249,-0.11410647389992877,-0.04531848145583309,0.06466507921696923,-0.0980923289175914
ST,2250,-0.11338611574046714,-0.04371470990951298,0.0684303456708082,-0.09819230572580148
ST,2251,-0.11767830507722796,-0.04258501013570396,0.07439699390328226,-0.10166223155990896
ST,2253,-0.08697784934405924,-0.06769641031638385,0.02014216349472392,-0.07333260058311752
ST,2254,-0.07739627911308716,-0.06219933952493635,0.021748392754986468,-0.06883792589480481
ST,2255,-0.09647298319554895,-0.06187175377256342,0.038506566019425495,-0.08222542261297427
ST,2256,-0.09626278081919093,-0.060645070286791974,0.044563379914408785,-0.08209066734805925
ST,2257,-0.09955944511037666,-0.05554382646502927,0.05136156978414788,-0.08643833651865342
ST,2258,-0.10244274031391092,-0.05301835741601049,0.0579095404492065,-0.08937512206156714
ST,2260,0.044678757203939296,-0.18748106572742215,-0.059229097774085984,0.04563035962497463
ST,2261,0.048737859342887574,-0.17487458411632706,-0.04559507243466367,0.04500405165821007
ST,2268,-0.06934317645127742,-0.09276613907527581,-0.0174464421297773,0.16725470412783305
ST,2269,-0.0614478447527119,-0.09843855732700547,-0.015260731011155111,0.1906848379452352
ST,2270,-0.07393602370190837,-0.09499580317648695,0.0016522769605232409,0.1666143397287261
ST,2271,-0.07222002525461826,-0.09224009306914009,0.009423206884409695,0.15909991159784348
ST,2272,-0.07794289201413065,-0.09253495146339336,0.021200084076664717,0.14849428388913868
ST,2273,-0.08693752209918602,-0.07429141142959324,0.03517760676655868,0.09829407668890798
ST,2274,-0.07816390520344604,-0.09233993052044834,0.039064014515460814,0.14649490049100833
ST,2275,-0.08837284242572908,-0.07587631955560409,0.051140410405346365,0.09926738171693676
ST,2276,-0.08568667287214166,-0.08591114585775794,0.05891040438858908,0.12209814505785227
ST,2277,-0.09042308801111511,-0.08017971420536867,0.06790628216354733,0.10183471862890432
ST,2278,-0.0886138466001286,-0.08792898019035189,0.077621007564902,0.11781831438208965
ST,2279,-0.09518742074539385,-0.07349449916850392,0.08405774727488304,0.07869985816850963
ST,2280,-0.09334716005567219,-0.07870117140892566,0.09280270879114212,0.08993417063655436
ST,2281,-0.06844531720701594,-0.09500571793177796,-0.03465484280504682,0.17780710242718029
ST,2282,-0.06828653462412163,-0.08959942915321432,-0.02424445915785667,0.16777542339571835
ST,2283,-0.07218822951264446,-0.09585261028842253,-0.015856649865083033,0.176046538205117
ST,2284,-0.07466905893090485,-0.0889504053426838,-0.004167158900232799,0.1541267568213796
ST,2285,-0.08726655057399323,-0.07402006198779128,0.01508118483441173,0.101021070333026
ST,2286,-0.07491129139625619,-0.08344161713235633,0.01363214590656906,0.13829838777044617
ST,2287,-0.07717168683116997,-0.08393829747560598,0.023351687010971674,0.13224643774350311
ST,2288,-0.08861251645986888,-0.07360067135716102,0.03785534963038953,0.09728068058523733
ST,2289,-0.08991449698424109,-0.0805552710177138,0.04629487216427354,0.10861956113195252
ST,2290,-0.09198782555531025,-0.07898520855099601,0.05500773646679177,0.10124854721252101
ST,2291,-0.09355097545070665,-0.07399236609759871,0.06284350884660105,0.08619101942798535
ST,2292,-0.0906534685854968,-0.0804888473159162,0.07131370619209512,0.10342373487985354
ST,2293,-0.1047913433612064,-0.05769886147919974,0.07644442052084945,0.031619956048939184
ST,2294,-0.03236721540762211,-0.1239286635057719,-0.11942385166036307,0.10171963827235556
ST,2295,-0.029142864632998033,-0.1204555011763414,-0.10849951434831061,0.1013633730017681
ST,2296,-0.038851052098691025,-0.12281450755739325,-0.09226676206929682,0.0947802840827211
ST,2297,-0.05779797515696102,-0.09392059711069438,-0.05231960646882946,0.040920412653939496
ST,2298,-0.049876494887789335,-0.1116616550292531,-0.05741377969053461,0.06838815218413882
ST,2299,-0.056182068093575975,-0.0999234904220703,-0.03805011276596045,0.04859288110559007
ST,2300,-0.04813399543925385,-0.1155249979933892,-0.03864346029625975,0.07251859402966486
ST,2301,-0.057601121028861446,-0.1009026323069524,-0.017486910448150077,0.04792733148120533
ST,2302,-0.06252009416766588,-0.09511388653292456,-0.003250426070252433,0.03663623637231843
ST,2303,-0.061134428241014616,-0.10648627942811816,0.004271194951350204,0.051468406402291805
ST,2304,-0.06364870046689032,-0.10299023647175917,0.016856068614227917,0.043356150181420194
ST,2305,-0.07229526362835838,-0.08869648123601531,0.03166422358699493,0.01685180037722096
ST,2306,-0.0747739557472683,-0.08624600663361824,0.04164933377821048,0.009962734178459559
ST,2307,-0.006962301772853634,-0.1350529780401716,-0.20245456245129947,0.13845236198982547
ST,2308,-0.0013170053662588724,-0.143785692677693,-0.20401104187250813,0.15648386435701947
ST,2309,-0.014959586144948295,-0.13663254094000893,-0.17360019913432068,0.13394009399636073
ST,2310,-0.01851789364717874,-0.12834580935776452,-0.15193124326440255,0.11803603109442286
ST,2311,-0.03239622593417914,-0.10685142361693245,-0.11189873894547028,0.07707667316846638
ST,2312,-0.0286271247444077,-0.11498888929601762,-0.11083301443874295,0.09084982774950356
ST,2313,-0.035120202341937884,-0.11145559384762517,-0.09141856325248093,0.07746923256346372
ST,2314,-0.0337284632059007,-0.12001731603910744,-0.08667683818667234,0.09212678242101836
ST,2315,-0.047251954886865094,-0.11318429446280164,-0.061156633774684596,0.06977114412708166
ST,2316,-0.04101814795614236,-0.11581712258705593,-0.05608619098179508,0.08049712575522436
ST,2317,-0.04660878545279221,-0.11068834252496898,-0.038418139150988184,0.0670001942185587
ST,2318,-0.04747485127173497,-0.11852249619899925,-0.028275675930567186,0.07591711396260922
ST,2319,-0.0568145233564044,-0.10240278964202154,-0.006631042803380061,0.04518050727195928
ST,2320,0.45154096581158304,-0.4414742996643244,-0.7403794906905741,1.1376276304156927
ST,2321,0.3788119254974781,-0.46676610820176645,-0.6635761886156659,1.0875693402294402
ST,2336,-0.13900466712349632,0.22769073409874052,0.1318649977924303,-0.14688261767867908
ST,2337,-0.14260340797939286,0.21225974170938644,0.13362697490516287,-0.1487813678632867
ST,2338,-0.14208971344422017,0.22019774567359823,0.14335724143461928,-0.15010127943962484
ST,2339,-0.13180314482504862,0.30479171163938895,0.19754890228501099,-0.1536672969224211
ST,2340,-0.1359036895853998,0.2802706088928444,0.18291072210159773,-0.15402474944888872
ST,2341,-0.08568620228152829,0.37085473876781877,-0.0956292212143635,-0.08344131420787464
ST,2342,-0.09386974880738493,0.31999446882163557,-0.06648755804844925,-0.0877795877870021
ST,2343,-0.09380498124541771,0.3201646496390205,-0.03708600482277026,-0.0909957485058972
ST,2344,-0.0764935522722819,0.3522613859349521,-0.02021196180258759,-0.07998516275685362
ST,2345,-0.0724726584794202,0.40583809283146605,0.026789514787707764,-0.08592846991616782
ST,2347,-0.11274229732862763,-0.007597428929459794,-0.004630805920320217,-0.09864236815476321
ST,2348,-0.1134082634045384,-0.007793612178209829,0.0033895937439653153,-0.09936824619413875
ST,2349,-0.1156321922290273,-0.00737053235271776,0.01303560027898764,-0.10147304533556183
ST,2350,-0.11455849981294969,-0.008216210393037026,0.018573424904133915,-0.10064675639262738
ST,2351,-0.11439466901570979,-0.008709007479562644,0.025200058656458944,-0.100628364700851
ST,2359,-0.15699390752950498,0.10348853104198626,0.11067233711692134,-0.14990016788161392
ST,2361,-0.1066822919481675,0.18701308498244124,-0.02884377686596017,-0.0759172315106718
ST,2364,-0.1008957125438851,0.35236876571724207,0.09942629802154719,-0.10130282911073829
ST,2365,-0.11023305005896919,0.3572938232489884,0.10923718821338023,-0.11425585213801316
ST,2366,-0.10903172284900388,0.39790476435497696,0.10417339205093733,-0.11967425586972737
ST,2373,-0.10488653896284446,0.24437945341225703,5.959437082558149e-4,-0.08338133677637732
ST,2374,-0.09653421177868637,0.28577553207054585,0.02864270180867681,-0.08118706219890445
ST,2384,-0.11447283846654202,0.38117973023845797,0.1773539688871384,-0.14290203816534283
ST,2385,-0.11057078174109881,0.4208272219408536,0.21100901424576668,-0.14621178237571542
ST,2386,-0.11827371176330145,0.38699766875770925,0.20716190831531284,-0.14968743661055703
ST,2387,-0.11695066402318566,0.4123956913005551,0.22814622163904266,-0.15288911480140124
ST,2388,-0.11670053092371765,0.4231327730646092,0.22968866832075077,-0.15436499526787992
ST,2389,-0.11883975992338947,0.42031981132040075,0.23546107768055166,-0.15669945189379578
ST,2391,-0.08877830996621017,0.4309192837323571,0.12689472278091576,-0.10314786524415985
ST,2392,-0.09369689370263273,0.4650797931813588,0.13615802883549766,-0.11384902221258307
ST,2393,-0.10367237647655551,0.4297539048288004,0.14370775962772422,-0.12253994462747012
ST,2394,-0.09591299313286403,0.5015165735054493,0.19764292310630924,-0.12565721641664213
ST,2395,-0.09993395836088095,0.5018246766727926,0.18873800226277457,-0.13084475217022018
ST,2396,-0.09408013746128137,0.5617106982381297,0.24188740855631524,-0.13534099155812856
ST,2399,-0.054691475398730545,0.9425420319436901,0.4928794988930481,-0.1560305727683281
ST,2400,-0.07091392832139903,0.8319967991854258,0.41918862037611937,-0.15684781809095497
ST,2401,-0.06300314724122993,0.9243030853536293,0.4782934971386656,-0.1641407724952615
ST,2402,-0.0565474446400689,1.0262989107285232,0.5617557102704116,-0.1748673009142669
ST,2403,-0.05596234208940061,1.039634273592848,0.5515571267278581,-0.176277903920901
ST,2404,-0.06589443910374089,0.7110668927165346,7.806427939058778e-4,0.16035761926859918
ST,2405,-0.06617996356765658,0.7125903730344939,0.056757868310525886,0.17349265111648987
ST,2406,-0.07527510474687282,0.7077811173630522,0.10683933981222922,0.13959808683191438
ST,2407,-0.06963050549270414,0.7947135718321788,0.13682338262953642,0.11608988902092951
ST,2408,-0.055135564115325573,0.8939188416140735,0.20786855368970392,0.13123759801625676
ST,2409,-0.07490083831148402,0.843362210447555,0.2119372745833511,0.08200366199123466
ST,2412,-0.05193121588922498,1.1093281390988687,0.39614252308581427,0.08090635986292659
ST,2413,-0.04759894647541139,1.186287309131055,0.4710110888909398,0.07230466313514837
ST,2414,-0.058903335620706265,1.1023797917098779,0.3925659653568425,0.03466714677029092
ST,2415,-0.031456343107468455,1.4008216889878249,0.6255268940960852,0.054255065364933804
ST,2416,-0.0529319292233798,1.2432758793388734,0.5147046484886283,0.024122556427783767
ST,2417,0.011175648028057573,1.174311151248482,-0.015578719471144527,0.1786118243932887
ST,2418,0.04764732799750884,1.3916937418064068,0.042661755403306884,0.1887674464856932
ST,2419,-0.06702009716879771,0.859929579635124,-0.08911940335817425,0.2385461228488245
ST,2421,-0.03961003932028671,0.8277856033223294,-0.026089157766576332,0.32783923765194195
ST,2422,-0.035885299804168554,0.9224326797077324,0.05285835582306437,0.3075684845401973
ST,2423,-0.02658807621320456,1.064920682833978,0.12407449384081683,0.29076530659787353
ST,2424,-0.12780228436227478,0.3382944620763663,0.19804071820471514,-0.15437632025234974
ST,2426,-0.12961311513266313,0.3538553947586543,0.2273291653465261,-0.16025325347449634
ST,2427,-0.1300743018282272,0.3596405927325969,0.23650094769245883,-0.1621082878421582
ST,2428,-0.12359273076942878,0.4052817926212653,0.24310642142080643,-0.16207398971852505
ST,2440,0.006600286642561848,0.9240079144696647,0.17515902004277273,-0.08133723484783165
ST,2441,-0.01751513278131468,0.8605936903967457,0.2536152008862575,-0.10179376986927709
ST,2443,-0.02901492387430825,0.8629810727612993,0.3412651337896021,-0.12145048342194015
ST,2444,-0.048792927074761336,0.8101824739079042,0.285675653723388,-0.13158790581133703
ST,2445,-0.0279993677466486,0.9902369836448306,0.4239743453983699,-0.14146627201129303
ST,2446,-0.10627453124683861,0.39859659580899587,0.15344437457677856,-0.1350201492968445
ST,2447,-0.10629027746578978,0.4162490015105851,0.19508461703045035,-0.1398366325543281
ST,2449,-0.11046305644076279,0.44732231845345743,0.2328027067376836,-0.15068543797403783
ST,2450,-0.10699215851659025,0.49424155722324586,0.2742735543173078,-0.15562233209737747
ST,2451,-0.10354011254526364,0.5249669173137088,0.2713746640231651,-0.15619151490500172
ST,2452,-0.010413322576558554,0.8723361774314363,0.07720352153159801,-0.07921560019095292
ST,2453,0.015982977305425364,0.9466575829790822,0.18886357006742244,-0.07210672859809376
ST,2455,0.05176092360466956,1.6604309324930582,0.6539307438665245,-0.1571453405591048
ST,2456,-0.1446695595902105,0.17754588794125364,0.10928086012562364,-0.13647045742559882
ST,2457,-0.14584297177265687,0.17823594117147254,0.11491166557860034,-0.13838059380511933
ST,2458,-0.1403092729780682,0.21691333790099346,0.12492382086984284,-0.13813113690366766
ST,2459,-0.146475565416843,0.18581504649810549,0.12098559191234194,-0.141016413728212
ST,2460,-0.1457013233799178,0.1946581494527299,0.13094247007053708,-0.14230130819942716
ST,2461,-0.145405823591254,0.20262522995696994,0.1382602616742469,-0.14363920379049083
ST,2462,-0.14585663970894433,0.2034708945285645,0.14041076043055312,-0.14477564326844805
ST,2463,-0.14652578943181696,0.20059436007899895,0.13872377603644104,-0.14553480511325212
ST,2464,-0.14221407169593953,0.23331870075847225,0.14882146609149557,-0.14586377209625004
ST,2465,-0.14330617977110507,0.23235024754505645,0.15514047494316174,-0.14727553261250756
ST,2466,-0.1422100171766109,0.24326112470756003,0.16089458233511653,-0.14816005554145084
ST,2467,-0.1435613149144329,0.2388029591600385,0.16513947820254743,-0.14955384842999833
ST,2468,-0.14136199260071453,0.25509419580876935,0.1692396209996443,-0.15003375532117932
ST,2469,-0.13747572207200953,0.2919602014813393,0.18800117120907173,-0.15175137293045643
ST,2470,-0.13906533615028574,0.281798865773998,0.18486735076660774,-0.15217117633565003
ST,2472,-0.1437117293156606,0.23698144338930224,0.16571230980297968,-0.14986555856188136
ST,2473,-0.14562140743987345,0.22504635149377716,0.16366359703776634,-0.15060919020319302
ST,2474,-0.1442691213777975,0.23684673327659173,0.16868366599652168,-0.15132777319114082
ST,2475,-0.1418815829906337,0.25782636702515177,0.17793575647966306,-0.1523161042211683
ST,2479,-0.14673053019062562,0.20757875589825334,0.14986873219417993,-0.14819610897840763
ST,2480,-0.1436456008656736,0.23424280682725487,0.16229268947292955,-0.14920703875131316
ST,2481,-0.14600444141586594,0.21992189049604755,0.1605673028200172,-0.15016080969845452
ST,2482,-0.1421852922351975,0.2486978700888514,0.1689759692556884,-0.15067881938138164
ST,2484,-0.10390928312516597,0.49554568720342423,0.19065541012101989,-0.1334762306504615
ST,2485,-0.09740402231003402,0.5499337333400236,0.20468119872460025,-0.13473460621453776
ST,2486,-0.07851281203887447,0.6094889349049171,0.2115045364153954,-0.12774793478350105
ST,2487,-0.11115788815034423,0.47708074124543276,0.22981424525719887,-0.1429190464685682
ST,2488,-0.10748397256254447,0.5343212963713931,0.2601589802569358,-0.14854515885206424
ST,2490,-0.1581718854929884,-0.021060807117351477,0.08018892059595502,-0.13889475123473613
ST,2491,-0.1566862072356269,-0.02187071645811436,0.08083718394768206,-0.13782548990377366
ST,2492,-0.15530354555194573,-0.0230011692472942,0.08127767946827166,-0.13670189424592732
ST,2493,-0.1574500637957854,-0.02357359608434559,0.08271075830586039,-0.13829482773152124
ST,2494,-0.15852451116522037,-0.02374397292118299,0.08368770952882802,-0.13904053642122347
ST,2495,-0.15857203881048687,-0.027117782729291457,0.08535700159070289,-0.13887145497001407
ST,2496,-0.1583496394991535,-0.02385641223538594,0.08490903438938367,-0.13880643594163639
ST,2497,-0.1592693637827402,-0.023164206595181817,0.08527417253317678,-0.13963856387202578
ST,2498,-0.15866874500542877,-0.02561937558896043,0.08653679450512163,-0.13907093693375255
ST,2499,-0.15910931273716514,-0.024169734692588107,0.08669944177352594,-0.13946888368810367
ST,2500,-0.15840827004839078,-0.021103031008671613,0.07981706162646408,-0.13902602155738739
ST,2501,-0.15950413639639774,-0.02064048653540139,0.08066646293809936,-0.13979263720354698
ST,2502,-0.15667317558850297,-0.021867697111557394,0.08032409594248542,-0.13779260810266242
ST,2503,-0.1571848241568965,-0.022980055055395323,0.08141233966279765,-0.13805974745556737
ST,2504,-0.15732801452179715,-0.0235616415302296,0.08214885484654413,-0.13818563429130515
ST,2505,-0.15779846075466036,-0.023572001037245386,0.08283481686716913,-0.13855906352056227
ST,2506,-0.15795106056137193,-0.02708877830111115,0.08461370492567938,-0.13840341502546327
ST,2507,-0.15846018222394315,-0.023838528346415307,0.0844173477895277,-0.138869499587836
ST,2508,-0.1593326781544473,-0.0231332512236881,0.08478423992934661,-0.13967424197424466
ST,2509,-0.1585877108529381,-0.025524760439483766,0.08591703037028256,-0.1390267832338559
ST,2510,-0.15923857287939278,-0.02411954680614196,0.08618573033872409,-0.13956030980029333
ST,2511,-0.14721693272727954,-0.06429523006471259,0.07817752268375551,-0.12807237936978141
ST,2512,-0.14832433226899258,-0.0632697568791444,0.07967081174122137,-0.12879523565884196
ST,2513,-0.1442058503373261,-0.06536765791734903,0.07926767258867022,-0.12623028079466714
ST,2514,-0.14447899970549546,-0.0674681038096504,0.08100666639774227,-0.1263634301809024
ST,2515,-0.14643155814890832,-0.0694327817411563,0.08353093353869784,-0.12755957130199705
ST,2516,-0.14523385754241144,-0.06969211725825014,0.08431140060210944,-0.12664042368103748
ST,2517,-0.14373270707633087,-0.07740708366055919,0.08684006668960893,-0.12501469667923457
ST,2518,-0.14559293452290245,-0.07062974432114556,0.0875661812176993,-0.12634166896017643
ST,2519,-0.14875188323880117,-0.06847653153505498,0.08901538808062295,-0.1293123788465361
ST,2520,-0.1465445162382822,-0.07383422919766282,0.09083517406805826,-0.12746747538295675
ST,2521,-0.14753621917665052,-0.07061624630919733,0.0916211133046322,-0.12834787725357913
ST,2522,-0.032480809674799486,-0.40223006219188984,-0.0028509214967756815,-0.025257832773921955
ST,2523,-0.04366925384679402,-0.398859869184547,0.008455807742190383,-0.031945838605720436
ST,2524,-0.025653901299092216,-0.41179294429362184,0.006746929810283223,-0.020627481742783338
ST,2525,-0.04879919256768419,-0.42968021240430915,0.027142731164077723,-0.03448943400580503
ST,2526,-0.04711107865245111,-0.43717619604440655,0.03362710964380382,-0.03339951585363555
ST,2527,-0.03678857237943439,-0.43770581656816543,0.03334104208054299,-0.025850392910493646
ST,2528,-0.033922972757884966,-0.48173302412427144,0.041479961846002285,-0.019922751856721647
ST,2529,-0.03836386507261869,-0.4400244190381581,0.04638804389057054,-0.02496821267918448
ST,2530,-0.05701991543328294,-0.4332273722003618,0.06454955459184855,-0.040351476525274044
ST,2531,-0.0477695760506455,-0.46214684351924396,0.06988639730792622,-0.03246089051881205
ST,2532,-0.018492733806906855,-0.5458686620394794,0.008302305094482751,-0.0039135535350141686
ST,2533,0.05564460924095244,-0.5195643473768743,-0.02863569780048523,0.042820240929873424
ST,2534,-0.019539580513611692,-0.5876952039206945,0.1240285269779842,-0.006735756366631288
ST,2535,-0.005134877655680822,-0.6266371709173921,0.13410170752434616,0.0051457562453581795
ST,2536,-0.06600576923353323,-0.09778792877564504,0.05280815881061526,-0.04594673165370526
ST,2537,-0.06608045890015457,-0.11317904946913271,0.06477006079265485,-0.040803404835378795
ST,2538,-0.06512445251093998,-0.11784332887221624,0.07505030208001025,-0.038737692667862
ST,2539,-0.08211650699222545,-0.09275671211417816,0.08313546452181164,-0.06072474414339975
ST,2540,-0.07179322991018024,-0.11154000670873991,0.0946754305207269,-0.04668994821643894
ST,2541,-0.07337890803987779,-0.1081066238676065,0.10285200517072976,-0.049270467274434994
ST,2542,-0.07503520495989607,-0.11035728803845939,0.11400189166582454,-0.05011548321775974
ST,2543,-0.07587180604112656,-0.10580402729605608,0.12084570681279126,-0.05261654783005313
ST,2544,-0.0843760888545438,-0.09234817467294798,0.1230930011133745,-0.06383736993444125
ST,2545,-0.09065883678743394,-0.08379509419425066,0.1261307657258546,-0.07174993452170655
ST,2546,-0.08934325626019192,-0.09018046749071414,0.1387884183220616,-0.06855064264898868
ST,2547,-0.08525702491767183,-0.0996778403483358,0.1554267868068816,-0.06207046770115458
ST,2548,-0.09654371170043141,-0.0754609681783066,0.13995809025968006,-0.08009937825900326
ST,2549,0.1526186072749807,-0.11848519417620701,0.019028236213769496,-0.03446668648950444
ST,2550,0.10685822133018674,-0.10021322580487893,0.039886446446312875,-0.05494225124693389
ST,2551,0.15188287001019682,-0.123507633071192,0.047096739350648543,-0.039522424951736024
ST,2552,0.11085954724344141,-0.10545236256080323,0.06235769931186,-0.056654668688317505
ST,2553,0.08872881231038755,-0.0932716196936972,0.07123109764701158,-0.06517539715374247
ST,2554,0.10606425680787154,-0.1020553081373555,0.08229338195049621,-0.058959253341472055
ST,2555,0.1358038428230637,-0.11582860215762736,0.09582809214533614,-0.04949601079528853
ST,2556,0.12080961895101422,-0.1091111244717392,0.10600406676648833,-0.05588432354244204
ST,2557,0.11512430413049962,-0.10744838233044257,0.11733170031165098,-0.05900397937057039
ST,2558,0.08596206921743,-0.09307329827146586,0.11940776018937825,-0.06909244343499435
ST,2559,0.09583789638707153,-0.09801968764291666,0.1331352033068059,-0.06683764284563933
ST,2560,0.11315275269632985,-0.10569549458224947,0.15065280234807477,-0.062298215595242505
ST,2561,0.06290725051512305,-0.08449369429045499,0.1400342091683837,-0.07887297958946334
ST,2562,0.15541547239269315,-0.30797773850291904,-0.44553851664756267,0.17696877326458263
ST,2563,0.162824069678425,-0.3269681613155585,-0.4414685271537052,0.18839629323564852
ST,2564,0.15431723910745043,-0.31832198005958856,-0.3988211558478342,0.17713482073062303
ST,2565,0.1436022643779952,-0.3122340400403559,-0.3589914902436725,0.16590526893321617
ST,2566,0.13405659353129595,-0.3006189282685104,-0.3151236407513498,0.15246766894654315
ST,2567,0.14388930168543446,-0.30623031130498474,-0.30069478947968487,0.16172934110358422
ST,2568,0.13626052247357803,-0.3026885964138609,-0.2650337320217508,0.1531662606877529
ST,2569,0.1445769086210147,-0.3154141347674491,-0.250097625759862,0.16405487113204245
ST,2570,0.09518562094454208,-0.26665923709419936,-0.1677333650356276,0.10724117671735026
ST,2571,0.13196855283427086,-0.31695546721762724,-0.18501499111645872,0.155155968161081
ST,2572,0.11643965244907156,-0.30101229565376875,-0.14194208771040537,0.13673425354419305
ST,2573,0.11205710510914656,-0.29703758694510335,-0.11028274345887536,0.13153893152547017
ST,2574,0.11600345212627641,-0.29918259777102574,-0.08345105237427347,0.133625412448343
ST,2575,0.5551403630332545,-0.518381425813355,-0.5527430416333524,0.3630757459928269
ST,2576,0.5947497826996249,-0.5339648531088312,-0.5491161334963756,0.38899435880023464
ST,2585,-0.044268119977429875,-0.12558899526452907,0.08446936383720587,-0.02994894629899085
ST,2586,-0.044814992733225825,-0.12941302286249223,0.09736892192729449,-0.02960289486349004
ST,2587,-0.0417145501970207,-0.10970585395710337,0.0982916520612447,-0.032529557718840606
ST,2588,-0.052956339028486704,-0.12405821326362224,0.12047093854784584,-0.03644763512441381
ST,2589,-0.05560878301233781,-0.12281339533148476,0.1297190030879012,-0.03955443958299158
ST,2590,-0.05464804577393978,-0.12299144259563076,0.1409818194155905,-0.03880673292093962
ST,2591,-0.059339937689683306,-0.1183463080772885,0.14769737208401454,-0.04438654826901591
ST,2592,-0.05897059470835364,-0.11818779128611584,0.15979865554213185,-0.0439002441742504
ST,2595,-0.12425214250611687,-0.03718066124781352,0.0946198433160679,-0.1063895144694504
ST,2596,-0.12852560557490056,-0.04024756733869258,0.10178993719210859,-0.10863391501420046
ST,2597,-0.13025936342812217,-0.037127529398805974,0.10384275385256024,-0.11103517980630742
ST,2598,-0.13292782965953692,-0.029635128163447984,0.10212443211922788,-0.11547870374045492
ST,2599,-0.1333803584936847,-0.03330380266633484,0.10845098932440884,-0.11469555327753135
ST,2600,-0.13242254505955123,-0.036458837780134694,0.11421341359544512,-0.11301939838061578
ST,2603,-0.12903496587428678,-0.038515949897341535,0.09600632972219805,-0.10926586008428238
ST,2604,-0.12976601576033783,-0.03982964076820977,0.10084754618512083,-0.10959925834233385
ST,2605,-0.12992365512550835,-0.03934791881892545,0.10419061284627808,-0.11006636912287142
ST,2606,-0.13163302521862197,-0.036807300592145514,0.10635696354083912,-0.11216793871767214
ST,2607,-0.13519820878316863,-0.030037985994138018,0.10533673020189871,-0.11698193357857085
ST,2608,-0.1319046124629429,-0.03550011311912413,0.11212126954119088,-0.11297739110290345
ST,2611,-0.11867901084286545,-0.05218511304905638,0.09847893181445443,-0.09877618945473257
ST,2612,-0.1300681682071942,-0.03450206814344203,0.09663453952072079,-0.1128275287283085
ST,2613,-0.11960361751590859,-0.05247142369186395,0.10811325035459897,-0.09998644003233802
ST,2614,-0.12377495135995144,-0.045822363880506284,0.10898153133941113,-0.10521995180428816
ST,2615,-0.1276372453415653,-0.03964721057404205,0.10971076461936731,-0.10994796489230724
ST,2616,-0.1243286226424559,-0.04404013112495622,0.11602156684113754,-0.10628650380536686
ST,2619,-0.02599053323866336,-0.16996665459353136,0.12053996361992737,-0.006575663652983822
ST,2620,-0.021867465244540613,-0.17778653473682282,0.135792057753965,-0.0020582134905074287
ST,2621,-0.1372487582981997,-0.004471878536321615,0.12608510113166116,-0.12229097509681487
ST,2641,-0.11795926466292038,-0.01253914128831068,0.04391447111147857,-0.11014482375523875
ST,2642,-0.13379602107946212,-0.014404379652357566,0.05552283287829262,-0.12098215089004857
ST,2643,-0.11899987711307855,-0.01320268965750359,0.04833300889264067,-0.11031861103160621
ST,2644,-0.13206714910000672,-0.01562978102076305,0.05819198106815318,-0.11933429592527214
ST,2645,-0.13212524479739585,-0.016692044243664328,0.06017182955751508,-0.11877845153383823
ST,2646,-0.13001509449428994,-0.016485491790105472,0.06129089467728416,-0.11757661960337105
ST,2648,0.5177632396032195,-0.2510026260108996,-0.13344735785078174,0.0975783614465804
ST,2649,0.48674609284653125,-0.2443736057630525,-0.09562244943068109,0.07983966160854918
ST,2650,0.534119298255775,-0.2680152138895751,-0.08064351197506846,0.0938163207632411
ST,2651,0.4937959661218165,-0.24424254404201096,-0.04870770101471841,0.07753571954999364
ST,2652,0.4776177147486947,-0.24186114317680096,-0.018368360219393667,0.06703109111979594
ST,2653,0.4229210348410883,-0.2218145190188869,0.01326599865609409,0.044618860872287266
ST,2654,0.4928558500803009,-0.25269552075249074,0.033226942962865484,0.06647289408410309
ST,2655,0.5053357559911138,-0.2543321081308201,0.057733203248318314,0.069207517161693
ST,2656,0.3972269548361787,-0.21001276135034588,0.07833862672963968,0.030739903872943758
ST,2657,0.4634326898969341,-0.2396755912553132,0.11030715476767468,0.049469913110495804
ST,2658,0.4342039034768183,-0.22667080521905392,0.13051532380316322,0.037984209437318034
ST,2659,0.4793731424785833,-0.24597049909945232,0.16754491010907266,0.04889363455240399
ST,2660,0.4222375440272919,-0.22091369350320822,0.17439201897953752,0.03034592254141829
ST,2661,0.5128695427962877,-0.23161240265131583,-0.17209659132217112,0.09678348641425569
ST,2662,0.5202592629887695,-0.2537858748189951,-0.1442892726328338,0.09088805790175288
ST,2663,0.4363371841546584,-0.21532125436895116,-0.09399197064797156,0.057585881077954974
ST,2664,0.4917011748210815,-0.24246267574894587,-0.08440502952420292,0.07408908416746819
ST,2665,0.4567532991490205,-0.22673691572334,-0.05273138114675545,0.059274364054276
ST,2666,0.49454564979329996,-0.24003394093867297,-0.035750663364211475,0.07069857145046739
ST,2667,0.40869457293676165,-0.20778435781381185,7.443296231132076e-4,0.037376921209186634
ST,2668,0.48464687067746376,-0.2360937616506957,0.016257114469503987,0.06213952610130124
ST,2669,0.4317987693972254,-0.21546806766570917,0.04173655154403161,0.04292920014099548
ST,2670,0.4042770798215564,-0.20967712121021367,0.06874589403169985,0.02951646340469406
ST,2671,0.48637646886276803,-0.23847888203792522,0.09713618055959458,0.05412814754641182
ST,2672,0.4711958809371305,-0.23264744841949275,0.12192299118627394,0.0468965644024576
ST,2673,0.3897621077635328,-0.20447445885711868,0.13168302234625012,0.019865411712386993
ST,2674,0.5141234384239095,-0.24368092397335786,-0.1737216240743901,0.09335354173276159
ST,2675,0.5021919453542184,-0.24657797424039607,-0.14126439764533683,0.08308855581766092
ST,2676,0.5444030708696288,-0.2651002298442023,-0.12827062115073934,0.09540499327834566
ST,2677,0.4659876405685855,-0.22571336039845155,-0.08301164134273253,0.0656452466484578
ST,2678,0.5322121391388368,-0.25744125513308663,-0.07113195267922078,0.08496227465134722
ST,2679,0.4710188549156485,-0.23350353727586806,-0.03352993543170951,0.060965583238780194
ST,2680,0.5217756922008976,-0.2561719415313089,-0.013068960591318606,0.0745679253918458
ST,2681,0.43673696642708554,-0.21189953605541886,0.012450674392179823,0.04772560494129096
ST,2682,0.5277656319850099,-0.259198517755311,0.04376826916879372,0.07071298434458083
ST,2683,0.4988305816859831,-0.24499037070328764,0.06903432778230728,0.05973895165012434
ST,2684,0.49398693160013946,-0.24407199945938796,0.09767889813667253,0.05469902972191716
ST,2685,0.3991449384930308,-0.2086352384018011,0.11154106710430547,0.023201354434865033
ST,2686,0.45595172794454364,-0.2246228502784156,0.1394041887821081,0.04023767894430623
ST,2687,0.47208792158786045,-0.2191486507971679,-0.1784421774004002,0.0666142629104169
ST,2688,0.5228384668277882,-0.2509578348824747,-0.1717399829756027,0.0777769271624557
ST,2689,0.5509393117085886,-0.26383593403117017,-0.1544426943006761,0.08379043656162607
ST,2690,0.49651814235821723,-0.2410462658421714,-0.11076695297308578,0.06253911334088941
ST,2691,0.4302750403642047,-0.20884111279849468,-0.07109449931242512,0.04016633299299073
ST,2692,0.5104425703424375,-0.24630470938751553,-0.06208080594771664,0.06168077996025885
ST,2693,0.46474986751237374,-0.22495446380298947,-0.03058882458421161,0.046038247171893525
ST,2694,0.5412881000804356,-0.25652224163912374,-0.01228992397149294,0.0662294094463448
ST,2695,0.435343980585123,-0.21404339776697814,0.02037378767794439,0.03263461241139666
ST,2696,0.4983820878390002,-0.23733978053205335,0.04367543723108725,0.04926572675781101
ST,2697,0.4835461003706219,-0.23404599010864657,0.07217793054006354,0.04133656727555803
ST,2698,0.4568343925308666,-0.2239006245877668,0.09619919664173676,0.0314044559626112
ST,2699,0.4506194926642164,-0.22024966850687813,0.1181939348717475,0.028363259626526048
ST,2700,2.6152077354245145,-0.9656810039790937,-1.1216352452065677,0.8671820031696612
ST,2701,2.8578194335405724,-1.0960878248594024,-1.1216707497037661,0.9378343475097951
ST,2702,-0.13450025502035012,-0.005862220658670344,0.12795150112692924,-0.11994651069478134
ST,2703,-0.0646290859231496,0.034536688846265144,0.22616796153818622,-0.07580416190679044
ST,2704,-0.0651083638327108,0.08214870707298572,0.2419642258732629,-0.08375425943042485
ST,2705,-0.06757150558341846,0.2419181033895125,0.28010285363118537,-0.10872930572443543
ST,2706,-0.10788089582634719,-0.059099929821894936,0.10166965259606045,-0.09057594058043673
ST,2707,-0.11357208238910069,-0.05555371237869928,0.10738052657740974,-0.09601859558196489
ST,2708,-0.11185257915047878,-0.05837993350567689,0.11572161312882433,-0.0940251576292393
ST,2709,-0.11592618786834867,-0.05151443305944038,0.11583039840902279,-0.09915177169673747
ST,2710,-0.11573223878680118,-0.052832570076043875,0.12230047098313689,-0.09875031477795505
ST,2711,-0.11685343093276382,-0.04993199578166353,0.12685715092872749,-0.10018743901968512
ST,2712,-0.11636463322183527,-0.04782386158156985,0.1335560142018628,-0.10034810924488509
ST,2713,-0.11539863970202739,-0.04983417758194455,0.14153220146600765,-0.09898147859334681
ST,2717,-0.11407861522121235,-0.05298382580207262,0.10203835107479839,-0.0817667013725646
ST,2718,-0.1168070545860055,-0.05236274526210162,0.10602244047571069,-0.08502892613733302
ST,2719,-0.11353953747400367,-0.058085957169915214,0.11253322616205386,-0.08043491923733674
ST,2720,-0.11747929943200786,-0.050497472129512555,0.11434499193679205,-0.08732144452746986
ST,2721,-0.11958376036614016,-0.04446012010487381,0.12120766243616775,-0.09057166716873322
ST,2722,-0.11999118463446089,-0.04438050507203019,0.12305942395274833,-0.0917578763098606
ST,2723,-0.1174274580971069,-0.04450585795634496,0.13210336404613549,-0.08885485420032423
ST,2724,-0.11985932534563004,-0.045738887771204516,0.13450593950748235,-0.09120381218755157
ST,2729,-0.12713434859384073,-0.020024270864444315,0.14522369088611833,-0.1064914991125186
ST,2730,-0.11312142645035449,-0.060380406760330636,0.10044687231106156,-0.06656364871923942
ST,2731,-0.11576935013303079,-0.05474531658201915,0.10493128110753643,-0.07181568370256639
ST,2732,-0.11605934514745649,-0.054617255188212574,0.10932832296556239,-0.07309688195552466
ST,2733,-0.11876880218211006,-0.05073308064416376,0.11249339127732219,-0.07823885747565236
ST,2734,-0.11977424443825627,-0.04638541902982538,0.11713664800620614,-0.08132687748430971
ST,2735,-0.11909352421309166,-0.048464876520278165,0.12319598167243033,-0.0794602568956811
ST,2736,-0.12097567510733727,-0.04182078698421345,0.12669854758580362,-0.08427450230262198
ST,2737,-0.11996592018929747,-0.04474304830150032,0.13330546494084872,-0.08176854749938599
ST,2742,-0.12542355029657776,-0.004289107552007521,0.1522814144947964,-0.10013538254948814
ST,2743,-0.11383963877362523,-0.056097756517746046,0.09796954615998783,-0.09555422513879612
ST,2744,-0.11318461388147875,-0.05566254141994668,0.10336601284939632,-0.0955225432638628
ST,2745,-0.11109414812609637,-0.06263992859795386,0.11115418143531564,-0.09227210491346605
ST,2746,-0.11571353538240926,-0.05480931191786456,0.11276439801090034,-0.09803067251611096
ST,2747,-0.11355101019204263,-0.05541147228511327,0.11886169859594362,-0.09687577947412844
ST,2748,-0.11397355569418703,-0.05547603169286277,0.1257820496325852,-0.09637917071419207
ST,2749,-0.11464925953188586,-0.05090663109175042,0.13006343227897765,-0.09819396723346163
ST,2750,-0.11319402100660127,-0.05706340597004064,0.13857107157632403,-0.09562616614906674
ST,2752,-0.04780656800962773,-0.10385966673831673,0.06717021315935587,0.013047738770941859
ST,2753,-0.05803819253366107,-0.09943644619038879,0.08422072976133911,0.0037612706626113717
ST,2754,-0.0487455720325605,-0.11622012471814648,0.0961670859390144,0.02141675154980278
ST,2755,-0.05316017931129608,-0.1081853530382509,0.10675495929801442,0.011608161501746
ST,2756,-0.06693894376198183,-0.08473141478777291,0.10798309806089047,-0.018539890002207616
ST,2757,-0.05300939625358024,-0.09277332677006542,0.13505452542513005,0.008192606776030537
ST,2758,-0.05825645727679822,-0.08752798983757523,0.13991722428758532,-0.003124797961666873
ST,2759,-0.06156586130678864,-0.08739901883840227,0.1386323133062293,-0.01195655256140414
ST,2764,-0.08298204885937435,-0.056472557095640016,0.1587575995715733,-0.05257022052705318
ST,2765,0.01794726285321186,-0.17127240640968755,-0.0479100800350361,0.03842897110520043
ST,2766,-4.0328418017845344e-4,-0.16941655572214245,-0.022231426318060216,0.022775896050782677
ST,2767,-0.006371337541161976,-0.16243429488000458,-0.004744694612004267,0.014439848555541033
ST,2768,-0.008464512469629275,-0.16592767826730798,0.009545635430775303,0.013448278240184833
ST,2769,0.005613449098951066,-0.16744050406388897,0.015979350274484938,0.02341401665848652
ST,2770,-0.003713075387432434,-0.17208252064692037,0.03506948010202362,0.018073748790924205
ST,2771,-0.015141274673098386,-0.16302598388624756,0.05195421093772035,0.0027003022584500404
ST,2772,-0.009430470050394527,-0.16735883007970412,0.06459562319298351,0.01039880559488008
ST,2777,-0.03597914288126379,-0.13260761636093646,0.11546520910440324,-0.027177166097344635
ST,2778,0.4432362522368147,-0.5644091292703988,-0.08653834602244426,0.5197370511167014
ST,2779,0.4889381264246995,-0.5863952519037697,-0.057964173137816107,0.5590138501876992
ST,2782,-0.13892148635703117,-0.017901365170610098,0.047512212691660505,-0.12104624552474816
ST,2783,-0.14105410608747637,-0.014014288043646992,0.052681141471137775,-0.12394489996464125
ST,2784,-0.14158450264794067,-0.015224487589840003,0.054892698904018745,-0.12405756540430413
ST,2785,-0.1415095509741738,-0.015615319277975027,0.056861954358706966,-0.12382463415457251
ST,2786,-0.14017560610441324,-0.015659097200206206,0.058458701916090365,-0.12308048765794914
ST,2787,-0.14227625912100048,-0.014216121403174553,0.06199361307548792,-0.12511839295271848
ST,2788,-0.1422354846707624,-0.01460204302565199,0.06412502486927517,-0.12498991268144159
ST,2789,-0.1421750458473215,-0.015044592271893215,0.066358643550243,-0.12477648129724307
ST,2790,-0.14717669888742296,-0.008904272322716658,0.06957124636121155,-0.13068621293732283
ST,2793,-0.13895012515252583,-0.017220184273709183,0.04701996506959064,-0.12127948840757173
ST,2794,-0.13948230807633138,-0.017135656541398984,0.04975527812949396,-0.12173643807408456
ST,2795,-0.14133611133263482,-0.01516743037832613,0.05398449835924595,-0.12384704915188555
ST,2796,-0.1417653809580795,-0.015050353368986795,0.056439871879965825,-0.12419612159411797
ST,2797,-0.14080758265912818,-0.014524984440162527,0.05820257157604629,-0.12381570962778832
ST,2798,-0.1413585739856974,-0.014946732515736338,0.060749471392818735,-0.12419398069043647
ST,2799,-0.1421922276316482,-0.014913733621200286,0.06341927111775242,-0.12480066009363543
ST,2800,-0.14221845087037116,-0.014507735095035534,0.06563986678332052,-0.124983924328302
ST,2801,-0.14715506859993105,-0.00903890372014577,0.06917192258277001,-0.13033044359109874
ST,2804,-0.13576945988973205,-0.019581636659943166,0.035132016732231146,-0.11805289603787142
ST,2805,-0.13576063541861622,-0.02005501879307059,0.03746798761973789,-0.11794954832858652
ST,2806,-0.13937780955137502,-0.015671897399858404,0.045093392602859134,-0.12207372384193305
ST,2807,-0.13940412584276105,-0.017192575125560335,0.04668481208140546,-0.12158236018937822
ST,2808,-0.13969920123774512,-0.0161485723570082,0.04992991711234292,-0.12232463895606567
ST,2809,-0.13883516161550144,-0.017243443475158098,0.051447517570178035,-0.12140110458824768
ST,2810,-0.1390967193678261,-0.017880904608825982,0.054006517943872526,-0.12139303266684137
ST,2811,-0.1492422684853172,-0.0066317150847709175,0.06422113693916752,-0.132533493514172
ST,2812,-0.14206756355956737,-0.01473534655548847,0.0611312277316629,-0.12460183167172345
ST,2815,-0.13501119798880834,-0.021251366448474578,0.032105031119904204,-0.11689886130553981
ST,2816,-0.13677776549869414,-0.01928804016405825,0.03755742495558272,-0.1189222663212444
ST,2817,-0.1375840889816673,-0.01794298544898121,0.04155004087432799,-0.12004212941783832
ST,2818,-0.13935100283748963,-0.01761869461635815,0.04532596588984718,-0.12135663032505889
ST,2819,-0.1384878441499258,-0.01841881506473459,0.047102651924763914,-0.12065275935413512
ST,2820,-0.1394269303418785,-0.016736099049937316,0.05093486332500143,-0.12196058260932827
ST,2821,-0.14041435905940874,-0.016746817172329755,0.05400635133007975,-0.12265384167108481
ST,2822,-0.13952793951581108,-0.017825361674109606,0.05581190865885531,-0.12168444245799365
ST,2823,-0.13961074440083807,-0.018124518412835272,0.058537029544335095,-0.12167389693862113
ST,2826,-0.13751854513181042,-0.01827182250092913,0.03405590917360599,-0.11963182417070291
ST,2827,-0.13649989292737852,-0.019433686918743268,0.03505271078588437,-0.11860790955407659
ST,2828,-0.13744202148608844,-0.01832273120297519,0.03912793212803337,-0.11974413899788512
ST,2829,-0.14059390256695573,-0.015239494562446458,0.04563460562879981,-0.12302808466651965
ST,2830,-0.13810744997296376,-0.01866062505129192,0.04459828533309385,-0.1202034764125289
ST,2831,-0.13898025373338457,-0.016704997791960184,0.04878723126259913,-0.12162469186702472
ST,2832,-0.13956947932143837,-0.01698826935787328,0.05151699789601543,-0.1219276521633838
ST,2833,-0.13935859248867596,-0.018072259726433705,0.05366164776719191,-0.12139479739203594
ST,2834,-0.14019111327052552,-0.01724014261530349,0.057038880753916756,-0.12232374120891386
ST,2838,0.0949700369547257,-0.1959889340796102,-0.21228069665879715,0.0830160810548576
ST,2839,-0.15118784194790033,-0.004093790318100642,0.08702884572808442,-0.12384866935487264
ST,2840,-0.1547039742108873,-8.24835433895162e-4,0.0879011043402532,-0.12841153215929765
ST,2841,-0.1551407067925055,-0.001383039465082559,0.0902734972359405,-0.12843373607901082
ST,2842,-0.15481521096642784,-0.0013522708323857294,0.09202853735769874,-0.12826312502830703
ST,2843,-0.15641453266347083,0.0032189327315346942,0.09227924575484943,-0.13159369298370469
ST,2844,-0.15557370521215033,5.30540881066221e-4,0.09555796177338581,-0.12960423171879687
ST,2845,-0.15724481361946896,0.004134771474116159,0.09482549791586312,-0.1327881485859054
ST,2846,-0.15999173539010392,0.012883461402037565,0.09197389912243262,-0.1385866741604854
ST,2847,-0.15435847030351332,0.14801546163574036,0.13621950421710344,-0.1505530371137255
ST,2848,-0.15505803517977934,0.1452249678759495,0.1380110328514919,-0.15120358024221817
ST,2849,-0.1512910247284001,-0.0036385376139934046,0.08655676937570275,-0.12413107731779162
ST,2850,-0.15388128044365412,-3.4883126351264066e-4,0.08722865476620585,-0.12793953913506692
ST,2851,-0.15503298167246515,-0.0010557861097433342,0.08991578313687706,-0.1284399108472607
ST,2852,-0.15627398999197248,0.0023224687255598174,0.08998983973557056,-0.13129190419710093
ST,2853,-0.15630164011620637,0.003735128190575884,0.09128698206111735,-0.13187535916447007
ST,2854,-0.15543211742198496,8.844671856851917e-4,0.09465360745694427,-0.12975806908998883
ST,2855,-0.15683583646199775,0.004512703803779985,0.09414058689988906,-0.13265213570676454
ST,2856,-0.15975165942169767,0.014269400315868338,0.09251456380615489,-0.13848071472918716
ST,2857,-0.1550726100289363,0.1442655144129906,0.13686476114243665,-0.15102603112988172
ST,2858,-0.13363675009598333,-0.02131216915001733,0.09128861014185247,-0.09833530823172261
ST,2859,-0.1262511534192676,-0.015427867343686697,0.08859999212572016,-0.09641498391264804
ST,2860,-0.13987400256428598,-0.021610614544324704,0.07828240413352323,-0.1203668214354575
ST,2861,-0.14494798042007828,-0.015651136703919835,0.08055180637075504,-0.12574381546101826
ST,2862,-0.1427550431320558,-0.01791274367262984,0.08369612493338034,-0.12341252386079048
ST,2863,-0.14512167119058889,-0.015337882024395382,0.08512860973527464,-0.12600024126058465
ST,2864,-0.14279700818323532,-0.018688058737796696,0.0892496092783173,-0.12322785514115128
ST,2865,-0.14326720796720305,-0.017241910564785985,0.0916492701012658,-0.1239825776830972
ST,2866,-0.1437162512705994,-0.01886312780534239,0.09419869423449427,-0.12394647818175793
ST,2867,-0.14352405577592528,-0.020652848239298215,0.09716561182265518,-0.1234147306254048
ST,2868,-0.14441651701046648,-0.019053660532148315,0.09890658643406762,-0.12458838232797531
ST,2870,-0.14140747368178969,-0.019694337222624602,0.07546784786616714,-0.1219802963028435
ST,2871,-0.14302671194024397,-0.017548990780951897,0.07777384376349422,-0.123765073571852
ST,2872,-0.1423656514647543,-0.01897615362565811,0.08083113387064951,-0.12281701443189823
ST,2873,-0.14335215958725722,-0.01779309087486536,0.08325798435477755,-0.1238793630483422
ST,2874,-0.14265854220374816,-0.018931736035559133,0.08595060753518573,-0.12309185437724882
ST,2875,-0.14291527250201166,-0.019019946113214087,0.08870004565568462,-0.12330124883937521
ST,2876,-0.14373603601686158,-0.018389767502858,0.09117294346835993,-0.12404209779618813
ST,2877,-0.1433267553046787,-0.02043852969787832,0.09410135863438897,-0.12328843166802203
ST,2878,-0.14420799330573797,-0.01782536305913918,0.09540965489716373,-0.12473822831910626
ST,2880,-0.029298601557183376,-0.12724960883427155,-0.06262022709244668,0.032792220672876154
ST,2881,-0.055668496038014166,-0.09195639843817689,-0.02282012302182078,-0.010840141858623455
ST,2882,-0.03540928492507531,-0.12235672903740691,-0.0361659701276352,0.025358605144883525
ST,2883,-0.04293208628972615,-0.12400504293352292,-0.02066093743245679,0.0189443574340526
ST,2884,-0.04237941790344621,-0.12166698420244058,-0.009511398511017531,0.017319938917620653
ST,2885,-0.04216581417969928,-0.1286104934113215,0.001152570642786066,0.02134610736796558
ST,2886,-0.049112772794400766,-0.11648120852070276,0.01704743946375175,0.008199207704056435
ST,2887,-0.050031028732820726,-0.12439634906486244,0.028824504416661657,0.012283143802458412
ST,2888,-0.051741226178678885,-0.11741386712005487,0.0408243972375802,0.0059783592016532305
ST,2891,-0.06920280371992987,-0.0971808510814324,0.07521513780508132,-0.023949085007962438
ST,2892,-0.07026790343431441,-0.09818804291714307,0.08578013735148168,-0.0247659314218368
ST,2893,0.02905246269111552,-0.17319305802933094,-0.22786458502552012,0.10707019402763833
ST,2894,0.022549375283628974,-0.1786239443334396,-0.21316483635298847,0.10732495956076724
ST,2895,0.008807847789823804,-0.15751937241904265,-0.16968639836874239,0.0788275210656306
ST,2896,0.02736961535159967,-0.1864658543865558,-0.19231901501612925,0.11339752744234749
ST,2897,0.02211826676602225,-0.1829868989192724,-0.16917230490579327,0.10577267896272106
ST,2898,0.030423034512035436,-0.19259451022753474,-0.16434575892512415,0.11873988298759573
ST,2899,0.019224545282423372,-0.1855412203326792,-0.13552187595427448,0.10466366430057425
ST,2900,0.007030820578573437,-0.16636149320693336,-0.10121175030415647,0.0811417939805607
ST,2901,0.014717840050456978,-0.18885092117422955,-0.09799412940799214,0.10355441113109125
ST,2904,-0.008585549653966771,-0.16293439627565845,-0.025136290727426635,0.06228308119569295
ST,2905,-0.018977958912171085,-0.14848730378433544,-0.0023754686478404032,0.04340800467545559
ST,2906,0.2546561127143065,-0.38908486618134536,-0.45212456558496955,0.37782092946172074
ST,2907,0.2986950935889293,-0.3427837078648122,-0.4274813513370948,0.38210349381882736
ST,2908,-0.13262227451094774,-0.02779899598246742,0.09046180777340933,-0.11474764580386121
ST,2909,-0.13678439392067962,-0.022086630538049164,0.0925495401487425,-0.11946954842944585
ST,2910,-0.1355286472409729,-0.015199605343245493,0.10001162734886726,-0.11919403240601933
ST,2911,-0.135446849695299,-0.020931033893927115,0.10118063298648501,-0.1183317287371479
ST,2912,-0.13458739906350273,-0.020649649103263876,0.10679056578538773,-0.11750403897785601
ST,2914,-0.11495002163478227,-0.04560590134294874,0.0786465626167745,-0.0987925877006191
ST,2915,-0.11268756243066297,-0.01689456861785976,0.09885419145235154,-0.10010694205496576
ST,2916,-0.11460684087052503,-0.04232226153398531,0.09072858788057579,-0.09891942034990085
ST,2917,-0.1179930134403588,-0.041445492539752805,0.09446404116569632,-0.10132500144985074
ST,2918,-0.11962042415573998,-0.030999217496266777,0.10276964721251845,-0.10429605002012227
ST,2920,-0.062195788988291485,-0.10360295718641623,0.06809072395579222,-0.048028108087522406
ST,2921,-0.05352871369930206,-0.08828310509501126,0.06885835702145673,-0.04636955369449665
ST,2922,-0.05716148418159459,-0.08274961020204552,0.0814200618774436,-0.04955496036927912
ST,2949,0.14379512995566518,-0.06032467312040165,0.12557490244360778,0.036421731376700614
ST,2950,0.10228032310106383,-0.01139812514089257,0.11988896292918053,-0.0041320999354429394
ST,2951,0.25807631489285404,-0.10901426330906873,0.15151018220799156,0.11626145614662071
ST,2952,0.2395562583673408,-0.12451288408494439,0.18506041738918255,0.10822377890812397
ST,2953,0.25106572141403305,-0.1278924737974998,0.20497995188168877,0.11262812310387614
ST,2954,0.24951768384361436,-0.12396541770752961,0.22137635948677337,0.10584638976608657
ST,2955,0.24341194343682984,-0.12190971950407894,0.24214789727497846,0.09776340755783113
ST,2956,0.19915992867997062,-0.09189848310632534,0.24002611079338787,0.060529254509180064
ST,2957,0.21479613898453687,-0.10689927645568441,0.2701329936177973,0.07146486258879746
ST,2958,0.22085146860186242,-0.10713818695239868,0.2867366050188881,0.07449231695924192
ST,2959,0.20799171684075662,-0.09420128183519226,0.2953116692042864,0.06153054933589134
ST,2960,0.21403692501017038,-0.10148783918450466,0.31922545246015893,0.0635851341536337
ST,2961,0.20243459758903606,-0.09409647052723286,0.33066210321017514,0.05135051022357956
ST,2962,0.15670532823760236,-0.05690965421514634,0.30585594365987634,0.014940594804636814
ST,2963,0.09266118622422718,-0.021448833353849867,0.28074919382508573,-0.03136737647984635
ST,2973,-0.15091668975135558,-0.00853638723459187,0.07754444896227634,-0.13134255160796635
ST,2974,-0.149764801902009,-0.010426993758179574,0.07941419117611188,-0.13001207726599331
ST,2975,-0.14957483021338808,-0.009729367186791219,0.08067900735500749,-0.13013666011865363
ST,2976,-0.15134992768815725,-0.008089811703115946,0.08209484824460817,-0.13194904050713568
ST,2977,-0.15004780695817452,-0.010800820796375647,0.08488429773348075,-0.13022079796750574
ST,2978,-0.15254755350968585,-0.005540560579738077,0.08375407605844247,-0.13368206782520486
ST,2979,-0.15418042177651384,-0.003412043232137796,0.08395922489427993,-0.13554154744909316
ST,2980,-0.15463509408692672,-0.002475890689616522,0.08442363720949995,-0.1362302113746835
ST,2981,-0.15400498923630493,-0.002168433680619174,0.08496126787923237,-0.13594466545866213
ST,2982,-0.1518226253012673,-0.00572994252430551,0.08921224317726988,-0.13329195552260473
ST,2983,-0.1535593518156305,-0.004022233639427074,0.08911319471779112,-0.1351038431201705
ST,2984,-0.1544234944417252,-0.002176341422336873,0.08812680006035459,-0.13640590791144477
ST,2985,-0.14592593509313267,-0.010851096170988804,0.07017124691881532,-0.1278121727623313
ST,2986,-0.1429869545892316,-0.017599689087811884,0.07198142883033322,-0.12363628605217333
ST,2987,-0.14370529002506105,-0.01714101404918566,0.07443995293457718,-0.12432078906241148
ST,2988,-0.14534241049111193,-0.014476995673339967,0.07648256874895963,-0.12639650791688528
ST,2989,-0.14306502656090153,-0.017703817369265695,0.07896113957028447,-0.1238429377988855
ST,2990,-0.14591117232106054,-0.014039744000848281,0.08061075753698399,-0.1270214481812934
ST,2991,-0.15069214561417787,-0.006533291741358975,0.08013262946898723,-0.13286679288204098
ST,2992,-0.14903222339851074,-0.004914435058006621,0.0796243690287626,-0.13247015540768967
ST,2993,-0.1444421573753043,-0.004971249470715682,0.07936647963668725,-0.1293346341413419
ST,2994,-0.14457146832899012,-0.011231930487000401,0.08625998727935416,-0.12726642248050754
ST,2995,-0.14813082458030263,-0.007010496272911766,0.08509359635133323,-0.13127244935360538
ST,2996,-0.15003684438904036,-0.005794817743621852,0.0857592685290237,-0.13306615994173432
ST,2997,-0.11801603703329841,-0.04461906206050843,0.057782542940954154,-0.09965503638950547
ST,2998,-0.11762106597176293,-0.045945753546275406,0.06164908957430276,-0.09886675883064645
ST,2999,-0.11732850386434202,-0.03740605470913251,0.06423124618168914,-0.1015488350578671
ST,3000,-0.16014532584395116,0.08277653721440502,0.10443453759353136,-0.150397263059513
ST,3001,-0.16371429578708852,0.01055566101437432,0.08204957948887524,-0.14438052849286853
ST,3002,-0.16010875127914687,0.08512005595261524,0.1072400261314493,-0.15092049066992863
ST,3003,-0.1601859787364741,0.08517067748684767,0.10804206798085936,-0.15110044435435427
ST,3004,-0.16016532001477843,0.08653552407171869,0.10917946365909742,-0.1513672540665708
ST,3005,-0.15987103759214122,0.08973699205096247,0.11129135240115308,-0.15164305834433559
ST,3006,-0.15975639628735175,0.09197430710668544,0.11323442587140152,-0.1519669944025428
ST,3008,-0.16002944852353254,0.08163041613452639,0.10184785163242455,-0.14986318080316077
ST,3009,-0.16346803821761727,0.010481321017670912,0.08141843157839533,-0.1441556011203986
ST,3010,-0.1598740423031897,0.08497702458333718,0.10516888934942693,-0.15043616003059135
ST,3011,-0.16005898829504603,0.08458817724613459,0.10627172795061504,-0.1506905442933993
ST,3012,-0.15986008546850017,0.08731506168803072,0.10780619794686501,-0.15097388567633743
ST,3013,-0.1593406171641739,0.09342651278762727,0.11241949667385354,-0.15152712546134273
ST,3014,-0.15955628553963763,0.09200431362043,0.1116544493923166,-0.15158186555153227
ST,3016,-0.1528477427318799,0.14188482642033587,0.12260927416530229,-0.15105390433769963
ST,3017,-0.15156644848632278,0.15478747376967428,0.13225471120663357,-0.15204975465750423
ST,3022,-0.15402590897686536,0.1260245310016959,0.11142698475487843,-0.14927807046517666
ST,3023,-0.15955502572790142,0.008558714776712335,0.08317268981147768,-0.14080099646321648
ST,3024,-0.1539591531472457,0.13069066772898252,0.1166933623510537,-0.15034367272478172
ST,3025,-0.15394314794216388,0.13253818978520618,0.11968421564970337,-0.15086282199034085
ST,3026,-0.15370719124261673,0.13774341998305206,0.12401524281208362,-0.15159752657989875
ST,3027,-0.15286196433263602,0.14691340764509653,0.1306899298735127,-0.15239109166525294
ST,3029,-0.15483257742698853,0.11267931202040124,0.1006935486729574,-0.14748695144573168
ST,3030,-0.1596159270304957,0.008768762011020689,0.08028246074384444,-0.14079988199220095
ST,3031,-0.15496829815112,0.11671570998227751,0.10661626395691794,-0.1487162359554277
ST,3032,-0.15488415639490288,0.1186126078509889,0.10869310862395014,-0.14914442745292425
ST,3033,-0.15394749694552715,0.12848502283622076,0.11461786943310336,-0.14985320114530612
ST,3034,-0.15364124530118858,0.13304291513429647,0.11874188539760767,-0.1504736217103566
ST,3036,-0.15348223887667867,0.1171921789835458,0.09562096044219069,-0.14594613814092905
ST,3037,-0.15835136912531247,0.008282314340112056,0.0787056379652596,-0.13967585395944224
ST,3038,-0.15350144371224386,0.12306494366353647,0.10334960990947524,-0.14744250366537548
ST,3039,-0.15327840493080416,0.12659637426733925,0.10728699384334903,-0.1480757717795631
ST,3040,-0.1513053371919999,0.14424431376486593,0.11775067026358953,-0.1489885438577443
ST,3041,-0.15224237322891507,0.13962726922071012,0.11585496296139974,-0.14938726072342942
ST,3046,-0.10850653510657624,-0.042002613871811575,0.037730599709425425,-0.08057511100422676
ST,3047,-0.11391822645562422,-0.02771370836196432,0.04880733575273712,-0.08919466769134266
ST,3048,-0.12338461595873282,-0.014609023282753408,0.05989070735260815,-0.1013899186980411
ST,3049,-0.12055778372096411,-0.015782210010238676,0.06575512350918522,-0.09729381492510761
ST,3050,-0.13299171439455001,0.017237137460443162,0.07632602510178847,-0.11564604447684537
ST,3051,-0.12029254609566284,-0.007199572067793919,0.07851016037012784,-0.09927365657192534
ST,3059,-0.036240207025775004,-0.09836898612421408,-0.07535254579834569,-0.0020923476167022826
ST,3060,-0.07888066410108252,-0.04192389666509612,-0.012917467537710683,-0.055604448846170634
ST,3061,-0.07394032460497452,-0.059445552435161114,-0.0115606010836609,-0.045273582508536026
ST,3062,-0.08268439911605449,-0.038056046190490786,0.007930883113546538,-0.058841878793793774
ST,3063,-0.08542826627790939,0.012863520155136251,0.020133345240171747,-0.06393267898600126
ST,3064,-0.07919803839869333,-0.04335078043632049,0.026219295846588976,-0.054356677383821245
ST,3072,0.07430442276768524,-0.16109267628347568,-0.12831936835996022,0.10195680811628359
ST,3073,0.06070065147420467,-0.15260318327595065,-0.0957484028422156,0.0899750746713785
ST,3074,-0.0785201209050315,0.4830672568765659,0.08921354363766851,-0.09779088096973187
ST,3075,-0.07655866767850919,0.5113314961611103,0.13712159447759903,-0.10259648394015441
ST,3076,-0.058729729932675216,0.6322215138500168,0.18424967132131848,-0.10332480112683763
ST,3077,-0.06327908330682094,0.6432962112792291,0.24267899249063687,-0.11352850342309093
ST,3078,-0.04911016330251844,0.7685975181794891,0.3132256148124772,-0.1187160867426297
ST,3079,-0.08352496774354402,0.6120137158688236,0.22549884086438934,-0.13143524517352934
ST,3080,-0.0898640694765916,0.5021529676279877,0.1816587335587916,-0.128606021765464
ST,3081,-0.09339148765021431,0.581963063486595,0.2201160509022748,-0.13936093434286187
ST,3082,-0.08766879033495337,0.6345575982844706,0.24329354764161681,-0.14205324115924917
ST,3085,-0.02993225049818317,1.214718271140696,0.6232121362276535,-0.17675050811153814
ST,3086,-0.023305461075994433,1.3167570251700678,0.6916951838852707,-0.1866839002291565
ST,3087,-0.0637910442151791,0.3365047199897284,-0.12879906617407388,-0.05380241759042127
ST,3088,-0.061827850005832234,0.45435954290152225,-0.06813147002697204,-0.0709676576995484
ST,3089,-0.06269446599842556,0.4670270253271346,-0.018398466138264565,-0.07994322668100784
ST,3090,-0.05397198710380455,0.4995437009804792,0.027470973669821652,-0.07852505972549531
ST,3091,-0.04680950031531519,0.6276391173332215,0.06921829656002212,-0.0884112619249297
ST,3092,-0.047128274824169786,0.6622799578963271,0.1285949345740049,-0.09746909061579656
ST,3093,-0.07148605333439206,0.6282062339194986,0.10974307171520083,-0.11654451914301944
ST,3094,-0.06234748108404216,0.7078947371728628,0.13975104782203565,-0.11948074554828238
ST,3095,-0.050775402501301865,0.8000130308351339,0.22272823406121378,-0.12479526590956876
ST,3097,0.0363242005460274,0.712903829585046,-0.2403027088645815,0.014001650983117625
ST,3098,0.036741621400587225,0.6882839525837513,-0.19617328704068687,0.017824527864900384
ST,3099,-0.14973743644396706,0.17078688885388318,0.1361361962069604,-0.15226436305736427
ST,3100,-0.1578158239605163,0.007391060481894904,0.08892919652551617,-0.1394026858896946
ST,3101,-0.15004712739200207,0.1726622241080142,0.1398445090430752,-0.15330238043156758
ST,3102,-0.15031900563926928,0.16635725391181064,0.13377439073823394,-0.15215256054201862
ST,3103,-0.1578158239605163,0.007391060481894904,0.08892919652551617,-0.1394026858896946
ST,3104,-0.1497836746731845,0.17455363432699614,0.14051286361400822,-0.1533173679395215
ST,3105,-0.13123472575370027,0.03868847376577406,0.13623478490053795,-0.13058795085796046
ST,3106,-0.16188949775909517,0.009594010390045534,0.08390174631370623,-0.14283539975721893
ST,3107,-0.16178531117792286,0.009492582045218594,0.08474694103631572,-0.14276095375841766
ST,3109,-0.1555954126465757,0.12917210058619386,0.1290921457606789,-0.1533100688357961
ST,3110,-0.1562864870138165,0.12335255998622782,0.12616680162034496,-0.1531857764720131
ST,3111,-0.15647095141641806,0.12398736022470688,0.12824943091733174,-0.15363245824425192
ST,3112,-0.15496374293079407,0.14192510096167274,0.13994502199777126,-0.1551787501235093
ST,3115,-0.12530689307440257,0.36918399234383187,0.21370000187859983,-0.15598523678687184
ST,3116,-0.12685392744512927,0.35745633825004475,0.20223866970716217,-0.15577556082417593
ST,3117,-0.12444467490223907,0.3767454139791567,0.20608580784614258,-0.15632606332054363
ST,3118,-0.1292319391186245,0.3529375229813386,0.207821451395328,-0.15834879283598322
ST,3119,-0.11705797461430163,0.4798923606945802,0.29253370039501025,-0.1669129711912909
ST,3122,-0.1099391433034317,0.45532459808784104,0.2118788061362337,-0.14935686241037865
ST,3123,-0.107332651888702,0.48308904151403637,0.22658124660928555,-0.15151257983454627
ST,3124,-0.10512237901533024,0.506108136519827,0.22824645201519078,-0.1526651580211814
ST,3125,-0.111955482131087,0.47624711062791353,0.23876970171076037,-0.15660457794489896
ST,3127,-0.11274975005406446,-0.04070475359106526,0.01048960794497682,-0.09163440118948445
ST,3128,-0.12178219798379732,-0.027255071125864488,0.026855602959285314,-0.10229000512247714
ST,3129,-0.11491616734825652,-0.036040421337893355,0.024543280016408063,-0.09479548944233433
ST,3130,-0.11483425657828504,-0.0379290926173691,0.029452716320526495,-0.09413572739488801
ST,3131,-0.11587767675899122,-0.03487433301828375,0.03633696374476684,-0.09587126232466789
ST,3132,-0.11849131860566699,-0.031349875365537516,0.043771875266024704,-0.09872686782472483
ST,3135,-0.1267062947486574,-0.02550505373971978,0.06973186057074231,-0.10635174698496049
ST,3136,-0.12591853598782773,-0.02582606290971631,0.07448405111185827,-0.10588470252783008
ST,3137,-0.12655622231975477,-0.026437913466634273,0.08051090337569759,-0.10607570399593148
ST,3138,-0.12875753477270582,-0.02269710923418075,0.0851916223699995,-0.10893299965079768
ST,3139,-0.12934585162743065,-0.01646865710607885,0.08685805306198334,-0.11152157994100759
ST,3141,0.01886403221300779,-0.18690594584022288,-0.08411642514068626,0.06399353553887985
ST,3142,0.027698250644015526,-0.17548363342076498,-0.0725360296461911,0.06476935463274505
ST,3143,0.027664500090480187,-0.17293903029674101,-0.05715474622605083,0.06209380658535516
ST,3144,0.016953534073792798,-0.19811737074154298,-0.03861533909349456,0.06534067378770952
ST,3145,0.017176857817450146,-0.1900804803832325,-0.0216764207954845,0.06202353303002494
ST,3146,0.0067484739832037784,-0.19064305968466358,-4.6014124256823114e-4,0.05261833005802014
ST,3147,0.0021684353796692928,-0.18564668218886812,0.01691023922973547,0.04635166131164167
ST,3148,0.006067879923271356,-0.18555561223016528,0.03149361022933465,0.049401200722958616
ST,3149,-0.009493040892991415,-0.17105616683746488,0.052263681410244706,0.030536157594997802
ST,3150,-0.009036998061665864,-0.1732868813795091,0.06710809523310103,0.031748655719675466
ST,3151,-0.01710858642189291,-0.14328642008629558,0.08069935691764102,0.013185225214564217
ST,3152,-0.002015986881472543,-0.1548003868557916,0.09228269696299189,0.02910677298669427
ST,3153,-0.03004817552263011,-0.13099745165558882,0.11056078221057772,5.296523343667989e-4
ST,3154,-0.024045565090643733,-0.14426206934836727,0.1238173952107824,0.007959912995814793
ST,3155,-0.03767554366418743,-0.11763855662852908,0.12464139153176569,-0.014694942020277026
ST,3183,-0.10920899827557434,-0.055094165861549596,0.08047680235569801,-0.09224673080307906
ST,3184,-0.11239853564129858,-0.05674113576095348,0.08738508257836752,-0.09411763641469394
ST,3185,-0.11237656241772077,-0.05677937929402374,0.0922399115381788,-0.09423475390638052
ST,3186,-0.11661380947192394,-0.05018714598237222,0.0952669328988074,-0.09937705841967323
ST,3187,-0.12208286962048377,-0.04257843595397173,0.09698397688673502,-0.10560140988035534
ST,3188,-0.12215478393299106,-0.0444715222921902,0.10207490287969816,-0.1051707299739434
ST,3189,-0.11578067601180464,-0.05106243141633049,0.10915709028930637,-0.09867851270306668
ST,3191,-0.11147071809197201,-0.057017733957668626,0.07513758855007834,-0.09295760454024452
ST,3192,-0.11290928443264626,-0.05595909240959462,0.0804129487420652,-0.09452867397974188
ST,3193,-0.11302789645896166,-0.057667760187226996,0.08601183458559915,-0.09417096947777888
ST,3194,-0.11926624536290845,-0.0449868904015497,0.087567681409853,-0.10278680196065972
ST,3195,-0.12163816497061947,-0.03877889174049622,0.08915372494509459,-0.10643594617555605
ST,3196,-0.11657278438493703,-0.05544036755234123,0.10114072766979391,-0.09752793893907882
ST,3197,-0.11802072927172776,-0.04997447558406153,0.10291568229641404,-0.10044344824545916
ST,3201,-0.1089951708483543,-0.055570902511199255,0.05650899917805038,-0.09128951943016017
ST,3202,-0.11187920933296826,-0.05668586776366679,0.06315284377774602,-0.09310891742638847
ST,3203,-0.11365684810273725,-0.05323728831626774,0.06831176162656892,-0.09559924190046981
ST,3204,-0.11354924505916579,-0.05297370314677395,0.07303524076578888,-0.09570916722626786
ST,3205,-0.12336014012376476,-0.036729111952519954,0.07642418310447753,-0.10790960725538712
ST,3206,-0.11625701304522444,-0.050680873878231336,0.08296169568068283,-0.0984371957885863
ST,3207,-0.11497189494079187,-0.050310356982719975,0.0871405557319039,-0.09773965541707359
ST,3211,0.013553074906112048,-0.1804433299804215,0.02806777500219434,0.02105578170101459
ST,3212,0.018784957241260714,-0.17345025733557334,0.03763812155897365,0.022449792738503487
ST,3239,-0.15389729806629304,-0.0023136976418468335,0.07694246831452799,-0.13320118582430954
ST,3240,-0.154416240079377,-0.0018294343476835593,0.07865471949638664,-0.13373566253836783
ST,3241,-0.15585573468124278,5.273054173665334e-4,0.07990375745092475,-0.13552022991840404
ST,3242,-0.15630347404756448,7.137889495205372e-4,0.08139754963277031,-0.1359149371120404
ST,3243,-0.15917209071120864,0.0064398190650288185,0.08077627215557752,-0.13978854395510415
ST,3244,-0.1586111683875378,0.0055854848194108984,0.08202179604695999,-0.13914379938592622
ST,3245,-0.15876154194726358,0.005992535285961162,0.08283715955373454,-0.1394037546086052
ST,3246,-0.1595462036881477,0.007238429217663975,0.08310813423791967,-0.14037661811197086
ST,3248,-0.15473805701026108,-0.0010019108254429175,0.07432294091558611,-0.13415027427204773
ST,3249,-0.1551458604517078,-0.0011883302406765666,0.07606111630782483,-0.13439068973296642
ST,3250,-0.15620652616325142,0.0010954578852371928,0.07732518380836093,-0.13588832921003247
ST,3251,-0.15766177243632726,0.0030431563602912126,0.07855713938391845,-0.13755541604900157
ST,3252,-0.15986993980451777,0.006716135479811864,0.078947679715489,-0.1403082169128621
ST,3253,-0.15835016303325006,0.0038192316664473975,0.08073520862018208,-0.13832705920320404
ST,3254,-0.15916758027932804,0.005950769338001909,0.08094139779499591,-0.1396110132712971
ST,3255,-0.16071771769837115,0.008068391703330789,0.0810068345567468,-0.14140155756323583
ST,3257,0.06723675724111704,-0.03702996687051391,0.028261671178301303,-0.08312753756587132
ST,3258,0.08369726898717954,-0.04897491316184186,0.036236853213465536,-0.07968198871253776
ST,3259,0.08322513961265172,-0.05044147115950411,0.04739935736794439,-0.08108631984711935
ST,3260,0.0620212068249803,-0.04259119041064464,0.061534097660517026,-0.0897214187234633
ST,3261,0.06335306809816389,-0.04337229661196034,0.07063209235129783,-0.08953966723054135
ST,3262,0.06881909212012077,-0.04631527658091327,0.08178908539991679,-0.08945249740342189
ST,3263,0.02551353485925923,-0.02740666344969976,0.08890427453171032,-0.1025477138481318
ST,3264,0.05291877574707405,-0.0471078082095831,0.1013513979533612,-0.09501999285394307
ST,3267,0.12942899360232982,-0.07482979543211327,-0.009392514319071838,-0.04002923610295203
ST,3268,0.13828796618586542,-0.06785986960263105,-0.002670497438622446,-0.03477926701075166
ST,3276,0.004678775007728298,-0.17257549846188203,-0.05779778828129064,0.08916457658624237
ST,3277,0.02062890833423979,-0.2131109518071042,-0.06007316874143458,0.13122255055096618
ST,3278,0.02523712931393598,-0.2167976454320412,-0.04602623488667227,0.136772197700662
ST,3279,0.020264192480316336,-0.21771790571346383,-0.02554447367304044,0.13116089121784422
ST,3280,0.010277213502085375,-0.1977461762666776,-0.002814220494681817,0.1083343219243894
ST,3281,0.005826159136635037,-0.20042613731313702,0.01656863454984233,0.10619623385449106
ST,3282,-0.013232269936148601,-0.15994039256825784,0.03635270811597981,0.06060715950130658
ST,3283,-8.934297181120765e-4,-0.19710404364151368,0.053800209258515724,0.09853230132699765
ST,3284,-0.007347519082004801,-0.18611426790347876,0.07067150236903756,0.08391411170461019
ST,3285,-0.008900707730629289,-0.1896187177128601,0.0896896733389649,0.08477574532667947
ST,3286,-0.01278577682662328,-0.18306916450732247,0.10574987783838688,0.07756973871772038
ST,3287,-0.02416985649525613,-0.16516772178154618,0.1163194126227829,0.053179405377742066
ST,3288,-0.02051174752297857,-0.1843716109218806,0.14424646311465034,0.07053201381282091
ST,3289,0.03057558064748206,-0.19985505140568727,-0.09601484831552541,0.13104469474696737
ST,3290,0.017651989488662506,-0.1958542423280783,-0.07059625878127279,0.1179203694609883
ST,3291,0.016142308007140754,-0.19808369056410408,-0.054034348595201696,0.117343941141787
ST,3292,0.017985437581040657,-0.2040026309652369,-0.03936261811591487,0.1211372955933945
ST,3293,-0.007649297105357035,-0.17539307720440603,-0.007236620886464139,0.07914882648383341
ST,3294,0.005271211556104463,-0.1937739198326052,0.0014986507522141625,0.10247436392660571
ST,3295,-0.0061453580958621915,-0.1766249045362698,0.02228630217979825,0.07996185792525799
ST,3296,-0.004868475487206696,-0.1861051557010389,0.03901534729006025,0.08875983293430063
ST,3297,-0.006558060748833304,-0.18028990886188334,0.055005428363540804,0.08180346842400965
ST,3298,-0.007637245958749314,-0.18681573034847962,0.07435666373766998,0.08538950558342372
ST,3299,-0.01479939310872891,-0.17956554227877966,0.09177662052523548,0.07495830395285241
ST,3300,-0.028796958585343153,-0.15548009252244072,0.10081288821518111,0.04322520375885921
ST,3301,-0.01911318489261172,-0.1820144520084706,0.12934752618788747,0.07149335062741431
ST,3302,0.0347463443746555,-0.21617844858582952,-0.12226257019657837,0.14512367254857877
ST,3303,0.023417320828507844,-0.20137667646038712,-0.09290975740344506,0.12545753639997656
ST,3304,0.03359875949572624,-0.21304681388074298,-0.08554364828909436,0.14143085422858978
ST,3305,0.026599914415668773,-0.210242052585327,-0.0631660845823283,0.13139581283464594
ST,3306,0.007170514623704636,-0.18598670810757634,-0.03190287051717647,0.09728337307453006
ST,3307,0.014443347883359615,-0.19314896788266153,-0.02025135450303051,0.10796672816055662
ST,3308,0.0070393646351503665,-0.1893271103793075,4.622547083338119e-4,0.09823097265434079
ST,3309,-0.009325261267368294,-0.16979426774106862,0.023202331454630368,0.07101432195236446
ST,3310,0.0012060871046184656,-0.1811100673622672,0.0355540401620417,0.086570148662199
ST,3311,-0.0075756682470715635,-0.17292463727498175,0.0538309501338879,0.07278711801376128
ST,3312,-0.025407973245896373,-0.14789838924417537,0.06837871750721355,0.04033922758451553
ST,3313,-0.006587306235322301,-0.19273411063704038,0.09518779284473065,0.08765757204720132
ST,3314,-0.014512141552454106,-0.1802124335736216,0.10990847710072933,0.07177103633783985
ST,3315,0.04233096394179977,-0.2062936235369703,-0.14093033216593573,0.14657641800931123
ST,3316,0.02156983564211671,-0.2008427289541132,-0.10800453241219987,0.1257331140362512
ST,3317,0.027726006024937723,-0.21117113248726174,-0.09870882498113337,0.13767510757486287
ST,3318,0.025595532673395958,-0.21180341145001835,-0.07999517569075419,0.13410469565333374
ST,3319,0.0027086607628793104,-0.17647704975291267,-0.04260081877391053,0.08845550463728098
ST,3320,0.013680231155638833,-0.19189679728863826,-0.035288537444181575,0.10859549483271015
ST,3321,0.009641122383850911,-0.19426554239367025,-0.016224014277287598,0.10623547364469162
ST,3322,-5.900307721408843e-5,-0.18510639621561867,0.00564365288964611,0.09232920014398847
ST,3323,-0.009343001896130255,-0.168883933340875,0.024958126406174824,0.07060712595642146
ST,3324,-8.089483044886408e-4,-0.18885028190544514,0.040662345249935596,0.09271425109866158
ST,3325,-0.008531074268903564,-0.17961817557927184,0.05916755210230646,0.0803086811467319
ST,3326,-0.009465968849052408,-0.17911046016202248,0.07634168388388161,0.07694306987512181
ST,3327,-0.018767592604052048,-0.17100319493974397,0.09333533702283109,0.06289350403574633
ST,3328,0.6503371724319817,-0.8546333185965801,-0.7994016060405342,1.0208521190812567
ST,3329,0.7854426225823001,-0.8017265575739042,-0.8057783564577692,1.0879985020660496
ST,3330,-0.12436692296711974,-0.043733796220539876,0.0986721891667136,-0.08526147897350049
ST,3331,-0.1259441970783039,-0.04208973069317145,0.10240520247358234,-0.08747560369316437
ST,3332,-0.1270461104327042,-0.04188345590912749,0.10627111200808206,-0.08884629671058299
ST,3333,-0.12938188612534593,-0.038727532073920753,0.10787515965149828,-0.09342736522731863
ST,3334,-0.1301119395020776,-0.03238561145163196,0.10733526801943312,-0.097768387753822
ST,3335,-0.1303125718636376,-0.020032280841498284,0.10322767738290409,-0.10446081397529208
ST,3336,-0.13200953099455215,-0.033080307342926454,0.115177276160227,-0.09922666471724675
ST,3337,-0.13838279563426517,-0.016692118798249278,0.10479306575372442,-0.11389876656610655
ST,3338,-0.14161332040130306,-0.004708006739033804,0.1025379552756129,-0.12142865260218155
ST,3339,-0.1318766948723872,0.27325430369377735,0.2011393626055661,-0.1464817894623955
ST,3340,-0.12915596419853487,0.2982617107221546,0.21030152116156386,-0.14779075251626675
ST,3341,-0.13099562384833513,0.28555897728310164,0.20972328470491677,-0.14849681570065687
ST,3342,-0.13025271518845738,0.29626570771680616,0.2174490736169256,-0.14976604088599382
ST,3343,-0.12769361325065942,-0.039164586945621395,0.09784255120711995,-0.09045513757557165
ST,3344,-0.1284785812560322,-0.03816740531911899,0.10099278837548427,-0.09204599507467517
ST,3345,-0.12928680333813655,-0.04005362129424751,0.10562108065482204,-0.09224842596706488
ST,3346,-0.12996671735704993,-0.03191147401754963,0.10409042263107761,-0.09768900621983657
ST,3347,-0.12925312561902427,-0.020783364345678793,0.1011705978222441,-0.10293007909321773
ST,3348,-0.13332951873655657,-0.030449181631348046,0.11023757840656866,-0.10169318549473663
ST,3349,-0.13743433120578838,-0.016014274181683937,0.101844287441022,-0.11338991836288621
ST,3350,-0.14149136182664135,-0.004221717506704534,0.10058187026207933,-0.12135002884038791
ST,3351,-0.13214347259256265,0.26668063805730413,0.1948443125627681,-0.14536227054097772
ST,3352,-0.1303064140210679,0.2845698335763554,0.20158628459958047,-0.14660102494781613
ST,3353,-0.13176873923239618,0.27536511507137673,0.20259540903282827,-0.14741134716087884
ST,3354,-0.1313628124995856,0.2843356521869449,0.21073318808789107,-0.14880668981594003
ST,3355,-0.06863497353227581,-0.0933498927123689,0.07935655849711941,0.005054546353409545
ST,3356,-0.08319841434107884,-0.09060180546019038,0.09259647883086226,-0.009351776280500204
ST,3357,-0.07871959379862133,-0.09660062407813379,0.10084867631792618,-0.00154634045923415
ST,3358,-0.0817470045990073,-0.09598893386291846,0.10896394667892521,-0.006725413064990847
ST,3359,-0.09402024654634855,-0.07157203702251708,0.10785286909474215,-0.0367483215954098
ST,3360,-0.10477398674262464,-0.053348605414769885,0.10698789335371915,-0.06032968622095159
ST,3361,-0.08570301066499637,-0.09320649152183921,0.1324951182254726,-0.0139657005290323
ST,3362,-0.10426581096938099,-0.056228070182953234,0.11543000760494367,-0.060224481894632934
ST,3363,-0.10204686165457713,-0.05721718399308218,0.12069429377396529,-0.058472394749564796
ST,3364,-0.10946098427536723,-0.04831044049001716,0.11920852867192959,-0.07250205702397633
ST,3365,-0.10918883940923074,-0.05132745830839885,0.1264566439747489,-0.069584120253113
ST,3366,-0.11760267380762077,-0.03822315881523655,0.11806564402753907,-0.08865435639118102
ST,3367,-0.12065976718817163,-0.03732019846544657,0.12065525848169842,-0.09230678707755004
ST,3368,-0.05131819010219911,-0.11718983991465141,0.0625177514849463,0.03699541063407514
ST,3369,-0.053664594741069445,-0.11810997747904979,0.07393310082024354,0.03621749555037278
ST,3370,-0.06479643839748538,-0.11440261214083616,0.08696028300438138,0.022347924860188984
ST,3371,-0.05650338023324842,-0.12294092909250201,0.09587129386468768,0.034160379724777756
ST,3372,-0.06524066481935734,-0.09713298294140764,0.09875193625038382,0.006164613647519733
ST,3373,-0.07634273198496204,-0.07092426821268706,0.10012286194124587,-0.023149710742850674
ST,3374,-0.06631153923490596,-0.11187964502703913,0.12664129834388163,0.01667918275183832
ST,3375,-0.08417275351894946,-0.06910624276215825,0.11882208752170388,-0.02974831598170253
ST,3376,-0.07475523994593809,-0.037216126175136595,0.13226998098574286,-0.028185818725356356
ST,3377,-0.0782629602380163,-0.015309668960746271,0.13672118610647901,-0.04058508397378038
ST,3378,-0.08871686327256219,-0.0416121766215064,0.13647796682173324,-0.046514548597254124
ST,3379,-0.09147025118637567,-0.03533192631821631,0.13303754305937793,-0.05700606515222456
ST,3380,-0.09898421134096858,0.08755637858599503,0.16432678254022723,-0.083593888427802
ST,3381,0.1519231965790975,-0.3053911870820526,0.05109865937011867,0.32552399743710286
ST,3382,0.20590442411778456,-0.29790400066163086,0.0427105226770376,0.35673688009962073
ST,3393,0.18093562090111484,-0.12871130239550163,0.01684124297821174,-0.02206174609800763
ST,3394,0.2025525666281982,-0.14330447748141695,0.029097464118077815,-0.015551892949459233
ST,3395,0.2081227363160358,-0.1449080423867953,0.042275762831772756,-0.014505862330325877
ST,3396,0.1702421369934385,-0.12651804980112477,0.05821836249036479,-0.03091222299128821
ST,3397,0.16320165370022816,-0.12699346798133007,0.07338346509055328,-0.03540314255390362
ST,3398,0.17395551689556535,-0.12974754771008284,0.08523004449056333,-0.031828554203888235
ST,3399,0.19226696340779825,-0.13605564830299963,0.09882739822424057,-0.02564613312048554
ST,3400,0.14688789476903677,-0.11702284932684298,0.10760611018747725,-0.04375909325180147
ST,3401,0.13655819103328187,-0.11142361256848791,0.11624996289718853,-0.04831298026905429
ST,3402,0.18607323343918605,-0.13251276948379367,0.140686133809805,-0.03167176011524627
ST,3403,0.1533170835864581,-0.12264048424581318,0.15096679838071103,-0.04544843638088435
ST,3404,0.15327204327207836,-0.12099732069576179,0.16124204300505104,-0.046203514171463025
ST,3405,0.09647025420031882,-0.0930845557808707,0.1448294970706735,-0.06435429164976773
ST,3406,0.2072010903347136,-0.14567897729801044,0.006094815192009633,0.363757211143589
ST,3407,0.18418899636290453,-0.13468559767911367,0.025465832743530915,0.32687237169212213
ST,3408,0.17594462943639128,-0.13247367144554953,0.04119509820759092,0.310469711670655
ST,3409,0.1874472491739681,-0.1396949763772807,0.0544668355932021,0.32124770490395016
ST,3410,0.16110830082635266,-0.12495985541291649,0.06825064548214523,0.2711759347102731
ST,3411,0.15882202797157202,-0.12384422359737722,0.08125093626959683,0.26370447793170093
ST,3412,0.13752287596539495,-0.11131496954806223,0.09136237914169468,0.2220686963049331
ST,3413,0.14849465603294962,-0.11864884214385063,0.10615943145861455,0.24329699010474548
ST,3414,0.17694786861884718,-0.13116239469658808,0.12287037471236102,0.28267609753003137
ST,3415,0.14108037786389663,-0.11203806332570386,0.12731287632525118,0.21805272183578162
ST,3416,0.16482450051261058,-0.12865776170710055,0.15176469067282175,0.26008112570342434
ST,3417,0.10149269879458737,-0.09255501337471544,0.1378476618395908,0.1461263666710769
ST,3418,0.1022484693987238,-0.09445698378727832,0.15015849893720995,0.14724407741882198
ST,3419,0.5825670654839161,-0.29509838238334674,-0.1155014087511796,0.5191631301552438
ST,3420,0.5926854870721537,-0.2938895757845325,-0.09309236846505471,0.5169670917309485
ST,3441,-0.12646714069840653,-0.03370702406973067,0.05889283352529981,-0.10869731824865524
ST,3442,-0.12493543098939208,-0.03066393619658678,0.06116625017756943,-0.1085902479670847
ST,3443,-0.12961557901519313,-0.027572693207220902,0.06750155123783634,-0.11227478450594283
ST,3444,-0.132575397720364,-0.025837127824132302,0.07143444703297673,-0.11515573286229082
ST,3445,-0.13069763353919628,0.0063248657423217326,0.07156329521630063,-0.12059937396409837
ST,3447,-0.12369674434501093,-0.0351214477288058,0.047615975220949486,-0.10605350731521947
ST,3448,-0.1261374312306607,-0.024614188695833546,0.053200256075389876,-0.11117868280107347
ST,3449,-0.12861785993150138,-0.02759702405140076,0.057706111719875296,-0.11159453947236311
ST,3450,-0.13267060479823012,-0.023327869416691682,0.06285295615269995,-0.11590937908692109
ST,3451,-0.13529339376831317,0.010292448649232932,0.0668483239534738,-0.12422625484285889
ST,3453,-0.12447374148551975,-0.02926663009461101,0.022569180672212898,-0.10785474995276961
ST,3454,-0.1258539528450847,-0.026600934956203543,0.028275785968409704,-0.10968665149792885
ST,3455,-0.12844957169762558,-0.027015119668798167,0.032702023650271125,-0.11130588145771086
ST,3456,-0.13229008899769484,-0.021334232665287105,0.040852668675404546,-0.11592524620122907
ST,3457,-0.1333726746349691,0.0012325455033317231,0.04724653160451441,-0.12120865351964792
ST,3459,-0.06007096418088995,-0.07880311952551204,-0.1095249454273947,-0.05176710753745859
ST,3460,-0.060416621012148695,-0.07488291111888966,-0.09767122215498175,-0.05328678586291417
ST,3461,-0.08218859361928584,-0.06723468552787701,-0.06290261150895922,-0.07131690758175627
ST,3462,-0.08361668950191271,-0.0657033932234943,-0.053620121405064704,-0.07312642154305517
ST,3463,-0.08148547318804789,-0.06929545225453429,-0.05281240367738177,-0.07047172351297679
ST,3466,-0.09715140015229029,-0.050503586561869436,-0.006990407994815484,-0.0878615412986776
ST,3468,0.11158878896010639,-0.2214154135234634,-0.2752412863464175,0.10174263445716554
ST,3469,0.14495584378522336,-0.203376386699983,-0.27607195002269747,0.1187728222321183
ST,3470,-0.15124902914782432,0.10985456368838635,0.07882102466685921,-0.14157024140532143
ST,3471,-0.15034295317849,0.11697955885786955,0.08554025949509192,-0.14214876067364995
ST,3472,-0.15157726590115642,0.11686037719183807,0.09023358364037841,-0.14366081404178785
ST,3473,-0.15879888115182725,0.008631783407208755,0.07644528494909919,-0.14002113916887296
ST,3475,-0.13614485108369492,0.12200610740487662,0.06537632660580742,-0.1255177745052349
ST,3476,-0.12584139420264898,0.22071916004342332,0.06320792150099849,-0.1280073176504382
ST,3477,-0.13068324935002654,0.2207205220386776,0.06705210164145799,-0.13320261696004346
ST,3478,-0.13459553017947098,0.20844820188310148,0.07624000787113963,-0.1360867790714787
ST,3479,-0.1355220340535893,0.2069564761443999,0.09291669774627363,-0.1378275149176424
ST,3480,-0.11788673832927422,0.31301399098386845,0.09732354127313293,-0.13395676450081748
ST,3481,-0.1259306737319252,0.27538676056066286,0.099295861779751,-0.1377160258141976
ST,3482,-0.11666908723202336,0.33558414915982515,0.11308759764448402,-0.13709559705363
ST,3483,-0.11550108847178972,0.3492020436015076,0.11594068145975611,-0.1380180925099332
ST,3484,-0.1186398509744105,0.34767855385253194,0.14445237018627188,-0.1424621940424431
ST,3485,-0.13651621780094889,0.2658689594086771,0.17832829761517588,-0.151480550535525
ST,3486,-0.13321224354749148,0.30894028508561566,0.21272607550242634,-0.15544881263527577
ST,3487,-0.11031174157451022,0.43087242742283843,0.1832084257551119,-0.14728359261471055
ST,3488,-0.14480099867674298,0.05390497284079561,0.026423891630661583,-0.12290063069564458
ST,3489,-0.13043089366702482,0.19798897849676125,0.03533743507863846,-0.12767655189098645
ST,3490,-0.13406791157018044,0.18773293791414003,0.04605799876636625,-0.13075616478631824
ST,3491,-0.1457436153176625,0.13479793124048894,0.06223203517769204,-0.13643091479354355
ST,3492,-0.1190361417735015,0.2743396105717645,0.05136852487038451,-0.12762733662658118
ST,3493,-0.1084838031168675,0.338523145397489,0.05557520492900431,-0.12532541984450307
ST,3494,-0.13536781297041242,0.20520761690480524,0.07844914994458498,-0.13649500950045174
ST,3495,-0.12316714355729617,0.27602845914859214,0.0839027813615228,-0.13394876129754604
ST,3496,-0.12410286513805056,0.27948058447417257,0.0928857251403181,-0.1359332503174141
ST,3497,-0.12142133556742768,0.3029812376101767,0.10510094364053015,-0.13708881432439735
ST,3498,-0.13927095999090874,0.21874399424945712,0.13834100619668113,-0.14575403480769192
ST,3499,-0.13708392260330496,0.24854834367994733,0.16529304394590646,-0.1487882421323586
ST,3500,-0.13511929979436432,0.276700869597398,0.18706785760878447,-0.1516479094227832
ST,3501,-0.11672842802077274,0.06703275688692731,-0.04571590613294161,-0.08931634919029614
ST,3502,-0.11024304147571033,0.11599794064646045,-0.024950188863678047,-0.08961770299969235
ST,3503,-0.1623249606885228,0.010139906881700106,0.07843064635932236,-0.14311045138907855
ST,3505,-0.15473315582306302,0.09937710689648666,0.08295957807051912,-0.1442896549618502
ST,3506,-0.15961338802266598,0.008917411707045648,0.07790110606949528,-0.1407533290265693
ST,3508,-0.14319410551961748,0.10798618330784578,0.020289983810179955,-0.1272308656663835
ST,3509,-0.14779606939898593,0.10010342521797964,0.035566161295639116,-0.1317952199307545
ST,3510,-0.141026120244706,0.1489943869252704,0.04413649237362619,-0.13216469944042208
ST,3519,-0.11111619928187318,0.14598043161195975,-0.024214700630837378,-0.09467478139816489
ST,3520,-0.10582440080300816,0.2104713780717541,-0.007189344142884959,-0.09875806733340772
ST,3521,-0.11266590949411734,0.24540080113696822,0.026272647786498373,-0.11153742541296051
ST,3522,-0.11836537225360665,0.3089806437287778,0.07149810022227589,-0.1285915371628751
ST,3556,0.558380883514567,-0.2635055503073853,-0.16279535993094596,0.056297412644784786
ST,3557,0.5408827323524599,-0.258284012430842,-0.13466101438957226,0.051238825715503526
ST,3558,0.5476562612501251,-0.26232603433714613,-0.11408141144346667,0.05299984282011311
ST,3559,0.5358343830722959,-0.2592068558775229,-0.08871139385484518,0.0495423655602619
ST,3560,0.522130873229953,-0.2553025795912522,-0.06379838008060247,0.04556273932685779
ST,3561,-0.1286999938878185,-0.02889933105503395,0.07764605549926126,-0.10618073750351743
ST,3562,-0.1286510733383344,-0.027607109708414197,0.08094175020976896,-0.10663407146424783
ST,3563,-0.13736539659704392,-0.02005941692962735,0.08559461709090262,-0.1153409823376185
ST,3564,-0.13833231021585052,-0.018089347461538403,0.08940669788870867,-0.11675271972352566
ST,3565,-0.1455576793626143,-0.00781249247296812,0.08996647860581601,-0.125346701904994
ST,3566,-0.14580918444228858,-0.007540349486505474,0.09229168094879923,-0.12566438351323736
ST,3567,-0.14353997037204758,-0.007131455237540154,0.09455939101421569,-0.12429887954862462
ST,3568,-0.14724548502260534,-0.0022203630405550094,0.09459070397863735,-0.12860590228674187
ST,3569,-0.15035881997644732,0.0011329875259881717,0.09485866187752141,-0.1320133193878742
ST,3570,-0.15097851608388918,0.0015406981192182796,0.0967538334159992,-0.13286281223706842
ST,3571,-0.06658865593127467,-0.08197743937070724,0.011212636895479853,-0.04239304655681366
ST,3572,-0.07602572751604827,-0.0562886607349196,0.02864893580664671,-0.0580667632652038
ST,3573,-0.08039010060379521,-0.07037350417036747,0.03978127824773941,-0.056540940506888154
ST,3574,-0.09142522519365268,-0.05395178135931689,0.05524012885059076,-0.0700618868513761
ST,3575,-0.10803487038603683,-0.03230648040082841,0.06873552972242213,-0.0894240291724074
ST,3576,-0.10678659059873744,-0.03514162992722838,0.07541881146549732,-0.08775358744243233
ST,3577,-0.10641659189598336,-0.031894572944371785,0.08264426546921587,-0.08878134757700651
ST,3578,-0.11556768200655396,-0.02340598574485962,0.09016043764938465,-0.09832547681038438
ST,3579,-0.12157912107752668,-0.01246596370202814,0.09360918427458616,-0.10666101633028306
ST,3580,-0.12199962537332694,-0.013288693517198235,0.09974855139794658,-0.10748148329199923
ST,3581,-0.02110277402843622,-0.12348878465707795,-0.02269297609380749,0.004008113708395794
ST,3582,-0.02795439005642513,-0.12584540074908757,-0.004637093947620409,-2.76574496292267e-4
ST,3584,-0.14780337924645823,-0.015549432852788056,0.08729400051835509,-0.11726404351422937
ST,3585,-0.14972845202413027,-0.01002881004671566,0.08611945482813618,-0.1222921454957256
ST,3586,-0.1503394091601444,-0.007812996556116477,0.08622113512981859,-0.12416079161929476
ST,3587,-0.15191153622136652,-0.005863323459648713,0.08550198976776088,-0.12841193872696813
ST,3588,-0.15355113463103143,3.102478143247092e-5,0.0832193798858113,-0.1326195566972416
ST,3589,-0.15308128061810974,-0.0013273841770571856,0.08549567006727511,-0.1309866688389168
ST,3590,-0.15273534437260555,-0.0023671563334420865,0.08717716407269979,-0.13046982920268263
ST,3591,-0.15179709153922463,-0.0016146386607052159,0.0865993474588827,-0.1305384423883598
ST,3592,-0.1537874275228292,-0.0015294597080248106,0.08631587325102305,-0.13330877414551925
ST,3593,-0.15254654062027026,-0.0041988426451539775,0.0876012125519246,-0.13243141728413035
ST,3594,-0.3057153327102524,-0.09993541767749835,0.20734362137844506,0.00940454781240486
ST,3595,-0.2964989531288618,-0.09222619049814745,0.2009471335854266,6.526129300944074e-4
ST,3596,-0.29229032497928464,-0.08824990269945808,0.19736396455721328,-0.007676541977015475
ST,3597,-0.29132747274888793,-0.08766859883185386,0.1989561241713436,-0.007979218305897382
ST,3598,-0.30326521824483355,-0.096029656752487,0.21020946644286595,0.001806275424335115
ST,3599,-0.2986194291156468,-0.09209240166396794,0.2073288823201313,-0.003594077417662112
ST,3600,-0.297315259878627,-0.09099048323616306,0.20829916827748854,-0.005308425947331655
ST,3601,-0.2948595405025156,-0.08854362134103008,0.20756621234348868,-0.007954114776287663
ST,3602,-0.2912256849056243,-0.08561925873534489,0.2052530679974926,-0.012849511622877643
ST,3603,-0.2886634485367964,-0.08340481636856797,0.20570226538877262,-0.0143570274030047
ST,3604,-0.14712423601192004,-0.014523018026275621,0.07969285339479443,-0.11607274393343331
ST,3605,-0.14941522843052873,-0.008409385294499212,0.07952052779139007,-0.12216684228573052
ST,3606,-0.15162343819118265,-0.006355330633456679,0.08095604856683492,-0.1248801275070022
ST,3607,-0.15242498830188358,-0.003470066464222399,0.08057290011615359,-0.12874742882661774
ST,3608,-0.15414247126745442,-2.2498977415184244e-4,0.07986005337647835,-0.1326728676518391
ST,3609,-0.1534388991949084,-4.707765718810035e-4,0.08106857620328825,-0.13138129649128416
ST,3610,-0.1545929363836568,-0.0017976127943807717,0.08355301089511283,-0.1314910267934878
ST,3611,-0.15455675150877735,-0.0014516112261246797,0.08370087947441823,-0.13210866559417858
ST,3612,-0.15511043702001928,-1.3320772196366367e-4,0.08302730501899996,-0.13404371886858335
ST,3613,-0.15390739241804588,-0.002954278176694874,0.08397533402391084,-0.133222497371169
ST,3614,-0.2249416136815911,-0.11369893360262792,0.17386476335250053,0.025341014246424907
ST,3615,-0.2458844691570126,-0.1327489039361791,0.19808543217713828,0.049937928264748216
ST,3618,-0.10403929414675758,-0.060955111757009676,0.06020374374486765,-0.08599866758835605
ST,3619,-0.10392997647717807,-0.06305400992846094,0.06622138044402841,-0.08517064443575363
ST,3620,-0.1060578081793735,-0.06189134504316587,0.07247026665049289,-0.08705788586646171
ST,3621,-0.113950371170925,-0.04665495379406826,0.07778485110359606,-0.09694515131492638
ST,3623,-0.10223799448261839,-0.06343942028494409,0.059118387303740284,-0.08396921221369633
ST,3624,-0.10299422445539844,-0.06303685511558037,0.06549356595150124,-0.08446570424219256
ST,3625,-0.10898888735853546,-0.05639642531025148,0.07255026511070985,-0.09071495421005575
ST,3626,-0.10918734588202625,-0.05752811924053771,0.07760048171583875,-0.09043501705252766
ST,3628,-0.0816157397884809,-0.090908029142928,0.046591127440934,-0.06284169813774554
ST,3629,-0.08682070728638422,-0.08187094761651352,0.05565773555037407,-0.06935088180177376
ST,3630,-0.08738430844921348,-0.08053880901317445,0.06295550742064575,-0.07008180664675666
ST,3631,-0.09354119087690983,-0.06489794712188206,0.07228927709376945,-0.07805207011008146
ST,3633,0.47957328006414196,-0.2581348823687337,-0.07627298061937192,0.24329997512064772
ST,3634,0.4522803564702582,-0.24160478160748983,-0.04659407866944654,0.2238442936498096
ST,3635,0.35253000991333217,-0.18396171265066666,-0.007834202286606253,0.14968076117165305
ST,3636,0.3949703576115361,-0.21342359890349463,0.009000815569746542,0.17745070747902678
ST,3639,0.3699372243939385,-0.19412846767800537,0.0793221275324435,0.14964772042605493
ST,3640,0.3760321897371071,-0.20514339081971075,0.10469176315763595,0.15344116646252076
ST,3641,0.30068262043036204,-0.16322058954446492,0.11243207102490783,0.10154337345750493
ST,3642,0.28481669280040284,-0.16358080049691684,0.1332924926029385,0.09080738834562098
ST,3643,0.24088382860277469,-0.1425645670445185,0.1429322218803345,0.06060508814044724
ST,3644,0.31666621771204523,-0.1677518692513077,0.18579810876258057,0.10410603441727383
ST,3645,0.2844957909471255,-0.132276201423878,0.2013066253007235,0.07932476237822916
ST,3646,0.39394645256685157,-0.2075195618959365,-0.07479053397971186,0.18085496101438406
ST,3647,0.4584313213451337,-0.2386535656985389,-0.06961570395700084,0.22715838174131378
ST,3648,0.4470373987374487,-0.23997792107324187,-0.040419821576243256,0.21702384737181257
ST,3649,0.3848022542450616,-0.19935310399140546,-0.010874533077705644,0.1691516358056428
ST,3652,0.31824052545501275,-0.16466590865031872,0.05959024768378057,0.11476000566769973
ST,3653,0.3630927993327265,-0.19065040486854476,0.08187790888770811,0.14385334928628013
ST,3654,0.2748743555652121,-0.14635430132300184,0.09388527688063791,0.0841860378254843
ST,3655,0.22463939229724406,-0.13546832493879649,0.10819997708597878,0.05211452851677214
ST,3656,0.29454525958904554,-0.15470797097723002,0.14040470415850018,0.0930265184462724
ST,3657,0.2818310636428014,-0.12050858690549289,0.16615943142943296,0.07941245870518784
ST,3658,0.2616055811477001,-0.12236100250646247,0.17720308875209412,0.06530788728427288
ST,3659,1.3935524580743262,-0.6960213990175339,-0.4901830917470517,0.8974919466909215
ST,3660,1.4048025515133609,-0.6349281672106459,-0.4434165611378202,0.8789973323895444
ST,3661,-0.15313512973784732,0.12751638854719635,0.1269983237928211,-0.14809334238569788
ST,3662,-0.15625606361364025,0.1073203227228984,0.11305663896792117,-0.1482540851978012
ST,3663,-0.15420067173412427,0.12749626530897917,0.1282446850114438,-0.14948252878519566
ST,3664,-0.15373077172758837,0.13428218863824223,0.13303282188878626,-0.15026501683696342
ST,3665,-0.15167246664875664,0.1467399878170548,0.1299613015680301,-0.14981386103375166
ST,3666,-0.15464311325506033,0.1294769931200353,0.1272762760841094,-0.1505865684458642
ST,3667,-0.15275394876993847,0.1529931445049373,0.14577458917159622,-0.1525403044788209
ST,3668,-0.15659386835673644,0.11907827505976774,0.12541874282670357,-0.15133471443962573
ST,3669,-0.15649235262828098,0.12436581634274124,0.13147343207325807,-0.15225737120505156
ST,3670,-0.156385515291871,0.12548024592888446,0.1314473224308581,-0.1524316334991661
ST,3671,-0.15678365380159048,0.1236445522924345,0.13144532677382664,-0.15271404191351884
ST,3672,-0.16358882603120098,0.010396198544075029,0.0841932828970827,-0.14378890031697833
ST,3673,-0.16352422213576334,0.010327377672445959,0.08481173678170222,-0.14374434154810234
ST,3674,-0.1552130273570199,0.10960296448441888,0.11543708663018155,-0.14734403820240555
ST,3675,-0.1563237710832622,0.10464419608870247,0.11151615253383204,-0.14781110850482881
ST,3676,-0.1556844080768745,0.11311580306820476,0.1187711969615278,-0.1486650410407761
ST,3677,-0.15521760183346336,0.1195417473784166,0.1235854622140241,-0.14940274002338977
ST,3678,-0.15365973656515422,0.13646698668687826,0.1351381200464394,-0.15056307287508883
ST,3679,-0.155806399986307,0.1181841089354232,0.12100522741325825,-0.14996328908515885
ST,3680,-0.15400919853167455,0.13900637122187112,0.13655902125691813,-0.15154344531429564
ST,3681,-0.15491985224184002,0.13456715643250888,0.13561302737742498,-0.1519454223323993
ST,3682,-0.153907960497886,0.14720885170972345,0.14416554583486052,-0.1530035810583947
ST,3683,-0.15398550527248606,0.14998369968463107,0.14749983676332457,-0.1537147494833435
ST,3684,-0.1540682922548357,0.15199965615661382,0.14959927271915105,-0.15426847639041666
ST,3685,-0.15223033603486183,0.1775351195594629,0.1684655227247837,-0.15655883818970692
ST,3686,-0.154664061984447,0.1505623216336452,0.14972491159835055,-0.1548794459683287
ST,3687,-0.1391918199498764,0.061956435843637865,8.800430199695792e-4,-0.10647695097756914
ST,3688,-0.14209990338588888,0.09260857788117025,0.02675722165713981,-0.11573886186797096
ST,3689,-0.13636450298391525,0.1088672222546114,0.033549004180172586,-0.11191528449739842
ST,3690,-0.13658686967421318,0.1338613147382188,0.05116926527694396,-0.11753610862497213
ST,3691,-0.13704744987646028,0.14305825555394194,0.0687812003069674,-0.12002600046315125
ST,3692,-0.13786038647862411,0.15997304772706492,0.08386564635079836,-0.1244140860915745
ST,3693,-0.13511330638234803,0.18596479280030945,0.10265991180259311,-0.1258026822488074
ST,3694,-0.13451046929790797,0.20970398986221053,0.11158578906078337,-0.12940312667870696
ST,3695,-0.13419972370006045,0.22656207727312483,0.12412788802834097,-0.13236729929909208
ST,3696,-0.13038853641342685,0.26080990929749104,0.1408106588722573,-0.13421860290597723
ST,3697,-0.13251407119563988,0.2592356666081801,0.13848309209986231,-0.13728164600403173
ST,3698,-0.13275793074736997,0.27812467647662314,0.17217767406528084,-0.14113826181820724
ST,3699,-0.1308139379367213,0.30523176510657324,0.1878605302604829,-0.14355744297797285
ST,3700,-0.11249044845021071,0.24431445243802263,0.04220720048943889,-0.101070033559223
ST,3701,-0.10669002825101963,0.29416212259417346,0.06212370675679528,-0.10299897202659442
ST,3709,-0.1415228408191474,0.08485673847616468,0.06345564948527697,-0.12000653032851044
ST,3710,-0.14182397080320197,0.11139608695257473,0.07628852932482146,-0.12504404935066796
ST,3711,-0.13943365107447647,0.13306725245476905,0.09235526099885631,-0.12596674742165362
ST,3712,-0.1423534815077899,0.14346687182730752,0.0994493241543173,-0.13140443232941473
ST,3713,-0.14231806807713143,0.1568809448042652,0.1100579636029339,-0.13399186688920908
ST,3714,-0.14226342076149198,0.16820399054960344,0.12101309216393684,-0.1364935326859439
ST,3715,-0.13981294535248026,0.1935780107340015,0.1409758529416984,-0.13808494323376314
ST,3716,-0.14389592502399268,0.18166550195565848,0.13268668780677717,-0.14125072463341662
ST,3717,-0.13646087606268753,0.23591022810137952,0.15368857404552905,-0.14156903238718946
ST,3718,-0.1341039774135468,0.258689280034055,0.1579745750423226,-0.14264855194132045
ST,3719,-0.14233481527304626,0.2171158542110021,0.15583378690776312,-0.14607833479286697
ST,3720,-0.13407101479372707,0.2786201060861544,0.17647889607402364,-0.1467589911391449
ST,3721,-0.13566915106280192,0.27793483140052916,0.18368332170502,-0.14900548639182878
ST,3722,-0.13188280151414383,0.3402612294439952,0.24434405746698556,-0.15531703313884268
ST,3723,-0.1319775178236288,0.34365446744848843,0.2406181432779962,-0.15611255662155982
ST,3724,-0.15751305208601543,0.08805929850121756,0.08709675576985505,-0.14256050212797738
ST,3725,-0.15711531742411736,0.09170814040584387,0.0879700200306999,-0.1428434521764968
ST,3726,-0.15538187851819116,0.10285884899261039,0.08966205467873062,-0.14275387404858653
ST,3727,-0.15372468765657388,0.11333551355962564,0.09157589779585147,-0.1428152768038999
ST,3728,-0.15626256879053096,0.10069379780728255,0.0934970305484682,-0.14403875872029995
ST,3729,-0.15529833654541753,0.10877571202959553,0.0973821510344848,-0.14432393340512592
ST,3730,-0.156650142644974,0.10237332651339869,0.0987790036050706,-0.14511958150563353
ST,3731,-0.15309528150741827,0.1272984932062844,0.10501086053539985,-0.1448734528240526
ST,3732,-0.1543092535571241,0.1220693993867079,0.10712148261615917,-0.1456974341603459
ST,3733,-0.1545390313222314,0.11929266939569597,0.10465124566753349,-0.14587980855331126
ST,3734,-0.1532263906548752,0.13057873887395047,0.10962022289117462,-0.1463220610625714
ST,3737,-0.1592876480900633,0.08073686580440934,0.08804693660626545,-0.14206344236605742
ST,3738,-0.15687739697582279,0.09539643986319375,0.08878357948132831,-0.14163853764989084
ST,3739,-0.15565125715355957,0.10384820039237376,0.09099037017631313,-0.14173935308376123
ST,3740,-0.15595103592767645,0.10297642204060119,0.09259329678438281,-0.14247446524296295
ST,3741,-0.1562232225760739,0.10292041106746577,0.09393544982271042,-0.1430057731278176
ST,3742,-0.15605999849410346,0.10602572057626587,0.09717935077137428,-0.14348304237807805
ST,3743,-0.15719038694886608,0.10062328812434145,0.09827566940290601,-0.1442229507484224
ST,3744,-0.15453409688787242,0.12065845157205429,0.1051323793480834,-0.14418227336946635
ST,3745,-0.15549572541588336,0.11617648014412436,0.10624623998419719,-0.1448828134405244
ST,3746,-0.15643236431999227,0.10870856831497512,0.10328278794311761,-0.1452988285627312
ST,3747,-0.15405354033364996,0.12872882431256943,0.11201710105691078,-0.14576900666154655
ST,3750,-0.14966015786877587,0.13707979152098781,0.08583974346532328,-0.13569331561051057
ST,3751,-0.14756019572918203,0.15115841595981444,0.08653015066182321,-0.13574936386979847
ST,3752,-0.14589380752118203,0.16294956081981402,0.09023964473545913,-0.13594829087859261
ST,3753,-0.1461490080570227,0.16317341776330732,0.09292161011799047,-0.13709204663651173
ST,3754,-0.14864868414491944,0.1524606791145562,0.0972475245595866,-0.138700380480069
ST,3755,-0.14803449523770768,0.15975577735807384,0.10323964203759455,-0.13933758364721613
ST,3756,-0.14828682116524067,0.16044102377910896,0.10491925015147116,-0.14012493580497168
ST,3757,-0.1452483531706153,0.18265687592969485,0.1114125729388965,-0.14004042585963053
ST,3758,-0.14642472464588877,0.18215440050598083,0.1207583677085704,-0.14156021558477358
ST,3759,-0.1488079751703965,0.16418828069800032,0.11354399597938623,-0.14246200132366046
ST,3760,-0.14282904171855348,0.2113420157273372,0.1316118907283204,-0.1428119816489852
ST,3763,-0.11145197899927602,0.3689796799381806,0.07470003250169856,-0.11502024468997936
ST,3764,-0.08246673595093476,0.5306096153600998,0.060827638284257315,-0.10670735352836414
ST,3765,-0.054923704376723365,-0.09713787485547815,-0.06565198415262181,-0.04443666847722619
ST,3766,-0.0465680745402806,-0.10955968589942164,-0.07161815320121662,-0.03417521102302471
ST,3767,-0.051862220704307,-0.10286075128418502,-0.054724969935763944,-0.040119252223048754
ST,3768,-0.06247006942375821,-0.09068748785873879,-0.032533597648810315,-0.05142654520175116
ST,3769,-0.061126865645254165,-0.0924647183889954,-0.0252942611341843,-0.05032431100064697
ST,3770,-0.0614747923615964,-0.09491435805956436,-0.017484642533239583,-0.04967272629678746
ST,3771,-0.06747645734523348,-0.08225841311348595,-7.240300814264325e-4,-0.05874980280704743
ST,3772,-0.07122007904478139,-0.07934763630498508,0.009628055616021083,-0.06211102758894277
ST,3775,-0.08810449228379973,-0.06833097926243942,0.0414051827861291,-0.07695125696528607
ST,3776,-0.07919542015993468,-0.07799086604631658,0.045738136832726414,-0.0675797339973057
ST,3777,-0.07933857478764336,-0.07928298425143508,0.05447602350402701,-0.0675618881183783
ST,3778,-0.04488578988046176,-0.11071957752742771,-0.051002543408726474,-0.03343508989740513
ST,3779,-0.056440178131750264,-0.09745357629244626,-0.028455021583999193,-0.04607430018825187
ST,3780,-0.053790425773361315,-0.09668138009438619,-0.02150759939668201,-0.04446902150301768
ST,3781,-0.05691516010551048,-0.10096168934810769,-0.012696414983995163,-0.04466613272425471
ST,3782,-0.06477350631458471,-0.0949514952046229,0.0026431649514733605,-0.05258212611147291
ST,3783,-0.06218032830825943,-0.10042182063737795,0.00905294328244848,-0.04891257722195031
ST,3784,-0.06599518612287845,-0.09928463726311483,0.020607788338964837,-0.052174109879666926
ST,3785,-0.06308672929130361,-0.09172900974642106,0.02810840351184566,-0.05272841043182489
ST,3787,0.001164960092865562,-0.14300502935609744,-0.17162045345586818,0.004966589944294235
ST,3788,0.013173606103480076,-0.158261146555741,-0.18317360216164413,0.018827165752554505
ST,3789,-0.012544450036126356,-0.1327399118637678,-0.12868620103483525,-0.008132590283423032
ST,3790,-0.009974736799368826,-0.14710255379826273,-0.13171208508444124,-4.8789420240895624e-4
ST,3791,-0.023260582430196602,-0.13168593091093017,-0.09789604847517128,-0.01560473869652963
ST,3792,-0.019911971016488502,-0.13249703674580585,-0.08876750685138245,-0.013170826266391704
ST,3793,-0.02200068916084136,-0.13799847811397323,-0.07817219114218742,-0.012811041972533702
ST,3794,-0.02743258709015854,-0.12828461919709994,-0.05655203881048445,-0.020610347977920437
ST,3796,0.00920025388255297,-0.1538995927210103,-0.22630496583979243,0.12854814875088616
ST,3797,0.005496021289433968,-0.15562559850847596,-0.21259686961156948,0.12950428316829782
ST,3798,-0.008282530157241315,-0.1437268097885505,-0.17617233908684016,0.10444133064960222
ST,3799,-0.014106489219657,-0.1455327097841064,-0.16245351187795537,0.10164716469489037
ST,3800,-0.018737579405995842,-0.14004817768273128,-0.14045579466199734,0.08987552304295576
ST,3801,-0.02434464688516044,-0.13060129636115425,-0.11553207108309363,0.07423975551316549
ST,3802,-0.023730939507532148,-0.1333476221262478,-0.10613797337784668,0.07748844381183256
ST,3803,-0.03234514777032549,-0.11870819255373448,-0.07765132854499505,0.054519136375092904
ST,3806,-0.04147920267837933,-0.11859185465039389,-0.038416456407155804,0.04905351513140625
ST,3807,-0.04302728566022669,-0.10847211255306316,-0.021893615354276988,0.034808917889183014
ST,3808,-0.04135651017341808,-0.10988755726273527,-0.011665388708760674,0.03692248532376
ST,3809,0.49442581811379394,-0.5443675366581711,-0.9000672659120613,0.5666403625224454
ST,3810,0.5594152697219712,-0.48690903501658317,-0.8592446259206239,0.582423739789292
ST,3811,-0.14696960831378578,0.1951605699435991,0.15803658534182596,-0.14032421150538307
ST,3812,-0.14561739382082847,0.21372227286418533,0.17387569766086092,-0.14188416287388422
ST,3813,-0.14370242891270774,0.2347497435032839,0.18815354742629997,-0.1436667318604191
ST,3814,-0.1445311502679352,0.234833141856577,0.18963882744901364,-0.14527871579980667
ST,3815,-0.1430105556031537,0.2572430815861351,0.20733732791008536,-0.14724117497211542
ST,3816,-0.14970365531244523,0.19077409021940975,0.15765345105466774,-0.14632716512226068
ST,3817,-0.14865596671899944,0.199742677640305,0.15970425828581886,-0.1467643834585431
ST,3818,-0.14600021284864995,0.23312684185679997,0.1845575143461278,-0.1489184868232166
ST,3819,-0.1466693134887562,0.223865006685104,0.17561110397192128,-0.14911356359592445
ST,3820,-0.14108175068297893,0.29233829193929567,0.22389655641920855,-0.1532551628812419
ST,3821,-0.13881162717787185,0.33298252876198764,0.25814928535943715,-0.15707102799539832
ST,3822,-0.14227718901863945,0.30217624827953166,0.2412308462284626,-0.15688478105534032
ST,3823,-0.12263794709268086,0.2752246847494533,0.15202636539421788,-0.13523237493227883
ST,3824,-0.12334659050722555,0.29177762301647353,0.16788677712632163,-0.13909359804094718
ST,3825,-0.11986895638813638,0.32918033642230005,0.19831300244198002,-0.14232027275167866
ST,3826,-0.1199449665106086,0.350338755499957,0.21614517802055816,-0.14612743397571837
ST,3827,-0.11971573359424267,0.3711952252246943,0.23213689163604714,-0.14957602847770632
ST,3828,-0.112455563287115,0.43058562992407284,0.24580963314064147,-0.1508671001699668
ST,3829,-0.11228885906017562,0.4439144441072054,0.24783855725005416,-0.152740028253971
ST,3830,-0.10495788789009497,0.5247009362741745,0.30609547058133235,-0.1587472764970543
ST,3831,-0.11380174343975029,0.4565543271194384,0.25855932031983303,-0.15699339516181635
ST,3832,-0.11720330396426694,0.45184522633295804,0.27379492187752064,-0.16075236509174837
ST,3833,-0.11852915371366633,0.4661246672114378,0.299276639119116,-0.1652852776966952
ST,3834,-0.11864441967006761,0.46727184254598403,0.29306081010276386,-0.16549644345444434
ST,3835,-0.09613218544365804,0.38324265030554466,0.1827760262975621,-0.10674575438442635
ST,3836,-0.09819882444589408,0.41639161179966283,0.19481628929750863,-0.11528231275307219
ST,3837,-0.08751407847805778,0.5030013896936842,0.26095419307078327,-0.11757245849324725
ST,3866,-0.10022579817597396,0.5647805932363349,0.3368421875282727,-0.16010230167705392
ST,3867,-0.09305540300254704,0.6312454461319393,0.3660092816076183,-0.16319165147031656
ST,3868,-0.08823164696661757,0.6973659273549473,0.42126535322478165,-0.16985730702175142
ST,3869,-0.0968322077156438,0.6531557787211217,0.4000837085381182,-0.1718209234658119
ST,3870,-0.10500727391524656,0.5802627911635697,0.35346842123732936,-0.16913189657808397
ST,3871,-0.08625987874973964,0.7881290360938139,0.4944356830492654,-0.18374384499218313
ST,3872,-0.08512530777255801,0.8123087842958032,0.5094042130749247,-0.18676558106374158
ST,3873,-0.06601996178705222,1.0413979465115573,0.6688030417415538,-0.204689993811964
ST,3874,-0.06558496870498119,1.0581862720009045,0.6895699716296354,-0.20807403756360193
ST,3875,-0.07992369958096511,0.8713809205990359,0.557469480916095,-0.1935034349966747
ST,3876,-0.05856193961524364,1.178433860403007,0.7596690979854935,-0.22011356096147724
ST,3877,-0.0707477198238199,1.074961981365184,0.701810817744498,-0.21658156278485657
ST,3878,-0.11681968590456206,0.336230071366992,0.16859405789763904,-0.13738308686048664
ST,3879,-0.10859215156260432,0.40600914464039706,0.21716714830074976,-0.140483790032129
ST,3880,-0.11606581648484718,0.3815667938040236,0.2048940026881528,-0.14455386555291638
ST,3881,-0.1034564159916911,0.48973458770214406,0.27281125683866964,-0.14908059535428775
ST,3882,-0.09547685639987269,0.5578423661093449,0.3211578277022232,-0.15307057471933416
ST,3883,-0.09297976802568952,0.5896346260862793,0.36515253522241187,-0.15780822623025828
ST,3884,-0.0893613772800514,0.6731477006824963,0.4091584314472796,-0.16609680805077734
ST,3885,-0.0980109766349922,0.6251161435059361,0.37999626011775817,-0.167366056412516
ST,3886,-0.10402935845008847,0.5824101930903792,0.3472849944051587,-0.1667290026012031
ST,3887,-0.08591902101289417,0.7750011259868039,0.47385946950932534,-0.17950133665935403
ST,3888,-0.09904786847553057,0.6489344730640147,0.3986936798352065,-0.17385917111897262
ST,3889,-0.09059827241968707,0.7603741087156928,0.4731774403375604,-0.1832350127216684
ST,3890,-0.035064111882251184,0.7597315103378985,0.35945971058159115,-0.11682429563908325
ST,3891,-0.024674436828859562,0.8273800506271621,0.39603670306943484,-0.1196874686836419
ST,3892,-0.03440707271021009,0.9305397605442851,0.4204990398905625,-0.13900904075549173
ST,3897,-0.12955624233325277,0.3139684087641216,0.21410264514698762,-0.15420220644578295
ST,3898,-0.13031592849124268,0.31848458331080554,0.21825393495095788,-0.15584733510110288
ST,3899,-0.13569724911934933,0.28068569036098767,0.19011071121560336,-0.15502537385480317
ST,3900,-0.13741614502824454,0.2701002292663362,0.18231058014124657,-0.15513989209103382
ST,3901,-0.13189872694058646,0.32995194741277273,0.22708703037949324,-0.159685894354401
ST,3903,-0.13986530947874568,0.25809000524848524,0.17483918590965564,-0.15570399941788943
ST,3904,-0.1342136535817034,0.3131077993150628,0.2095571330316906,-0.15903725160526444
ST,3906,-0.1407361487484803,0.24252769690158918,0.16173373171947095,-0.15357009280147096
ST,3907,-0.13772540525441107,0.2725626964201674,0.18033352507628983,-0.15551694617928297
ST,3909,-0.09792581788333084,0.5709045882450069,0.30686521593527255,-0.15869378674756274
ST,3910,-0.09326129599901795,0.5957747922978206,0.2768565791660678,-0.1560713684961504
ST,3911,-0.10331275922529347,0.5359041881588034,0.25609365257736155,-0.15762522404845722
ST,3926,-0.07495829370750699,0.40696808215125274,0.1165491985521622,-0.09188229405965949
ST,3927,-0.0583115839575354,0.451266818275613,0.1789402690949138,-0.08603580384047353
ST,3928,-0.08285286998379333,0.37872072461466455,0.145272148004496,-0.10525594458580022
ST,3929,-0.05436957163126698,0.6800832133444511,0.24323921407463092,-0.10967609666473148
ST,3930,-0.07986791978471405,0.5201727274036826,0.20053472194017072,-0.11904400908255452
ST,3931,-0.07165585041216262,0.3405292208717357,0.19865447663862829,-0.10421613297368469
ST,3932,-0.06433451016555244,0.5947680740840247,0.301420001505276,-0.12247108584829663
ST,3933,-0.07370012343642542,0.672609376806746,0.31056302398367996,-0.13694347848981725
ST,3934,-0.06904638744531308,0.7437200821402723,0.32439696188637845,-0.141616336287436
ST,3935,-0.06479275314743717,0.6440132400395752,0.3248702820478558,-0.13367265923080762
ST,3936,-0.06796028009405353,0.76157943976741,0.37123748050522615,-0.1487658088280686
ST,3937,-0.051126113824428644,1.030034713144329,0.5291154505250163,-0.16953752799644403
ST,3938,-0.0743386928437556,0.19163437780378237,0.08201393959449349,-0.0555790081713831
ST,3939,-0.07246223994290862,0.3499764326977531,0.12562542513662234,-0.06357567270677959
ST,3940,-0.07013760686206724,0.41913405717141394,0.14869901148132136,-0.07343175423918358
ST,3941,-0.0785791729333814,0.5198781205167378,0.17212128236525434,-0.09088568634202723
ST,3942,-0.06714852886991986,0.6118323839751831,0.21883305749251145,-0.09344575289121222
ST,3943,-0.06978415298695076,0.6043221162577277,0.24196714892760388,-0.09995312882401995
ST,3944,-0.06970930019517976,0.427615736717688,0.23881126613434905,-0.0916568179229123
ST,3945,-0.0625981659941221,0.8077826811585321,0.3448769131038027,-0.11788399216805379
ST,3946,-0.08926745957861788,0.6500646768135276,0.26286030611916256,-0.12637235953196851
ST,3947,-0.05732185028525277,0.931131601945285,0.4195689697815547,-0.1333138497489023
ST,3948,-0.06617391863062372,0.841795678534772,0.40826511009703026,-0.13581001046673938
ST,3949,-0.07691448343619858,0.8195012117728588,0.378869800646882,-0.14259905832032935
ST,3950,-0.08896582004806464,0.05162345378028927,-0.02265901435563817,-0.04562613162519919
ST,3951,-0.08020434994110147,0.28393796135938765,0.012766113979440165,-0.04563931154102975
ST,3952,-0.07253050532119154,0.3792145980763353,0.05068024093149294,-0.05325735763778312
ST,3953,-0.07989516086331803,0.36471105705461615,0.08068953090792122,-0.07080799706563137
ST,3954,-0.07165964006477793,0.3563340340558639,0.10840097515194332,-0.07012916555218263
ST,3955,-0.06906670613049523,0.36814403047619404,0.15943843487974857,-0.07041731112038907
ST,3956,-0.07957245492321582,0.5326568560066958,0.17637705354639208,-0.09427207406006635
ST,3957,-0.08391846121690029,0.47694861583633086,0.17538616936827456,-0.09926175129249824
ST,3958,-0.06059034799862074,0.6572221610628558,0.29101575148092607,-0.09852806415253933
ST,3959,-0.0769085495087023,0.6550257685977345,0.2785443146683505,-0.11456383532773742
ST,3960,-0.06279667247999444,0.8459955567933237,0.3713289941082274,-0.12416234345130327
ST,3961,-0.09489561110932174,-0.1933177035214953,-0.25989643046266486,0.004875791218495071
ST,3962,-0.10166243099791544,-0.057360959251640545,-0.1897271759489885,-0.02101510731361798
ST,3963,-0.09394846674261831,-0.0436264663125461,-0.27348105843029075,0.006613167125114681
ST,3964,-0.09841786804726366,0.0655777755217441,-0.1980767024208933,-0.01572042329593025
ST,3965,-0.08783787417686056,0.03693684746515713,-0.18319552119151225,-0.003401679659929759
ST,3966,-0.08984598339463565,0.10492585359494161,-0.07444703686507433,-0.03583615717697137
ST,3967,-0.0925514620233392,0.28667698818953746,-0.04137457989554106,-0.05431981557297975
ST,3968,-0.0858994423570465,0.32402015659752625,-0.0023030499142436835,-0.0572084146741866
ST,3969,-0.08080170915141767,0.3791081266054185,0.036497121893123145,-0.0627245312944068
ST,3970,-0.08439293652236017,0.33957379097492196,0.07693884963577015,-0.07165756438316272
ST,3971,-0.08480933838443513,0.498997478402712,0.10730834237785498,-0.08648977553690904
ST,3972,-0.06931531344295011,0.6172691090391207,0.19024007540926652,-0.08460252120871685
ST,3973,0.30578738078675105,-0.6024522515483501,-0.7705758432769039,0.5007675641558363
ST,3974,0.35546103393788514,-0.4964251475202154,-0.5636160123234231,0.47864850996194097
ST,3975,0.2768709565552928,0.13594072032162313,-0.4667408318547675,0.3730563840524944
ST,3991,-0.10248226301294698,0.2847607509719598,0.22583772635824623,-0.12552782135335522
ST,3992,-0.11191958272158428,0.2848033970121042,0.20328591041843788,-0.13307671468319213
ST,3993,-0.1145201345415715,0.351304895145217,0.22239275265693195,-0.14186949960481451
ST,3994,-0.11677012920074625,0.31913376045157954,0.21104027703456202,-0.1414152692536633
ST,3995,-0.11593106677118523,0.3834924874659901,0.22725785409020802,-0.14733508372108906
ST,3996,-0.11674465266172329,0.38855258177657,0.2355713681795658,-0.14959286785407125
ST,3997,-0.1185381251994846,0.24595953126659034,0.2041830808964886,-0.13882912983622464
ST,3998,-0.10918955689750742,0.5187225140925018,0.2883181756038237,-0.15920657968663177
ST,3999,-0.10793136502259512,0.4988272153558876,0.3060367730416692,-0.15863123201513407
ST,4000,-0.11664364614654944,0.34864526067986473,0.25244802601947713,-0.14997595850865345
ST,4001,-0.11034535371188721,0.406356633189013,0.29418236053838054,-0.15339562313352795
ST,4002,-0.11522336878254891,0.4634235861531509,0.3044687420830406,-0.16276560317051253
ST,4003,-0.10067360654771913,0.6029671635710835,0.3957039220472917,-0.17076311662672441
ST,4004,-0.11473350331637326,0.2690627953742035,0.1787585262823746,-0.129803720985639
ST,4005,-0.11710747119429123,0.1846402440155814,0.16093491928543469,-0.126021629147739
ST,4006,-0.11902769891421146,0.2552800865610667,0.17753514597176107,-0.13415892042271657
ST,4007,-0.11070675589023346,0.3743408774624307,0.2135135290278565,-0.13987913551426365
ST,4008,-0.11148108892699553,0.4448188577604159,0.2506994243708983,-0.14867477950478863
ST,4009,-0.11445337154826041,0.4542987555917741,0.2497277221885123,-0.1524410984111755
ST,4010,-0.1141001264597864,0.2668931527376138,0.2071573936948669,-0.13639664086456074
ST,4011,-0.11195713646455045,0.23883506630722365,0.21283861157448464,-0.13350718608213313
ST,4012,-0.11572748721586379,0.29962047174636397,0.23053057714237538,-0.14254807597318203
ST,4013,-0.11554803917047156,0.38644834680070034,0.24946896408395927,-0.15097564186589116
ST,4014,-0.11411929171326993,0.30632274139765797,0.24999904409596577,-0.14429582647118436
ST,4015,-0.10966788103770483,0.539500970724271,0.3150679597945688,-0.16466529784997358
ST,4016,-0.11017638097748629,0.559805489522066,0.3437239390061655,-0.16935233997720817
ST,4017,-0.028645235061739265,0.39982888421058554,0.29079237193095486,-0.0721504622213181
ST,4018,-0.03179067156279904,0.3330999357011555,0.28438317046029365,-0.07278577037632973
ST,4063,-0.07119631456456255,-0.09846936920681218,0.10251083846984503,-0.05760988521621118
ST,4064,-0.06351196628743669,-0.10177497848505705,0.10854562977241107,-0.05126903046644973
ST,4065,-0.0979054110603483,-0.0686008251695693,0.0533969208680053,-0.08095396021111727
ST,4066,-0.10323706506717138,-0.06647041341711572,0.06125891348601819,-0.08499759943916708
ST,4067,-0.09890901119382654,-0.071152507562893,0.06614411140438298,-0.08086692793858079
ST,4068,-0.10919364545293408,-0.058029580985228424,0.07323984806863568,-0.09217358416948462
ST,4069,-0.10842206356559027,-0.05836180314931309,0.0783704836078156,-0.09195558225071458
ST,4070,-0.11166716268754039,-0.05116718093659084,0.08207082087387094,-0.09729295489467644
ST,4071,-0.11089463967034788,-0.054706280654738794,0.08808174475927333,-0.09490783935220379
ST,4072,-0.11690310868625386,-0.04896382124864046,0.09213828841918056,-0.10074191536619868
ST,4073,-0.11434681146951109,-0.05224259313429018,0.0979783020460871,-0.09842970823675457
ST,4074,-0.11978015583916818,-0.04427039470044029,0.09881235224190874,-0.10456703206859835
ST,4075,-0.11892730711587839,-0.04726371771051773,0.10521842668989692,-0.10305997531908914
ST,4077,-0.10035990853468094,-0.059625186840038175,0.0186016956233561,-0.08468027519546026
ST,4078,-0.10873750212298164,-0.05351230975453152,0.030244901315987918,-0.09222091119288191
ST,4079,-0.10233409210234551,-0.060296790737153355,0.030486135222233177,-0.0858599137663717
ST,4080,-0.11296153970943465,-0.04852500602018228,0.04327516795386141,-0.09708028462205397
ST,4081,-0.10827893455348293,-0.05469089117869286,0.04533988770540559,-0.09213858406783566
ST,4082,-0.11093725408862398,-0.05208920333900535,0.0521856705875696,-0.09549885866197631
ST,4083,-0.11663437867523467,-0.04527655526845422,0.05902472147166417,-0.1011390032682818
ST,4084,-0.11711891935017729,-0.04405623436630063,0.06345458233821699,-0.10169956440748543
ST,4085,-0.11581497119561157,-0.042438647093500925,0.06690167590811263,-0.10187345207437357
ST,4086,-0.12035968071263059,-0.042248099745877364,0.07323006025276767,-0.1047671118022339
ST,4087,-0.12054558888581664,-0.03965058665086693,0.07643354488711425,-0.10586760815805786
ST,4089,-0.02940961824169794,-0.12869487312464903,-0.026319177632844276,-0.018276523446749886
ST,4090,-0.002180573595361227,-0.1393910398819343,-0.031212553243081864,0.001380956882069091
ST,4106,-0.11593651014203095,-0.050892211392456956,0.08664473997083758,-0.09726793325247461
ST,4107,-0.1221347464834435,-0.04439420732333693,0.09011796390999578,-0.10343491185224155
ST,4108,-0.1174336838954695,-0.05141367655049449,0.09631460341192881,-0.0981785592726547
ST,4110,-0.10362828455526044,-0.060631780376081586,0.08113875775999811,-0.08745022697810327
ST,4111,-0.10980830473177136,-0.05754541350037124,0.08720743974643977,-0.09241476211254347
ST,4112,-0.10535336573990187,-0.06574400501174629,0.09452497251195893,-0.08701748021298589
ST,4114,-0.049074560271379825,-0.1192044568685511,0.06993555822986783,-0.035610765837293265
ST,4115,-0.035867683645502024,-0.13589685780507493,0.07965140406017579,-0.02212318257155805
ST,4116,-0.14118694770194526,-0.02108203287351703,0.08965236562835985,-0.12187190062332978
ST,4117,-0.14448450889833167,-0.015636537267313635,0.08930751913530095,-0.1257885856268361
ST,4118,-0.1420942337878136,-0.021648082867617945,0.09487055601669367,-0.12232449943214505
ST,4120,-0.14073953066846304,-0.017753523055771516,0.08922828938293034,-0.1227161793603737
ST,4121,-0.14567109440760842,-0.01421354366577561,0.09022451794275176,-0.12715958057925866
ST,4122,-0.14327296644469914,-0.019033508699787663,0.09511971516220821,-0.12403811964304512
ST,4124,-0.09598412799582502,-0.06637349088931681,0.06271130244813795,-0.08259289465495644
ST,4125,-0.09112719136097032,-0.0777734917584152,0.06820762889804399,-0.07504082856374794
ST,4126,-0.08376070611160814,-0.09207688185509634,0.07588222498866316,-0.06570244847000353
ST,4128,-0.011346425192033808,-0.12660653573977287,0.05116355124618175,-0.010065597633832687
ST,4129,0.03271060486108187,-0.1438339447627005,0.0476297583181684,0.024874529916890105
ST,4134,-0.03547599130369336,-0.14453806259365004,0.025305541554865973,-0.011112691934599777
ST,4135,-0.029207789436527284,-0.15335871708126164,0.03512305933044712,-0.004139498716321525
ST,4136,-0.05329975923854894,-0.11836821439512087,0.05279066314946442,-0.03459860589110862
ST,4137,-0.043126024343695384,-0.13118561602123086,0.061302739401391325,-0.023445847011779878
ST,4138,-0.05134970693350323,-0.12076430027143639,0.07298028809753751,-0.03467999946209483
ST,4139,-0.04799856323274666,-0.1314995430123592,0.0855856523837322,-0.026729696059491603
ST,4140,-0.06518335205398712,-0.10594700154206939,0.09148532979274737,-0.04837006052869904
ST,4141,-0.06812714240415337,-0.09774849620592656,0.0968533217880074,-0.05499637518527771
ST,4142,-0.07680719411329509,-0.08777655720495742,0.10178583507746618,-0.06449840309371538
ST,4143,-0.0761462833147751,-0.08775132504655513,0.10782070133547764,-0.06484522001653897
ST,4144,-0.08525296003786471,-0.0802886549610247,0.11317258912577063,-0.07362265210342417
ST,4145,-0.08861495625781,-0.07609341538344447,0.11676441694043621,-0.07747610403700038
ST,4146,0.047510813357141926,-0.2405211864574782,-0.039250867322781345,0.25981030786686005
ST,4147,0.04069604220636474,-0.2343574965736446,-0.016060918710253683,0.24322043670408483
ST,4148,0.012012233315355732,-0.182342875126516,0.013187547704303351,0.15952316481649306
ST,4149,0.040241636362287565,-0.2446457066773222,0.023317211722863277,0.24643103170481334
ST,4150,0.03915095858195087,-0.24624478409850872,0.04498561349308268,0.24191458704216912
ST,4151,0.015738015957799317,-0.2094758907558517,0.06458490107605785,0.18518974302494656
ST,4152,0.011483007544155913,-0.2021752546378188,0.08117372870485148,0.17684332410907683
ST,4153,0.00988674160192208,-0.19592400721276895,0.09630052445758364,0.16321684185141286
ST,4154,-0.018899875412215123,-0.15233046119791321,0.10089955017248568,0.08931842828674533
ST,4155,-0.017943033136670214,-0.157601769653403,0.11674072217470426,0.09465137931590804
ST,4156,-0.031062656176979533,-0.14099084688058436,0.12295359242872475,0.06333765499562108
ST,4157,-0.033820949092429754,-0.1420646172464636,0.13710201508143208,0.063759200184377
ST,4158,-0.13039136533667695,-0.02466126989451435,0.08543304261173534,-0.11482618469627615
ST,4159,-0.13755926667943613,-0.021382370416006574,0.0883678549457974,-0.12074661758596043
ST,4160,-0.13498833474441524,-0.02613499634305898,0.09305753248673827,-0.11756696824665157
ST,4161,-0.14054419741856122,-0.018266514331966348,0.09188109394567512,-0.12391511343381648
ST,4163,-0.12879683314995433,-0.029863364670781725,0.08566197062260773,-0.11199899960962441
ST,4164,-0.13534839582134764,-0.02496102995692239,0.08806535115993633,-0.11799409198526446
ST,4165,-0.13349198738810045,-0.02692787023809471,0.09140222525041652,-0.11623703586420703
ST,4166,-0.14048074320384404,-0.018377111851295178,0.09055178520595777,-0.12384064921812285
ST,4168,-0.0314780442497042,-0.12927819510989277,-0.04827854326795548,-0.022549809171676642
ST,4169,-0.04672034633508588,-0.11271399505576533,-0.023582453110619767,-0.03810540177635858
ST,4170,-0.04247523886429602,-0.11805617962988486,-0.01749808903048828,-0.03411534762699759
ST,4171,-0.05568561671386132,-0.09899459069059112,0.0035693681926380143,-0.04973288093432367
ST,4173,0.06415622458677282,-0.18492136670503687,-0.06601858660644679,0.05365068306772143
ST,4174,0.11895332464867915,-0.1974188999673258,-0.08177396453888922,0.09391287078051389
ST,4175,-0.15171765979300667,-0.00430643221078571,0.08454788452414512,-0.1332862392261962
ST,4176,-0.15634547375207325,0.0017216676624295232,0.08248030321398143,-0.13837429154313088
ST,4178,-0.15243443269569087,-0.0041786224980400084,0.08405546384784397,-0.13379316190963925
ST,4179,-0.15540771463276623,0.0016603988477690952,0.08178315229887864,-0.13767282714668638
ST,4181,-0.14079185699584307,-0.017719491677627222,0.08723747075380334,-0.12257831405660431
ST,4182,-0.1495368328925949,-0.007560342347304311,0.08558070235722667,-0.1318159121536928
ST,4184,-0.1032526424215634,-0.04201041678128623,0.08906003309863385,-0.09242117244252857
ST,4185,-0.08386804651295092,-0.05662691227790853,0.09502427383960045,-0.07484159297896416
ST,4194,-0.108486030541852,-0.05500399810367858,0.08446725440153513,-0.09049528025951735
ST,4195,-0.12953309842480587,-0.028900042195020195,0.08529205320426415,-0.11397221578192708
ST,4196,-0.11802192156972763,-0.04579088658505221,0.09274393415927377,-0.10039621134424875
ST,4197,-0.12610990143887976,-0.03515229274957007,0.09335910309361206,-0.10962790324405086
ST,4198,-0.13312010720424508,-0.025132881360716095,0.09206033332895999,-0.1186908339568987
ST,4199,-0.13295793550798488,-0.026270353201679437,0.09507214002238462,-0.11889954032205688
ST,4200,-0.12949820707884063,-0.029842959055577132,0.09976331915353939,-0.11434333471742199
ST,4201,-0.1331568580746377,-0.025540457713574542,0.09961519314649758,-0.11818769705451544
ST,4202,-0.1303524475887366,-0.02795634442989151,0.10317643747744987,-0.11605342507306908
ST,4203,-0.1352719303953482,-0.023632554237585927,0.10218867337173104,-0.1208197442702247
ST,4204,-0.13687786798073043,-0.02215789455307673,0.10395458111421449,-0.12221056462047285
ST,4205,-0.13584856287221517,-0.02343300935330924,0.10777689875168422,-0.12099440585671985
ST,4206,-0.1393160955457523,-0.02042508940496943,0.10496789308335379,-0.12479247918234153
ST,4207,-0.10822204784466431,-0.053158449115896476,0.08203922057881512,-0.09218321894665009
ST,4208,-0.1306605905300117,-0.028781979439300415,0.08463266060033689,-0.11551289152793806
ST,4209,-0.11905190785523213,-0.042763889850021455,0.09015723830536779,-0.10321182104908941
ST,4210,-0.1279188459466114,-0.03242233615322434,0.0912071588632435,-0.11264677734541487
ST,4211,-0.1337508560066104,-0.024628944375119966,0.09083380215808784,-0.11994350806832338
ST,4212,-0.1334443526250671,-0.025963631807523122,0.09357828693061178,-0.12010762271563188
ST,4213,-0.13019652309109853,-0.02897727494602619,0.0981578344193411,-0.11581049013609997
ST,4214,-0.13259673532895958,-0.025837280616175733,0.09865084364286739,-0.11831848634507894
ST,4215,-0.12953761041958128,-0.02922918372247401,0.10341093571785887,-0.11557777549644477
ST,4216,-0.13522919133677813,-0.023632937148719467,0.10083717535152611,-0.12142558628631726
ST,4217,-0.1370768525103011,-0.02217847897371071,0.10368621801050763,-0.12263940277279833
ST,4218,-0.13648234115730376,-0.022619288261891822,0.10584191182915595,-0.122237847400095
ST,4219,-0.139229857844437,-0.021034309985465637,0.10424646739909552,-0.12509007280589005
ST,4220,-0.07375974305872086,-0.09888636669226757,0.07716976156131707,-0.05788434797650993
ST,4221,-0.0918705346744352,-0.07431024480459916,0.08346146450573963,-0.07803152549551032
ST,4222,-0.07823963420154241,-0.09483443790995605,0.09296705171764069,-0.062364603010591775
ST,4223,-0.08918201948829019,-0.07841133177453107,0.09668762765123962,-0.075164394132592
ST,4224,-0.09611115151821747,-0.06378424279186722,0.0976251624845739,-0.08548909553702247
ST,4225,-0.0947349778218875,-0.06905432044234025,0.1060684959437518,-0.08367429896281502
ST,4226,-0.09806147611709817,-0.06172663689647079,0.10724442439141903,-0.0875918802067569
ST,4227,-0.1091657626754971,-0.05158631249409998,0.1079042377557565,-0.09819298313482396
ST,4228,-0.10511175419979626,-0.05705455461174756,0.11587134280419796,-0.09425918685818253
ST,4229,-0.11089594514599928,-0.04789881216435065,0.11231662788264248,-0.10130887993331197
ST,4230,-0.11452990807422597,-0.04616215663814875,0.11528538641924066,-0.1044282439489351
ST,4231,-0.11633021667936579,-0.045106385042336675,0.11895907515516227,-0.10584481002874783
ST,4232,-0.11937979677031091,-0.04212667303310058,0.11838604193868987,-0.10905070870354175
ST,4233,-0.06946390281845104,-0.09947527998271682,0.0687436567452093,-0.0544848337823917
ST,4234,-0.08901586375767871,-0.07584993615520813,0.07744051866866891,-0.07542114253441179
ST,4235,-0.07782194596769107,-0.09453021874282018,0.08639558028318343,-0.06200061876595731
ST,4236,-0.0883367750993031,-0.08500703910062046,0.09402136141387155,-0.07216464152765262
ST,4237,-0.0916661243450302,-0.06942036836102522,0.09425825141547395,-0.08038607421418352
ST,4238,-0.08954363825624485,-0.07908403310824456,0.10555365839015192,-0.07642780148151729
ST,4239,-0.09823067717464011,-0.06348038008097986,0.10418487399738881,-0.08693350229569942
ST,4240,-0.108679121640489,-0.05571811541436083,0.1076919445270615,-0.09632164787712563
ST,4241,-0.10572122598340405,-0.05409273585031435,0.10867747963287211,-0.09617933298549634
ST,4242,-0.10867499136247492,-0.04912740560794509,0.10959146493357487,-0.0993921560385277
ST,4243,-0.11283026207052568,-0.046693677183456544,0.11294631155516903,-0.10288261513578097
ST,4244,-0.1133222952802392,-0.047141704805715154,0.11696410382455914,-0.10326273273882079
ST,4245,-0.11269721402745178,-0.04680176211470501,0.12055554945266173,-0.10267303551399029
ST,4246,-0.06646437206353353,-0.1009191472749513,0.06259219960812121,-0.049438515967420105
ST,4247,-0.08993318583005394,-0.07437209283438173,0.07347067724605129,-0.07463722877217062
ST,4248,-0.08052568611688428,-0.08655724881728896,0.08006451641028096,-0.0644112755103585
ST,4249,-0.0924126007582062,-0.07313517647352896,0.08646361312017888,-0.07723615485588162
ST,4250,-0.10436646681652965,-0.05503905751429315,0.08865457807512207,-0.09267323572578236
ST,4251,-0.09975874079161598,-0.06060702109021957,0.0947182866794039,-0.08852872422737533
ST,4252,-0.0985841912647569,-0.061878399197615966,0.09998399898036704,-0.08629725846983348
ST,4253,-0.10706701203475136,-0.05199621010895093,0.10116670182649744,-0.09518964008669974
ST,4254,-0.10481341220700724,-0.05336978219555782,0.1054498254876237,-0.09415003896322581
ST,4255,-0.10936979411384297,-0.05075560547615946,0.10936495013302372,-0.09768879496698728
ST,4256,-0.10721120729577187,-0.04943197204654407,0.11117020266028758,-0.09697682693970207
ST,4257,-0.1113426250223642,-0.049954079141078835,0.11806558218979915,-0.09935929820344135
ST,4258,-0.11695567765608055,-0.043911782888720746,0.11702285106110182,-0.10510714812662789
ST,4259,0.30712839675603876,-0.40857510010587766,-0.03265162885775597,0.27747902199261165
ST,4260,0.48607402854331466,-0.414529841203198,-0.08028343333514672,0.4006251822965191
ST,4270,-0.11453112489408701,-0.03520760600995459,0.10720060326111774,-0.10501693640752496
ST,4273,-0.16013102915540922,0.0037990073289072657,0.08468672106481487,-0.14170527882939163
ST,4275,-0.13876116019285714,-0.0182384249006354,0.08923802930790739,-0.12318873255463136
ST,4278,0.07261164697611729,-0.08598393788718924,0.06654503605890834,0.03492665936934078
ST,4279,0.2116810812447958,-0.061184643954691816,0.014138060656810093,0.12242644659234579
ST,4280,0.07793036020437609,-0.07853855430433693,0.07914805638583063,0.03479196678760279
ST,4287,-0.1570061714596903,7.268842663511596e-4,0.08814075798845619,-0.13850412246594715
ST,4288,-0.16018098766617345,0.003606154001624539,0.08571484726386795,-0.14177414470217078
ST,4290,-0.1577870122573714,0.0013353024887292498,0.08762583938192658,-0.13926252349146695
ST,4291,-0.160153929596865,0.003811774254997037,0.08577178333044212,-0.14172115645447259
ST,4293,-0.14892566334558505,-0.007769668361528652,0.08854018276437231,-0.13125259086629762
ST,4294,-0.15540945706234988,-0.0013364125502884812,0.08620851209610628,-0.13782550895991558
ST,4296,-0.14905366040564708,-0.008085878416428554,0.08840430369863615,-0.13119974122377998
ST,4297,-0.15537376530430652,-0.0015612835974425996,0.0859003064542585,-0.13778035355671925
ST,4299,0.03664484724442014,-0.21007366008473655,-0.11785417672137366,0.07181299548994255
ST,4300,0.014249193913024339,-0.17817220532163486,-0.07793352023810801,0.04272025496551012
ST,4304,-0.021071842747116456,-0.1405959141251213,0.004336211150654153,-0.0047215459681599755
ST,4305,-0.026875204239582482,-0.127926468457308,0.01774900998839449,-0.012846912762155258
ST,4306,-0.03371032393901746,-0.12091291698908162,0.0315393340921716,-0.02296179813824054
ST,4307,-0.032895141656697435,-0.12405385853033157,0.04185028369605167,-0.023395416856751956
ST,4308,-0.03730822735123268,-0.1196795510047518,0.05273442219764861,-0.027315195046934127
ST,4309,-0.029375034742418482,-0.12761279067112305,0.06248942933996178,-0.017900554439512256
ST,4310,-0.012403214293002746,0.10041334225311434,0.15323917105973053,-0.025749568140724818
ST,4311,-0.0339540194724016,0.008475224874374737,0.12027650898968809,-0.03803529302314955
ST,4313,0.5246682738516898,-0.09351151576301862,-0.9817919879460092,0.05395268051108826
ST,4314,0.45052767428957124,-0.08415920409297926,-0.8534104553192869,0.028178034375714717
ST,4315,0.3418180467971673,-0.08549075143964267,-0.664399462259174,-6.628748238035941e-4
ST,4316,0.36698787310282616,-0.09008890277078502,-0.6710376346434697,0.009115409288462738
ST,4317,0.44662392459515604,-0.0750395181199127,-0.7853882601533938,0.01903793309034655
ST,4318,0.4059132949887717,-0.07531256634636783,-0.7036608526442555,0.007880129690482423
ST,4319,0.4117079572431708,-0.11718446303853518,-0.7303844246111257,0.011417767195209984
ST,4320,0.36872282867067,-0.07158631945881962,-0.6208913914569205,-0.00875870563043271
ST,4321,0.1894427661954448,-0.22865131451195464,-0.11667300581098365,0.17201965232623026
ST,4322,0.4862701059211971,-0.15846366808387397,-0.2560897580093388,0.3545233658503099
ST,4323,-0.14775834047894432,-0.009760550828087317,0.08815925301518111,-0.1299445403935575
ST,4324,-0.15414596911427234,-0.0023301103623425195,0.08576756798112009,-0.13672775773968474
ST,4325,-0.15170867542715022,-0.005679712961265028,0.08902548281461188,-0.13398096304430762
ST,4327,-0.1476022636538255,-0.009695522535105685,0.08773738444881903,-0.12986425443169222
ST,4328,-0.1539805173631381,-0.002679787272384408,0.0855795967793692,-0.13657733315395146
ST,4329,-0.15153869297248734,-0.005528737906733757,0.08852731245711194,-0.1339383036370872
ST,4331,-0.11689367275439783,-0.04295398135517106,0.08837322429311947,-0.10108694866859666
ST,4332,-0.1365427825844432,-0.020359512479926015,0.08714967766884567,-0.12193583225089116
ST,4333,-0.1274228603010951,-0.032339483658169965,0.09349496600513504,-0.11189142643599435
ST,4335,-0.06718110482677454,-0.0795612884557194,0.09310375269773773,-0.06046012115723274
ST,4336,-0.0077157236635649,-0.06997542000660156,0.07336616217305936,-0.023147738502386106
ST,4351,-0.0344851787908907,-0.1478667189989853,0.024122689417897945,4.796395401808123e-4
ST,4352,-0.05811209406542722,-0.10744315541130257,0.04300661206782312,-0.03328452459871378
ST,4353,-0.052854218700659185,-0.11719079765598507,0.051320444187566955,-0.02606299713150634
ST,4354,-0.0661958635381478,-0.09633174891872746,0.06206818153798791,-0.04470118594319671
ST,4355,-0.07425397605688253,-0.08919582995382036,0.07189429485910334,-0.0545837764486575
ST,4356,-0.061518794196385486,-0.10305176252191117,0.07951418786010005,-0.0408295821908622
ST,4357,-0.06582319026411625,-0.1100826887215959,0.09312119647094301,-0.03942118286097869
ST,4358,-0.07968661637107524,-0.08338471760184075,0.09344212725656048,-0.060661123763269154
ST,4359,-0.07335141087330022,-0.09561651879118105,0.10602044659729627,-0.05179992874634433
ST,4360,-0.0814805182860138,-0.08353676415546757,0.10885401912295771,-0.062405721078129126
ST,4361,-0.08348822331647054,-0.07828369371447423,0.11247186639000135,-0.06652836858648806
ST,4362,-0.089840097082267,-0.07643129247364124,0.12006536509166893,-0.07186347374801545
ST,4363,-0.09316991609371925,-0.07287883708992109,0.12455064786272002,-0.07547117440163179
ST,4364,-0.049862300277377335,-0.11995320072517147,0.021908231110837277,0.03695360234055887
ST,4365,-0.0648797316811545,-0.1005244919777316,0.03800043333542964,0.009277223266820978
ST,4366,-0.05920462999849606,-0.10943057584186561,0.04488925832691142,0.0202469464791721
ST,4367,-0.06352797804850975,-0.11053490213297003,0.0560759447040758,0.016688655130691402
ST,4368,-0.06961415234232651,-0.09729661448356745,0.06517807786883789,-0.001915902196502121
ST,4369,-0.06275098394646757,-0.10779171965474937,0.07421859516568681,0.010354688362514863
ST,4370,-0.06439340879468375,-0.11562685745645812,0.08688230443863008,0.01767337895820538
ST,4371,-0.09076410722177311,-0.07124200320494832,0.08628228916700563,-0.04199417512972694
ST,4372,-0.0839858015358921,-0.08275997412399613,0.09642955765096477,-0.028129424210400385
ST,4373,-0.08511938034214184,-0.07948862834467355,0.1019139500592735,-0.03153726977983479
ST,4374,-0.0926213402163322,-0.06929594537041311,0.1040313586577216,-0.04762047785967061
ST,4375,-0.0871762668084255,-0.08230151116100705,0.11939386509245624,-0.03183070027983164
ST,4376,-0.09404934041645704,-0.0742943916648434,0.12193272195634725,-0.043944866011071886
ST,4377,0.3461710020765244,-0.1972168971408894,-0.042388078583905954,0.15658986748020298
ST,4378,0.36856732265365677,-0.21215695712738608,-0.026766138498088433,0.1760360458938524
ST,4379,0.35636680211169763,-0.20534201245280176,-0.003538145410286377,0.1620616054478233
ST,4380,0.32042439456989896,-0.19019274673828435,0.02170392513485313,0.13366584463467504
ST,4381,0.2919437600267349,-0.17725019819916732,0.043426663404418295,0.10894812838974348
ST,4382,0.233296582622623,-0.14636075560323833,0.05915621121847752,0.06350716690351324
ST,4383,0.33521011877882995,-0.19738477025863133,0.08207363985067782,0.13387188867008193
ST,4384,0.25688564007061176,-0.1571593929448445,0.09140628545039935,0.07763851342504054
ST,4385,0.34692238669459813,-0.19798340096257314,0.12096813306076241,0.13183227652763685
ST,4386,0.2718349461464464,-0.1643510839085948,0.1280053960248356,0.08241545405997068
ST,4387,0.2765196758306717,-0.1673646179614334,0.14785645544114392,0.08247720477972642
ST,4388,0.23418169499123492,-0.1491943945036755,0.15253538544977102,0.05378887993237627
ST,4389,0.20473251854399305,-0.09653992529720536,0.1738510904752997,0.03154418840437566
ST,4390,0.39730554085972014,-0.20566290638810172,-0.07801508002599711,0.19047464157179747
ST,4391,0.3521698503065138,-0.2040811319913661,-0.03957356077577256,0.164110083622982
ST,4392,0.38085015274962125,-0.21720241241443541,-0.024006426856634684,0.17916951798016317
ST,4393,0.32540777268080556,-0.18902786443353192,0.004307637071728557,0.13643853433399242
ST,4394,0.32816937284572834,-0.19083216610324455,0.024437732954711196,0.13301820781456045
ST,4395,0.3435889113177251,-0.19536619403245314,0.042413978697464785,0.1373535243674435
ST,4396,0.16201621420374746,-0.11824840468574602,0.06496730901527621,0.01883640573200671
ST,4397,0.27793725860719615,-0.167253321067317,0.08099407463827644,0.09137963487007278
ST,4398,0.32389790926963086,-0.18312157537688956,0.09923330605238039,0.11614315572218453
ST,4399,0.32452101517337406,-0.18778747707196836,0.12501421716946862,0.11580777304760044
ST,4400,0.2947290678854799,-0.17645948748225143,0.1412396913428388,0.0935916260566588
ST,4401,0.2823461927283201,-0.16646520144599383,0.1515935066406537,0.08308592228105491
ST,4402,0.2044586933432831,-0.13765476185299758,0.1507192214555457,0.03510198349232606
ST,4403,1.1354074032239005,-0.6584613905201491,-0.41681299316134307,0.8337884003490607
ST,4404,1.5994048672227505,-0.6863324283901404,-0.5737932393761588,1.1425535995692344
ST,4405,-0.11392859581157996,-0.041648418715310415,0.09831995130106293,-0.10334354340384776
ST,4406,-0.09729585860729426,-0.05792010654915836,0.10752993342405817,-0.08680180276844104
ST,4407,-0.10780696534054104,-0.04832933126259837,0.10873326051268684,-0.09695191028393922
ST,4409,-0.1472209135471883,-0.009513660032788526,0.08651338972951113,-0.13103908669067046
ST,4410,-0.1421736349688316,-0.016750692563663672,0.0918455563076935,-0.1251659774919941
ST,4411,-0.14550012148937863,-0.012255407088942353,0.09113966970318615,-0.1289049214167753
ST,4413,-0.13779225061091369,-0.020212217374494437,0.08865174340840729,-0.12222255288626704
ST,4414,-0.13086787828598764,-0.02995854212241283,0.09489459429368083,-0.1144151971864568
ST,4415,-0.13521443780803857,-0.02440700357778388,0.09526408655114657,-0.11909482556838946
ST,4417,0.016296099195543878,-0.13734669449956013,0.08705677322896273,0.00888551098876568
ST,4418,0.14046988137132285,-0.13071120231725597,0.04835851408587162,0.09176672782296236
ST,4419,0.055286416600568135,-0.1401527432317605,0.09720780915336208,0.0352297278480356
ST,4426,-0.253588164270703,-0.07234810701640632,0.18580145009535343,-0.03989725984638052
ST,4434,-0.10955658052725553,-0.06400151298009442,0.11532239462764297,-0.08396884258742546
ST,4435,-0.11316437462748874,-0.05130615153417533,0.11052796984622672,-0.09245259830402823
ST,4436,-0.054550572695971467,-0.12179501687776499,0.05127579871111522,0.0021558446465351475
ST,4437,-0.05150032305625309,-0.1131932913738748,0.05908147209529602,-0.0019493521702990298
ST,4438,0.30753124762385237,-0.17164698853298607,-0.006513890872346884,0.08035657781103939
ST,4439,0.30523439543974984,-0.1894809149499664,0.020907412369999594,0.07718733226384701
ST,4440,0.3000065835923399,-0.18704721720110734,0.03952393623245009,0.07288768496936177
ST,4441,0.23257080217017956,-0.1574627133753217,0.061534999661806915,0.03335331728775277
ST,4442,0.2535704942154038,-0.1642243681577414,0.07486511349588493,0.04206248179855527
ST,4443,0.29253296843722354,-0.18205207247705704,0.09371384516702841,0.06124220291401926
ST,4444,0.2367067086785074,-0.15571543739827826,0.10554975504961067,0.03081531034502603
ST,4445,0.3450058365619439,-0.19088571531615173,-0.018905979945716102,0.1013409816619313
ST,4446,0.27194122386535496,-0.1710272425470327,0.01870116180384388,0.05824269361927129
ST,4447,0.23660889876134328,-0.15633974136296658,0.03985535858430128,0.03735960333592369
ST,4448,0.1974739623250406,-0.1403947223503853,0.057785028858116635,0.014096906065435962
ST,4449,0.3208942349250603,-0.1955676134535254,0.06977566311730622,0.07790004648810828
ST,4450,0.2898397588423487,-0.180117039707643,0.08767119289220175,0.05952573028075695
ST,4451,0.3104393361744305,-0.18771617010386143,0.10667063716792076,0.06911962302770355
ST,4452,0.33311244187206723,-0.15537182293014673,-0.17613806548347188,0.08691523023780723
ST,4453,0.37495247329849374,-0.18787330995061596,-0.1791580334224004,0.1063055726348119
ST,4454,0.32901841464273535,-0.17014953699438676,-0.13789059625193698,0.08018472692677298
ST,4455,0.2767749218317248,-0.15168947961065163,-0.09734929786412151,0.049948329463029184
ST,4456,0.13851850453769124,-0.1132934742551647,-0.028265446195493267,-0.020629340655120863
ST,4457,0.3185326265343804,-0.16520912631157936,-0.07780608809242576,0.06621186078897144
ST,4458,0.3009992435230739,-0.1565552722967373,-0.0546488391838343,0.05604142540658368
ST,4459,1.386803368375831,-0.5782443446153287,-0.48482110986519084,0.6217403058169917
ST,4460,1.4269538451258297,-0.5079435362104902,-0.46617581429007854,0.6388361981037008
ST,4461,-0.13048093944031264,-0.021026401382778358,0.08793655769886843,-0.11623936537724541
ST,4462,-0.13812359166856764,-0.0221618524628604,0.0938160845366301,-0.12121672409528102
ST,4463,-0.14715489422672015,-0.00959939699830812,0.0902337145521819,-0.13136448256794042
ST,4465,-0.14104115473984413,-0.018706424218340855,0.08802490010904938,-0.12402948099194329
ST,4466,-0.13740633432361854,-0.024341772284487407,0.09217694670987332,-0.11981649560566267
ST,4467,-0.14764358161345983,-0.008975691056244203,0.0880539674769227,-0.13172156285026057
ST,4470,-0.12665193231424568,-0.027044740675900306,0.08513757921690418,-0.11193780023031828
ST,4471,-0.1314887318872833,-0.029669940454718286,0.09125686660017854,-0.11454667656086122
ST,4472,-0.14543487623702225,-0.011284636861010573,0.08781290877679263,-0.12993186593912448
ST,4475,-0.11272056402055805,-0.044565884881234696,0.07824003313831877,-0.09787863837928165
ST,4476,-0.11373876089929817,-0.0545870478394293,0.08693233611550334,-0.09548122119436185
ST,4477,-0.12348278718423833,-0.04005665929654488,0.08842891939205205,-0.10693977666034928
ST,4481,-0.09586598702310209,-0.06590416761644856,0.06619099444608488,-0.08235783607339474
ST,4482,-0.08915225681597654,-0.0756157554775154,0.07135380263570455,-0.07435583336676159
ST,4486,-0.031846910245741884,-0.1006959917798452,-0.011576400941881056,-0.03345230122044821
ST,4487,-0.022873421703940848,-0.14778323939143634,-0.014113733429497545,-0.011736424597980046
ST,4488,-0.030686546966907802,-0.13398829159448564,0.0029374331735682823,-0.021645174992148977
ST,4492,0.33132284944927487,-0.42460114025860723,-0.10319948349440389,0.2929069621529842
ST,4493,0.6229762035032518,-0.3198998464421866,-0.2306591015613135,0.4621716011077179
ST,4504,-0.10971907095185467,-0.06027904092861261,0.0778581136756179,-0.09058387756613787
ST,4505,-0.1139892579932603,-0.0542647499010433,0.0824478057820859,-0.09554535007727177
ST,4506,-0.11145934566346237,-0.06143953290760558,0.0893477799276213,-0.0913584981425119
ST,4507,-0.11512748874825093,-0.05014440832432729,0.09051221187694945,-0.09786468581216433
ST,4508,-0.11161776518750699,-0.05819409457127184,0.09868134789172925,-0.0927199699656863
ST,4511,0.0259311876046157,-0.19822285860902888,-0.13839224456144905,0.11301359567639017
ST,4512,0.023124300124694196,-0.2015997143722723,-0.12233772454572822,0.11348604282198599
ST,4513,-3.6077491823011365e-4,-0.16933466810331615,-0.07900997678773647,0.07152179628723596
ST,4514,0.016962188216774133,-0.19602730797788168,-0.08333391881841061,0.10264077382821364
ST,4515,0.010325930285985403,-0.18977767740318582,-0.061030897615693455,0.09297113380358403
ST,4524,0.028059081695011794,-0.19076895841639988,-0.18462131722909447,0.11430548135794029
ST,4525,0.015980071255031456,-0.17825703318794073,-0.15203207449255,0.09547187709850835
ST,4526,-2.7868030534542496e-5,-0.16409345030364259,-0.11774311358135793,0.07145889966690135
ST,4527,0.0098570841067702,-0.17360166339211885,-0.1152335410638558,0.08511252692501366
ST,4528,0.01069488553332654,-0.18194233334594373,-0.10440677042440986,0.09200857928761724
ST,4536,0.31792176523068216,-0.4624172073605841,-0.45129669484362056,0.4394523301814939
ST,4538,-0.11376116748682835,-0.04611273176168993,0.06392631065579882,-0.09761970320243274
ST,4539,-0.12470532734642172,-0.03513039918180582,0.07089630313781033,-0.1091558379883035
ST,4540,-0.12453859422780875,-0.03726598409267754,0.07473726207913907,-0.1081281159530828
ST,4542,0.4569860884439263,-0.1929104311095117,-0.15806653121977615,0.06034389778807316
ST,4543,0.29416123366113567,-0.15951138804988987,-0.0703783507220332,-0.008040141459230281
ST,4544,0.34705750980690914,-0.1677243468159745,-0.07608386183044438,0.014327622724130427
ST,4547,0.3474986047790183,-0.1818347456108812,-0.01572799177111047,0.004811540183985351
ST,4548,0.4055885679523302,-0.20023992128214874,-0.006171949118442218,0.022762402978719842
ST,4550,-0.006719210092544304,-0.13991927643694263,-0.12542479421032313,2.7879095810644857e-4
ST,4551,-0.03766466575721165,-0.11525528918357586,-0.07549535054494555,-0.030062065149744816
ST,4552,-0.047175694816420775,-0.10865881786706122,-0.055502469351173304,-0.03880317203599425
ST,4555,-0.04474967082265313,-0.12068771219852434,-0.03228090570511749,-0.03343966054614042
ST,4556,-0.04720926134431548,-0.11218332434750959,-0.017954880595246924,-0.03782304275704686
ST,4558,-0.013390470601729378,-0.116263843397385,-0.12313708096439029,-0.011891526927841359
ST,4559,-0.029869202839259833,-0.12374520058528149,-0.10496045364391929,-0.021312492134826
ST,4560,-0.044380865472492516,-0.11140052224377685,-0.0757573557193759,-0.035443410731817865
ST,4563,-0.06062238371256767,-0.09564364797155081,-0.027455215008108408,-0.05267815483528384
ST,4564,-0.052934790637461045,-0.10511192606500995,-0.027995258307417625,-0.043789311715184985
ST,4566,0.9137358233425577,-0.5108263355732151,-0.6914480623491686,0.4360611981445405
ST,4567,1.2041017764390458,-0.45602093940071037,-0.8121188400286935,0.6067121264745317
ST,4568,-0.13811301098972872,-0.01764269331062634,0.07815451828972403,-0.1219420573476818
ST,4569,-0.13159974191249255,-0.02055225255042306,0.0785528355699486,-0.11648949607246334
ST,4570,-0.13333602348711257,-0.020360137529173594,0.08149630475103842,-0.11788589503769656
ST,4571,-0.14333432976595517,-0.013175259230874384,0.08391470988834558,-0.12728150335242017
ST,4572,-0.14516532010348032,-0.010462360908399039,0.08460029135668794,-0.12936545860784945
ST,4573,-0.14580287599176547,-0.010158368842185623,0.08609131216052447,-0.12982678434905184
ST,4574,-0.14808178605168876,-0.00925305861657619,0.08724610760441168,-0.13208143131359024
ST,4587,-0.15378182130806994,0.009548018812439808,0.09013508885399657,-0.13812544364481166
ST,4588,-0.1533187916820043,0.01980892442321177,0.09403188568649845,-0.139086150180444
ST,4589,-0.1544282265430353,0.009433899793228102,0.09154154095078705,-0.13859137114418926
ST,4593,-0.1538324124464335,0.010707143564316497,0.0899227893276888,-0.13827760648100273
ST,4594,-0.15377583130520284,0.009429273221729019,0.09002480037353751,-0.13809552791095306
ST,4595,-0.15382794755519547,0.007057256716831209,0.08983806496784691,-0.13785027264855934
ST,4599,-0.15212837842132682,0.00629065477959692,0.0862961221334649,-0.13644934808834552
ST,4600,-0.14719269141766647,0.006486113372253526,0.08537168361969741,-0.1330088575747752
ST,4601,-0.1527944786304456,0.007376690498496547,0.08805414247109937,-0.13709429186668645
ST,4605,-0.15051482748129805,0.0054212848033352926,0.08604092700044501,-0.13508784100740895
ST,4606,-0.1528028272813328,0.0033148939740940634,0.08633004555044418,-0.1365342686857828
ST,4607,-0.15562028334434658,-4.883714797540188e-4,0.0859837518185432,-0.138133795288107
ST,4609,-0.15092147974555736,0.008379435602694957,0.08451445266899828,-0.13577770837832948
ST,4610,-0.14714624854272484,0.0058680644164813296,0.08355974025681034,-0.13279193574259257
ST,4611,-0.1523286723214775,0.005597872507609978,0.08614731564919664,-0.13640596732571728
ST,4615,-0.15223430341201918,0.008419316296629337,0.08422996237131065,-0.13669337336589507
ST,4616,-0.14980106075286437,0.003983541203578283,0.08352982279896129,-0.13435967286052716
ST,4617,-0.15302252153643742,0.0032335994265168563,0.08466623332157698,-0.1366294175727943
ST,4621,0.13825628093969233,0.05834252883273075,0.013464777418031868,0.050763241078476164
ST,4622,0.3459345310222713,0.1394222002251257,-0.0879985840718439,0.1761081174454566
ST,4623,0.25110548660171683,0.1358096678545725,-0.03647726931524747,0.11400857058633805
ST,4629,0.332719900450266,-0.16822958630122897,-0.07926730255061107,0.018594173739461137
ST,4630,0.33033249016004634,-0.18588695178650103,-0.05412589670948115,0.009673590271097269
ST,4631,0.27496709647974643,-0.15996832267134808,-0.023415669170213406,-0.009261494132403078
ST,4632,0.30990775535125287,-0.1753657633636037,-0.013319046277825914,7.417102920518765e-4
ST,4633,0.2810039649160579,-0.15594577908505436,0.005541152246146973,-0.00787464969441217
ST,4634,0.2904032809620765,-0.16278321130218026,0.0238227030525889,-0.00784117888010919
ST,4635,0.2542111376863627,-0.14964482276632882,0.04424882185656305,-0.020835410631698723
ST,4637,0.32557691124387605,-0.1782355090291071,-0.06449334733926543,0.012783278697611209
ST,4638,0.32774898403805097,-0.18649887460649853,-0.04391580196357938,0.009200423526118254
ST,4639,0.32258179517111885,-0.18480112253673994,-0.023990750441946526,0.005989899312642954
ST,4640,0.2612862404571756,-0.1576417754023902,0.0048195472092925,-0.015466098403650852
ST,4641,0.29371416511572873,-0.16858952960246304,0.015715008982135653,-0.0055950512353417315
ST,4642,0.2630606884094238,-0.15415881603260695,0.034882027331644624,-0.016224994982840798
ST,4643,0.23165652880719903,-0.14317636661724262,0.05349510502807325,-0.02780368596647897
ST,4645,0.3281297965099304,-0.16969882373646,-0.0917454579162653,0.014411363957984352
ST,4646,0.33805615779710707,-0.1879601844026683,-0.072547635526309745,0.011031703267914797
ST,4647,0.2794618893631407,-0.1580498816509244,-0.039632580414071875,-0.0077463198273962615
ST,4648,0.30628425529734493,-0.1702972287160829,-0.028745582334271314,-7.321822633455895e-4
ST,4649,0.21308763423640242,-0.13140388396028757,0.005828705723214741,-0.03194778746500279
ST,4650,0.30596697810396056,-0.169769098854114,0.008496666244784437,-0.0048453739697964125
ST,4651,0.20586817169430177,-0.13002751842767435,0.0354204419792034,-0.03677315053818519
ST,4653,0.31516052281400747,-0.15551249736338324,-0.1192929378616274,0.00995404136535788
ST,4654,0.32875830904709263,-0.17293571098695718,-0.1050012973703697,0.008306306228681441
ST,4655,0.29895029907131,-0.16113251509263146,-0.07645617199993952,-0.0030017247593745197
ST,4656,0.27345444607619623,-0.14987113259374968,-0.051970970312041884,-0.012035775265541572
ST,4657,0.2740654654880809,-0.15138250750496351,-0.035049948219645,-0.01399906947289965
ST,4658,0.28834235618040543,-0.15471782923196636,-0.022052981117814008,-0.010586869365123045
ST,4659,0.21329451185856904,-0.13115115075921968,0.010372138759654566,-0.03669935828034374
ST,4661,1.9476776917008667,-0.6999315315389749,-0.7924053411839193,0.5849443287894789
ST,4662,2.157892727309422,-0.6342531286860766,-0.8362046729463666,0.7032754204296783
ST,4663,-0.08799248669107432,-0.08064147758240932,0.1061610066133845,-0.07197568442138604
ST,4664,-0.10479049706181806,-0.061747016898158966,0.10756106412849312,-0.08997758600925727
ST,4665,-0.10602492315647388,-0.06058321283441843,0.11198398491256864,-0.09111041900494089
ST,4666,-0.11198229663608779,-0.05496611081739855,0.1146833209146889,-0.0969588450530166
ST,4667,-0.12424770088017308,-0.03470916318392637,0.10678038938507214,-0.11253178279469395
ST,4668,-0.08817266960785605,-0.07939678296307615,0.10311461534073298,-0.07243066377267765
ST,4669,-0.10639535438104845,-0.05707917361812699,0.10345306600774115,-0.09253715801026345
ST,4670,-0.1109831958752001,-0.05791314659657903,0.11006918316849044,-0.09532642843255483
ST,4671,-0.11297178238655174,-0.053453496631615194,0.11215592707297897,-0.09806248627975954
ST,4672,-0.12495997200406753,-0.034840434372635364,0.10586423926146644,-0.11287062040399057
ST,4673,-0.1030354215708127,-0.045687077516120576,0.09459545356179731,-0.08418895499006454
ST,4674,-0.11191430015066423,-0.04161302129248469,0.1031846643081193,-0.09180848248577245
ST,4675,-0.11598792203241608,-0.03378710920895677,0.1063434963142539,-0.09729160626675863
ST,4676,-0.12028012141723286,-0.03302272522460301,0.11248890638934603,-0.10061042228384498
ST,4677,-0.12942053054471994,-0.01694163475499033,0.11162829664989923,-0.11232501336285991
ST,4678,-0.13033974947189747,-0.016119577533753825,0.11529192581705151,-0.1133308067324367
ST,4679,-0.1277021612878257,-0.015561936930699991,0.11729447519668057,-0.11179693655809353
ST,4680,-0.10256648646861323,-0.036818165756752334,0.08907077286259517,-0.08665668960469014
ST,4681,-0.1118975603490339,-0.03766313129504031,0.10470417227271317,-0.09314997297238213
ST,4682,-0.12208404859331098,-0.03177512738176535,0.11072701621822056,-0.10216717043132711
ST,4683,-0.13430418813123912,-0.011789284673746408,0.10861942367096039,-0.11737195222424403
ST,4684,-0.1378576305888659,-0.004515187934446849,0.10817443916018303,-0.12237463660833922
ST,4685,-0.1379247959637582,-0.005614954506324769,0.11126410028055583,-0.12217942099684365
ST,4686,0.3694735481565903,-0.20264662829738495,-0.043870294233864446,0.030243885193836896
ST,4687,0.32870120350699694,-0.1952466785926403,-0.010589632820997034,0.010345060155485742
ST,4688,0.2792927871992588,-0.1749454256714009,0.01674294805143153,-0.008817857012943069
ST,4689,0.2411926768590648,-0.15651513559995003,0.03649306488927003,-0.02210258174120782
ST,4690,0.1310403977873367,-0.11043323922191241,0.05836989972217685,-0.06030585179090787
ST,4691,0.1788237307863776,-0.1282282338465345,0.06682858417398037,-0.04439060868847832
ST,4692,0.2219563905085961,-0.14839863230207131,0.0826864232873401,-0.031666979784362295
ST,4693,0.6905060482327953,-0.419619629619447,-0.07793404619151903,0.3443109616680455
ST,4694,0.9677557999407129,-0.3658223825658404,-0.17610019209699318,0.5106690089729743
ST,4695,-0.07950338632985188,-0.08407321790105016,0.09857847821272239,-0.06468195439155953
ST,4696,-0.09070721819501185,-0.08773039896668341,0.11169075685159292,-0.07150935154482059
ST,4697,-0.09186869853183467,-0.08503582504787599,0.11723296285117635,-0.0730662316153064
ST,4698,-0.09466455134016183,-0.08623015615842235,0.12570945716700893,-0.07452709474540875
ST,4699,-0.10469509044308678,-0.06021435162100727,0.11678754815587235,-0.09023363457553167
ST,4700,-0.1071777381904873,-0.06563019622852875,0.1270262860465201,-0.09019225747749207
ST,4701,-0.10233191105577422,-0.07529017561600296,0.1395687520074787,-0.08357326786740737
ST,4702,-0.11106484234818431,-0.05899056950260509,0.13260715810722762,-0.09496632815666796
ST,4703,-0.1071831095761256,-0.0668050224282944,0.1447944707606158,-0.08985279543909468
ST,4704,-0.10333643169193553,-0.07676741526517329,0.16099763590872246,-0.08400369982106423
ST,4705,-0.10482507042875315,-0.07797353253166392,0.16957650883844289,-0.08477344440957615
ST,4706,-0.11147928831550492,-0.0667814513222544,0.16347729819986515,-0.09306825199608254
ST,4707,-0.11086422236251446,-0.06518967931693734,0.16711725064974328,-0.09329436540830378
ST,4708,-0.08568812670756148,-0.08361496022719879,0.09906977355703597,-0.06906377973291579
ST,4709,-0.09054493870843577,-0.0840438872662702,0.10791740086683556,-0.07255273536674677
ST,4710,-0.09142184488034369,-0.08711303035120038,0.11662667293825393,-0.07204157807807673
ST,4711,-0.09422107369757644,-0.08569536303417835,0.12352678070810295,-0.0743545252458489
ST,4712,-0.10427879805459123,-0.06735830526868346,0.1205567886448347,-0.0875868607359968
ST,4713,-0.10125592573975552,-0.07596580062348429,0.13215631543904435,-0.08269911044585648
ST,4714,-0.10504783475643634,-0.0654441083183919,0.13028975658569303,-0.08861311448393723
ST,4715,-0.11193794028889399,-0.053757317633118785,0.126656738723406,-0.09723841497522143
ST,4716,-0.10664468503861513,-0.06321541327063328,0.13956885937559352,-0.09064896360250518
ST,4717,-0.10676305099299989,-0.0658613360728805,0.14832370037860287,-0.0898752404195412
ST,4718,-0.10495303477662565,-0.07679269555452858,0.16685756031573895,-0.08518597185925034
ST,4719,-0.10909869190781109,-0.07060765380927538,0.1667008293733217,-0.09013286177735877
ST,4720,-0.11060239786747081,-0.06414427165296377,0.16475518309746479,-0.09334366282138098
ST,4721,-0.08387443979955246,-0.07921120200618327,0.09501830884104535,-0.06917455657202058
ST,4722,-0.0879908691409308,-0.08969845508351217,0.10864622376521382,-0.06888980572505228
ST,4723,-0.09698195057183978,-0.07612034640415015,0.1108774468840094,-0.079414483991271
ST,4724,-0.09704686701489969,-0.07939048113770682,0.1191001501336349,-0.07832255920307998
ST,4725,-0.10089375197637204,-0.07118451392101287,0.12114899935693903,-0.08396920915105512
ST,4726,-0.10493333561441599,-0.06563458337232456,0.123949367320319,-0.08857492727290196
ST,4727,-0.10441111493420517,-0.06594780153027426,0.1295249826220113,-0.08797514506894033
ST,4728,-0.10874633027112532,-0.05993434785363168,0.13067650621533106,-0.093005816251196
ST,4729,-0.1064689073275879,-0.06659537820782203,0.14225975454375558,-0.08930175386304795
ST,4730,-0.10684625424609344,-0.06953910235736664,0.15145212149444695,-0.08867715753233615
ST,4731,-0.10639203263943114,-0.0687316946044928,0.15657956628453862,-0.08878009434590316
ST,4732,-0.1081782523479901,-0.06688445104436216,0.1609278509265286,-0.09066368327434374
ST,4733,-0.11291686187834424,-0.05876446544596142,0.156816198477399,-0.09668939217392378
ST,4734,-0.08540031475298138,-0.08627150332594807,0.09797253409504007,-0.06794234198597486
ST,4735,-0.09058951482832887,-0.08883995542829308,0.10825827488385495,-0.07096516436499528
ST,4736,-0.09246422602371537,-0.08595563154666504,0.11414660455640716,-0.07307794782884992
ST,4737,-0.10110953432756063,-0.07250141507444356,0.11527760328540801,-0.08332909637293617
ST,4738,-0.10273280969447779,-0.06497980365773359,0.11660026047246219,-0.08722514546400069
ST,4739,-0.1003854054205258,-0.07563270810890949,0.1297063805176299,-0.08215463470725949
ST,4740,-0.10357247837332376,-0.07018895408290336,0.13221155350390631,-0.0859998466528981
ST,4741,-0.11353371121645608,-0.04839204317145439,0.12042628193011386,-0.10010602965124261
ST,4742,-0.10601411940954036,-0.06514834499581994,0.13999810189098613,-0.08944644040372572
ST,4743,-0.10503297654413511,-0.07494418983432084,0.15621121146225964,-0.08565149725337956
ST,4744,-0.10800767976962443,-0.06755309658689902,0.15487218037845413,-0.09025267454402568
ST,4745,-0.10681692466865313,-0.07164156742720273,0.1659741539702027,-0.08816016938955203
ST,4746,-0.11204852780125871,-0.061318550746797276,0.15948542541637167,-0.09524775395873065
ST,4747,-0.0830755865236531,-0.09060067215710584,0.09855548837189118,-0.06492130272170077
ST,4748,-0.0897372520398094,-0.09066690400814904,0.10846650736724046,-0.06974395365201265
ST,4749,-0.09350791218753866,-0.08459133155356137,0.11331089745488271,-0.07423257407261022
ST,4750,-0.0978742233723549,-0.07719104322940183,0.11677189335634233,-0.07957385468974466
ST,4751,-0.10053007388647878,-0.07166088010833653,0.12026874747338469,-0.08352618251052321
ST,4752,-0.10612231750039569,-0.06374981781534242,0.12186858953459741,-0.08995213762443997
ST,4753,-0.10142775482087442,-0.07418845895802263,0.1346815341899447,-0.08319477804785738
ST,4754,-0.10908954759152291,-0.06133359144272675,0.13113375285426157,-0.09275090148346336
ST,4755,-0.10631214348400549,-0.06619878300325839,0.14080036336639415,-0.08929842403441576
ST,4756,-0.10428621268525447,-0.07409437026275591,0.15478691966098698,-0.08539883731359542
ST,4757,-0.10511526627323144,-0.06642420259826781,0.15275161228161066,-0.0885908514309699
ST,4758,-0.10830722313109983,-0.06894924552965224,0.16248315029462748,-0.0900694242479423
ST,4759,-0.11362426128356932,-0.06400208142215016,0.16302355294051873,-0.0954460691217439
ST,4760,0.3204448790120969,-0.48735702445005846,0.09737146103372997,0.3065588988909634
ST,4761,0.41531033393361383,-0.41983221978171203,0.06543872453463212,0.35095752685152054
ST,4762,-0.13340187881293278,0.29802795410409144,0.192507928551797,-0.14310689518005903
ST,4763,-0.13102449922974213,0.32371468367217493,0.21224310997770174,-0.1454339165113858
ST,4764,-0.1353194271840234,0.2966873062740261,0.19689056607119526,-0.14705934754982453
ST,4765,-0.13074656751417021,0.34614502531997526,0.2301942889227148,-0.1498658999031689
ST,4766,-0.14222937959923365,0.24885112293621744,0.16588388601790696,-0.1480308206403085
ST,4767,-0.1306663433290382,0.35133396439283826,0.22314762970339044,-0.15147016946206227
ST,4768,-0.13617068685525655,0.30853185595008403,0.20161242717658007,-0.15143818788282487
ST,4769,-0.13219046283857946,0.3541440431741292,0.23214462664187063,-0.15446590451035502
ST,4770,-0.13630962968083488,0.3184461353504558,0.21104030788328576,-0.1538466344832368
ST,4771,-0.1283880500301254,0.3967338994798702,0.25717696782585653,-0.15818805438113706
ST,4772,-0.1191110731556015,0.5058626939646135,0.32782456384193637,-0.1652422584236179
ST,4773,-0.12760975793116106,0.42235022914782955,0.2794490085826214,-0.1621161191581479
ST,4774,-0.11451629576323312,0.32924877588755974,0.05337431535732582,-0.0977757953074226
ST,4775,-0.10300026070996304,0.3718025324999618,0.08112321321316528,-0.09298399759366112
ST,4776,-0.10392038726917044,0.4267953279957177,0.12517157517012162,-0.10618903309634078
ST,4777,-0.1008751486491143,0.468363803132073,0.14293039992642587,-0.11021976414469131
ST,4778,-0.10399859068311619,0.47136074062960004,0.15482095935806303,-0.11631660069092642
ST,4779,-0.1047671005052651,0.4840755004443011,0.16967724087028258,-0.12051458550280572
ST,4780,-0.10009846948170367,0.5324672765167535,0.20101720005968102,-0.12333845324020935
ST,4781,-0.10260618724148232,0.534385113634261,0.2073157176825202,-0.12743842321508167
ST,4782,-0.10093603858920308,0.5504153090169168,0.22213978688673175,-0.13139190402577483
ST,4783,-0.10474308744459998,0.5387275882505307,0.22167847393081538,-0.13432536127869196
ST,4784,-0.08695290929670908,0.6920554563674459,0.3023759092178247,-0.13867905736597974
ST,4785,-0.1335163424135657,0.2873177155646957,0.18000024017342997,-0.15246385795766135
ST,4786,-0.007187004259316196,-0.15239824734306218,-0.14870682123331277,0.009160029135795512
ST,4789,-0.03176346598852561,-0.1257740220661635,-0.08082173320964771,-0.017297780083860948
ST,4790,-0.03726888126140505,-0.1264462272350829,-0.06506423564217383,-0.021762861116362716
ST,4791,-0.0514339775957685,-0.10702264029349383,-0.035742642038996505,-0.039068241427361074
ST,4792,-0.033562570646568174,-0.1300000057236579,-0.0442128501383291,-0.018129315980779468
ST,4793,-0.07631355796649844,-0.06474949601614889,0.009659678970243212,-0.07066358671199273
ST,4794,-0.039783023805107454,-0.11519564180295294,-0.012668608242491454,-0.028128080918833148
ST,4795,-0.034593268565793915,-0.1164771312311368,-0.0035710036535782077,-0.025664148484526764
ST,4796,-0.07178814778820651,-0.0756936753859782,0.02808444612061056,-0.06488569341492213
ST,4797,-0.0466027497508276,0.4477269580865921,0.06575875915959488,-0.08454044683564335
ST,4798,-0.039216383985040175,0.5118041651049343,0.10704785063574364,-0.08800088156412732
ST,4799,-0.01915403731651995,-0.13431045737731,-0.13703239009179047,-0.0057837320493678585
ST,4802,-0.036261385365315646,-0.12285248976903024,-0.0860360463543637,-0.021513149754164684
ST,4803,-0.03163369092068441,-0.13082357401813713,-0.08162456553164177,-0.01606405603499444
ST,4804,-0.03890265043303366,-0.1178438666787068,-0.05751268117869624,-0.026243124620834876
ST,4805,-0.015462388749475765,-0.13597991047988792,-0.06948934651139185,-0.0026695607845094523
ST,4806,-0.0418812620632256,-0.11124119685718768,-0.03218853517946121,-0.030080647511811102
ST,4807,-0.040140907040464344,-0.10333477475549468,-0.020003532271655265,-0.031820834784225
ST,4808,-0.04594639924175981,-0.1007168363997851,-0.004578789967283111,-0.037746639515436
ST,4809,-0.060009644517872295,-0.08553930452340763,0.014608994063139109,-0.05260217747647057
ST,4810,-0.048622200735005186,0.4158738299787486,0.04134837319684553,-0.08068703125809637
ST,4811,-0.04122316090355822,0.47745087390522556,0.07781349098874693,-0.08360756781276839
ST,4812,-0.01696684162506898,-0.13778351012780463,-0.21965198802866762,-0.0015903525253631642
ST,4815,-0.03382443570718599,-0.1261875419449052,-0.15944271242986421,-0.018195836745894076
ST,4816,-0.037276081942300816,-0.11283999194497188,-0.1315941793429377,-0.02577350602351242
ST,4817,-0.029147703797571537,-0.11933467464138811,-0.1349564144754709,-0.018018053113134477
ST,4818,-0.05480982387703266,-0.0956464780843565,-0.08057660502335504,-0.04471177324590211
ST,4819,-0.04700354439723224,-0.10126372887774027,-0.08419073900142195,-0.03693116068804851
ST,4820,-0.05123567484997323,-0.0987271874505367,-0.0682760214582007,-0.04131111588651393
ST,4821,-0.03727975956227839,-0.11312786560208632,-0.0766746327778589,-0.026679893664651285
ST,4822,-0.0514526884042561,-0.08669331100785403,-0.043487393935482566,-0.04503423777472799
ST,4823,-0.06926204179281426,-0.07589224228369501,-0.01579585721762469,-0.06267656517648984
ST,4824,-0.056073144054742924,-0.08488678604217478,-0.021333976486089284,-0.049546944426107374
ST,4825,0.37455118375053037,-0.47567900290426574,-0.7450476910907211,0.3638618807236328
ST,4826,0.3937568843755276,-0.5158999758960464,-0.77389698970647125,0.3841693780479366
ST,4827,-0.15401584726592127,0.13792951751901555,0.12700841336748817,-0.15246693491872262
ST,4828,-0.15227270535011111,0.15306729059919813,0.13370919228757686,-0.15310928891977896
ST,4829,-0.1514094871600753,0.16617114548851308,0.1470441473775261,-0.15468793328211994
ST,4830,-0.15273047327456915,0.15605096106003383,0.14234361848735874,-0.15456265473119202
ST,4831,-0.15270003459914522,0.15796016633487184,0.1432931711784975,-0.15492718837793293
ST,4832,-0.1527096810864935,0.16013903864499154,0.1456806496110129,-0.15543755838004325
ST,4834,-0.15734976976451867,0.10668692435799491,0.11314668555742634,-0.151074141090681
ST,4835,-0.15591181363949833,0.11917144089759431,0.1188645075934484,-0.1516060629065551
ST,4836,-0.15503417813653558,0.1318502691062802,0.1315531707945019,-0.15306480729833433
ST,4837,-0.15605394989336815,0.12432842886798454,0.12810362037478903,-0.15301355610985445
ST,4838,-0.15596504704585235,0.12633243853960757,0.12887630263107377,-0.15329565447787874
ST,4839,-0.15600216349924892,0.12621480107168243,0.12813830189307954,-0.15336253887805357
ST,4841,-0.1401776209472372,0.2429633439849222,0.17726978468822788,-0.15379773937705263
ST,4842,-0.14257224933332915,0.22972634068549513,0.16770155900641637,-0.15408700625120753
ST,4843,-0.13664057593983853,0.2847020195792591,0.20565229356102047,-0.15734967991472942
ST,4844,-0.13694640680056785,0.28973635398449976,0.2119111238633564,-0.15875029583430203
ST,4845,-0.13801552769790937,0.2835910800582378,0.20426098759624253,-0.1587521971872042
ST,4846,-0.14326197420820194,0.2400920513466133,0.17837038895502683,-0.15725510550665509
ST,4850,-0.11339937930978133,0.41258577042754946,0.24051272073095503,-0.15008330144400542
ST,4851,-0.11888344095646096,0.3899891374331568,0.21555465946656235,-0.15140398012072004
ST,4852,-0.11673447316186539,0.417973959568002,0.24182930056278448,-0.15461779034586234
ST,4853,-0.11258802739677973,0.46389957936779863,0.27592477507594126,-0.15841921643960272
ST,4854,-0.11810116110669519,0.43393635307104744,0.2566971450758847,-0.15919897439950087
ST,4855,-0.11115024218696899,0.500534574654729,0.2935091302535461,-0.16290207105571047
ST,4859,-0.04394141060254985,0.9031481165214102,0.33009188021619357,-0.14583294252542162
ST,4860,-7.0331412153116e-4,1.2272300554624147,0.47281349450401006,-0.15175637816659066
ST,4863,-0.09520768826102147,0.28967348055710357,-0.04875666681036455,-0.03985971516932848
ST,4864,-0.08700773707704056,0.3412912872055393,-0.018457050435488963,-0.0364420276551604
ST,4865,-0.0950966742062939,0.37678357322159817,0.027887767009374936,-0.05920446762838392
ST,4866,-0.0850474381215586,0.4305479654246477,0.06475409341518845,-0.058094239524538724
ST,4867,-0.0762715101805369,0.520116280337649,0.10153886231478527,-0.06204870248363939
ST,4868,-0.07612805280776011,0.5726354061580049,0.13255909373510485,-0.07253853900658198
ST,4869,-0.08109355141662036,0.5985282680125616,0.12290759761594272,-0.08817720301241401
ST,4870,-0.06878513413815338,0.686508809804665,0.15486568197887682,-0.08840311568419255
ST,4871,-0.0558953661061881,0.7847122668243479,0.17476139931690934,-0.08969568871894448
ST,4872,-0.07396304286403979,0.7147705593675899,0.20557561535960897,-0.10143226234968448
ST,4873,-0.07752636156400959,0.7114789389736967,0.2457345140744977,-0.11022229356664696
ST,4874,-0.067546980383476,0.81390442554895015,0.30515191528247293,-0.11390651100475431
ST,4875,-0.06988398616589982,0.8200534753054498,0.3194361077676685,-0.11991793581840875
ST,4876,-0.1028306441143523,0.23238150918456354,-0.1369742595382269,0.07860219457864456
ST,4877,-0.09942652336908027,0.31839513062445324,-0.09181280988854593,0.06811966511605683
ST,4878,-0.10261691965176237,0.36108226733897175,-0.039934710174178475,0.03999674646559944
ST,4879,-0.09653590512209234,0.3755614090889442,-0.008938574235165152,0.04605409613020157
ST,4880,-0.09856147407740766,0.4510438472866535,0.031561607896433835,0.02147455757546227
ST,4881,-0.08964591141977768,0.5073482934588657,0.07260624578195002,0.031006873833404665
ST,4882,-0.095897430571356565,0.5622800154228798,0.07899815603188613,-0.013214851277653344
ST,4883,-0.09002114962525133,0.6121386991933498,0.10953525409975927,-0.013234045687120525
ST,4884,-0.0810142469921551,0.6855255177574732,0.15376935458312602,-0.008661192775205563
ST,4885,-0.08663460851703736,0.6908012797776201,0.16748111469396046,-0.023393040055697076
ST,4886,-0.09656916992932828,0.6364053754212882,0.17509161922345465,-0.04438620454388785
ST,4887,-0.0812391459061162,0.7642548364309784,0.23318520949407978,-0.037336667298808565
ST,4888,-0.05692347989074541,0.9693431556779041,0.3567373022669585,-0.027433697225607047
ST,4889,-0.10760405644505246,0.10929517819179443,-0.24006658623551244,0.0977405978596696
ST,4890,-0.1091171652998186,0.2327167478061237,-0.16152698987497935,0.06643593666239558
ST,4891,-0.10948882031194061,0.21349957238596282,-0.1349112877279868,0.06505427452611312
ST,4892,-0.10689379189116315,0.2866838426777111,-0.08595973569351517,0.041831253745652414
ST,4893,-0.10082329394777495,0.32213881991391924,-0.062499063086550476,0.05180013595048046
ST,4894,-0.09842620350731236,0.3857454259027632,-0.020769415097998196,0.04085258793127752
ST,4895,-0.09249954298991521,0.5189538217120985,0.011861478118561782,0.003392370115825546
ST,4896,-0.08023376296495936,0.58854157112172,0.038330226657419204,0.012283277528622714
ST,4897,-0.0759538607249187,0.628170165090323,0.0834295783747197,0.018610990715083015
ST,4898,-0.08830500972807405,0.6248576737091782,0.09886041586234735,-0.011526361518295152
ST,4899,-0.08347041465075558,0.6535323816523309,0.14231146475250514,-0.016881866695018198
ST,4900,-0.0766828012263961,0.7327876469859943,0.1989283213361894,-0.013031206451152633
ST,4901,-0.06973066989026896,0.8056731906906077,0.23439008862921232,-0.019088707087796333
ST,4902,0.046049391430428854,0.5547329672895512,-0.7902596738613527,0.47103217961802407
ST,4903,0.09132525050802297,0.6312837298196482,-0.7968619370934219,0.5475251388984951
ST,4904,-0.07023027431683827,-0.35443470213338163,0.06062770709830241,-0.04995817962492701
ST,4905,-0.08685775047504654,0.35965079104439684,0.060355586753117224,-0.0888336289213064
ST,4906,-0.09904105559910334,0.37272550743585947,0.08794247669959022,-0.10620531930925553
ST,4907,-0.10214640533913613,0.4305394240237098,0.13186441883884312,-0.1197534864393007
ST,4908,-0.09492714313916582,0.4939307721412993,0.13683157690778505,-0.12218711672696948
ST,4911,-0.09381256542856656,0.5663523050780018,0.2112519675590705,-0.13523870859295
ST,4913,0.17658471953487054,-0.10584984593310925,-0.11317801288885578,-0.02707293520565144
ST,4914,0.14699333304820975,-0.09774544147203879,-0.08740589075863506,-0.03859498777013245
ST,4915,0.14927052209401123,-0.10005120523212355,-0.07619471736050046,-0.04026843930136392
ST,4916,0.13020238383998095,-0.09096182330983149,-0.05484460484330611,-0.048071242637129204
ST,4917,0.15521404978525502,-0.09977038500205339,-0.053868343502250664,-0.041016233434557785
ST,4918,0.15609963577206443,-0.09708193846204893,-0.042130762850092915,-0.04135729382240424
ST,4921,0.11782670809815622,-0.07827009607093421,0.004155756423556225,-0.05633401656558359
ST,4924,0.16112450975555861,-0.2445328372422172,-0.2403460700409882,-0.024712365044975346
ST,4925,0.12373456522003551,-0.1266848005549378,-0.12185810111587146,-0.05275134006715822
ST,4926,0.1475097142765989,-0.09748455344873473,-0.08363734714098693,-0.05528414215536066
ST,4927,0.1379226672629682,-0.09239525663569738,-0.0659262308046989,-0.059138396338139276
ST,4928,0.14948555332534424,-0.09352173647967532,-0.06038956872187819,-0.05567469086103875
ST,4929,0.14972343666339588,-0.09558047005494079,-0.05436739836356288,-0.055722548670035406
ST,4932,-0.15082427256324107,0.15824209264714334,0.12714286851481052,-0.14833632683373318
ST,4933,-0.1509139241147306,0.16234382315530474,0.1354384163803754,-0.14956459799667307
ST,4934,-0.15007905957157702,0.1725650786823108,0.14353806076010237,-0.15062183959314002
ST,4935,-0.15249614437830097,0.15439271697841517,0.13363546337942533,-0.1505196085263944
ST,4936,-0.15093064889246502,0.16944307175725656,0.1415049653568119,-0.15131818587630308
ST,4937,-0.14873485954157764,0.18154708030528044,0.13939075031769066,-0.1508228373577991
ST,4938,-0.14864212521724307,0.1872180187678113,0.1462476221796692,-0.15186139318150194
ST,4939,-0.14844528258057416,0.19573593968969777,0.1557362283903962,-0.15325065355169454
ST,4940,-0.15041184037518104,0.1818656205478634,0.1515256433596826,-0.15345451529543494
ST,4941,-0.14831518541156888,0.19492445766984415,0.15298194344239227,-0.153400358538137
ST,4942,-0.14848672274379007,0.20299365374244735,0.1642262344706718,-0.1551533324089138
ST,4943,-0.14942527693804686,0.19929838246486734,0.16642073176912925,-0.15587963698920423
ST,4944,-0.10874360784598636,0.3237078934638416,0.10793605052640089,-0.10970533114211335
ST,4945,-0.11014630425931003,0.3399324351385648,0.13155130295121106,-0.1158316976930246
ST,4946,-0.11471970879528831,0.338527734827903,0.15513367009063858,-0.12269316120953654
ST,4947,-0.10880847565608755,0.39764462522841515,0.1821925265950688,-0.12541790555726998
ST,4948,-0.11137480439323633,0.40701517316575536,0.1760050865372468,-0.13025724071672495
ST,4949,-0.10817177310851595,0.4387307238799701,0.17575419099826198,-0.13232503178806623
ST,4950,-0.10450824089009239,0.471488895177028,0.18073309586481337,-0.13385367511738308
ST,4951,-0.1041040339504361,0.49924274553037434,0.21982077934302663,-0.13866155200517838
ST,4952,-0.09862061196426884,0.539792623261773,0.21641461874656884,-0.1389178632129115
ST,4953,-0.09758546613352838,0.5780948520491561,0.27421973956976875,-0.14617434308199984
ST,4954,-0.09358845556172998,0.6272151832937867,0.3008746872806972,-0.14967712376035144
ST,4955,-0.0937795451234559,0.6193700425246071,0.2787671729056132,-0.14906439831430993
ST,4956,-0.1459080995767522,0.19172212991378998,0.13301899422070035,-0.1481781006851424
ST,4957,-0.14767710699685238,0.17972237598748708,0.13903781175368016,-0.14922597164326554
ST,4958,-0.14822799720033203,0.1870654663593445,0.14684618674837957,-0.15101109477370891
ST,4959,-0.14487443449920073,0.21591418413637048,0.15868040346577786,-0.1519028325286461
ST,4960,-0.1513182884057477,0.16808863002056562,0.14141471277530118,-0.15179108726848822
ST,4961,-0.15054961722113816,0.17091833288163538,0.13840333457243228,-0.1514920943370853
ST,4962,-0.15001051931493664,0.17721656249288137,0.14252140183339793,-0.1520664026793857
ST,4963,-0.14392402926561407,0.21749130775513528,0.14762821570094675,-0.15149087940622227
ST,4964,-0.1494883968358803,0.18860985167328598,0.1527150119189809,-0.15369612317578174
ST,4965,-0.15018771655715793,0.18268741820631196,0.15113099599161223,-0.15386877308919808
ST,4966,-0.14712392657247136,0.2152143476948925,0.16921088849534785,-0.15579515875332692
ST,4967,-0.1498365065457322,0.1950525631712364,0.16392185930146147,-0.15589745610989963
ST,4968,-0.019819590235621843,0.8683553404928983,0.11081484898198943,-0.0830063212468337
ST,4969,2.967968677094996e-4,1.0169153544020288,0.14829398793321868,-0.08157732562882121
ST,4970,-0.00981010985205865,0.9814461227973158,0.1830345690869723,-0.09242222437281074
ST,5004,-0.0760254142722256,0.7079998288162006,0.2999536836445633,-0.14465390179361434
ST,5005,-0.06042714017822464,0.8376105635290956,0.33989679470954054,-0.1471155965452369
ST,5006,-0.08550695540083307,0.6899722107908286,0.3218060226609994,-0.15423970066396975
ST,5007,-0.0817297313277028,0.72863525538782,0.3329667032720899,-0.15633159701515917
ST,5008,-0.07703979970512771,0.7689040053683587,0.3538320422898797,-0.1588804154765436
ST,5027,-0.1321134971944473,-0.029430798205294078,0.09337767175656377,-0.11395873347815098
ST,5028,-0.13942587755466057,-0.018537028649267845,0.09164455428782071,-0.1227069840580458
ST,5029,-0.13862330847528037,-0.02028618691675136,0.09454444422406585,-0.12147680101675216
ST,5030,-0.13968884799518713,-0.018466323176283512,0.09575485172761679,-0.12304999671039749
ST,5031,-0.14152273807814938,-0.016966382368737785,0.09712306062843126,-0.12492204711161885
ST,5032,-0.1418568825872664,-0.015302431887915155,0.09735188297190081,-0.12572482412904448
ST,5033,-0.14194189860380704,-0.016828964373504667,0.09972962515551055,-0.12583864962190863
ST,5034,-0.1428460775980775,-0.015534734855162406,0.09979087853716935,-0.1268862621126029
ST,5035,-0.11823370940948554,0.38820423401815995,0.27766167983634116,-0.16088906649678528
ST,5036,-0.11773953682327769,0.42103539392725,0.29882526939134985,-0.1656131104722852
ST,5037,-0.11865681578815411,0.4060827579284067,0.28383168226148053,-0.16416726836468878
ST,5038,-0.11996410793661234,0.38717645488730185,0.2660151230396225,-0.16235070264946136
ST,5039,-0.10808990544739382,0.4816479464318694,0.2935080010910067,-0.1640324114294984
ST,5040,-0.1295744589202885,-0.03074780536148896,0.0796506708425626,-0.11209374854883442
ST,5041,-0.13375619444239653,-0.023498730579571563,0.081271206488152,-0.11744669571221904
ST,5042,-0.13490665555633052,-0.02383615190278536,0.08426500129674387,-0.11807722279947483
ST,5043,-0.13471510139283505,-0.022755824117303595,0.08617757287681242,-0.11855501115944116
ST,5044,-0.13851120485453386,-0.019290778188254514,0.08790062057802704,-0.12250277581166821
ST,5045,-0.13623218487751376,-0.01870551145722617,0.08872613408086262,-0.12106722337893742
ST,5046,-0.1398752671599459,-0.020279852535414228,0.09097758786954666,-0.12444377822652887
ST,5047,-0.13872087180428114,-0.018676025726270556,0.09297820006151139,-0.12316553893917569
ST,5048,-0.11734552662593721,0.31004425029458876,0.24039441657161295,-0.1483173299683663
ST,5049,-0.11618335494580678,0.38679975511738945,0.26142105232961255,-0.15746461187467015
ST,5050,-0.11831666991907838,0.36220859942667305,0.24080749343312985,-0.155769834118075
ST,5051,-0.11689855244558951,0.3723460289559141,0.23927733310709548,-0.15575237043260554
ST,5052,-0.09903087178834305,0.5088068371207808,0.27653202925718257,-0.15734529063482872
ST,5053,-0.11497347815399524,-0.04366374289862085,0.05836148979602707,-0.09791074791187199
ST,5054,-0.12718151640286054,-0.027961962272584795,0.06613817239579457,-0.11194696328327404
ST,5055,-0.1269759645033344,-0.028835884113608438,0.06903828165778714,-0.11137340427495136
ST,5056,-0.12858793955898512,-0.026589924358025256,0.07223214992088609,-0.11357499219354956
ST,5057,-0.13124296326317697,-0.02413910107441916,0.07533148581043983,-0.1164720619836113
ST,5058,-0.13191654146877002,-0.024101011221622105,0.07812246150171567,-0.1168504721508542
ST,5059,-0.13059964221032647,-0.026024249272430643,0.08074103308146753,-0.11590308666162649
ST,5060,-0.13253535694466387,-0.024210191051320315,0.08269465681914642,-0.11791714028303509
ST,5061,-0.10670438512873912,0.343250736185468,0.23022430342329037,-0.14120844241198416
ST,5062,-0.1099261383234651,0.3808183843486384,0.23576798322294615,-0.14861597165947724
ST,5063,-0.11105770854488367,0.37241225792330324,0.2252561914476854,-0.14850306731374044
ST,5064,-0.11318927907773643,0.35912157261363925,0.21673168928057088,-0.14874504562764065
ST,5065,-0.094275337301201,0.49509907150781207,0.2471076445546026,-0.14897123847279894
ST,5066,-0.02476384008190564,-0.12004589988671159,0.05348157285674441,-0.01972279219024241
ST,5067,-0.011241801621515893,-0.1404038073493553,0.06265944791179687,-0.004069986287117345
ST,5068,1.5477567795988685,-0.6147323332705358,-0.5436302309326517,0.4301521148139807
ST,5084,-0.03114093485972931,-0.08295523766729139,-0.033106998248324894,-0.0227336462665769
ST,5085,-0.029689396637726132,-0.07445638997596338,-0.01896420897599654,-0.024857331730571204
ST,5086,-0.025412892079062673,-0.0710261312414192,-0.00759679902186897,-0.02370659736830629
ST,5087,-0.04577607121644167,-0.07590419069404443,0.016563617269839483,-0.036555401095099034
ST,5088,-0.04115210782378958,-0.07801052097865838,0.02700730357000243,-0.03315979354981387
ST,5091,-0.14136107387959443,-0.01592050712482596,0.08870510516914999,-0.1237524471937341
ST,5092,-0.14753909654089709,-0.004834979337316133,0.0848050924979331,-0.13184455889790034
ST,5093,-0.14643739858160115,-0.012324240870046568,0.09153592979988265,-0.12858080660595742
ST,5094,-0.14941023492653782,-0.00828607292893632,0.09066339449844453,-0.13191306701994968
ST,5095,-0.15270532524057173,-0.004585129648687313,0.08898116426046077,-0.13567760665099232
ST,5097,-0.14184297536629883,-0.018693963342412655,0.0901462573309033,-0.12313674811695682
ST,5098,-0.14813933194625856,-0.004893670664052818,0.08484561468751191,-0.1321506116220865
ST,5099,-0.14628534428268264,-0.012122507864653922,0.09091954766542314,-0.12851605643139113
ST,5100,-0.1493104747980323,-0.008544892506614443,0.09054515979324541,-0.13171195704147434
ST,5101,-0.1525650893690734,-0.004466806462091963,0.08889346279440036,-0.13546508356460146
ST,5103,-0.13677786482142387,-0.009671325739830686,0.0840720909299172,-0.09429620185302892
ST,5104,-0.1359242103000922,-0.002621632440742227,0.08416263269545492,-0.0997884678946211
ST,5105,-0.13706410681775458,-0.01439616652799066,0.09274309241638587,-0.09067848995155715
ST,5106,-0.1420415572962229,-0.007587789118138048,0.0941647295824002,-0.10169595069969445
ST,5107,-0.14955212970440201,0.0019580810263060905,0.09390863853871133,-0.11728596886534923
ST,5110,-0.13340392756551794,0.3462082565725825,0.206740683690539,-0.13800593363837693
ST,5111,-0.1250831588907709,0.43594155154170133,0.2660239184739127,-0.14113396941360248
ST,5112,-0.1365297958841411,0.3320635135894031,0.20869952999634087,-0.14149496635840425
ST,5115,-0.15287351696136278,0.004663950633615532,0.10718568682129295,-0.1243806951051393
ST,5116,-0.06344310566990305,-0.06866714647639165,0.08756948836652415,-0.025983707700807226
ST,5117,-0.01312634578746143,-0.05509172804727738,0.06771881952517056,0.006014969271588017
ST,5120,-0.13217017576572695,-0.01181688470886416,0.07278687966634492,-0.11814903080231008
ST,5121,-0.1368875412736679,-0.0051575505714996014,0.07986788592471603,-0.1223181007118795
ST,5123,-0.13412047617700562,-0.012440454890160477,0.06759678752426741,-0.11986429255910482
ST,5124,-0.13633568256508263,-0.019710448908238417,0.07169743568716642,-0.11962354265956757
ST,5127,-0.11826572675752481,-0.03582857111573411,0.054405953696307956,-0.10553091079081207
ST,5128,-0.1184969446660241,-0.03982566210189799,0.058109671210758204,-0.10382609168827363
ST,5131,-0.014063182800146868,-0.14337840681399905,-0.006112977852547525,-0.006763950809202352
ST,5132,9.867884063115946e-4,-0.11907539285251938,-0.0035900333714695646,-0.0033487595860688638
ST,5133,-0.01417303452571242,-0.11978536380011374,0.016464546384667742,-0.013321919493697744
ST,5134,-0.1412937549415122,-0.007363897102028117,0.08662882495980902,-0.10523293125473171
ST,5135,-0.13857541183166505,-0.0212284108671268,0.0947804074558286,-0.09265310048360986
ST,5136,-0.14259479085301532,-0.014051827224405136,0.09578794123204894,-0.10213376242889682
ST,5137,-0.15024058978864016,-6.676912719216217e-4,0.09405428230504505,-0.11861436870819538
ST,5138,-0.14722451116802154,0.0052626918716469455,0.10229539591282977,-0.11437850635526124
ST,5139,-0.14156418047524402,-0.0022434097150570032,0.11275000132362548,-0.10255229450997923
ST,5140,-0.12677796573005043,0.3628729618354513,0.26973403107309346,-0.13867427394101467
ST,5141,-0.11936459016418365,0.49180129973661285,0.3374125817013169,-0.1489241646381197
ST,5142,-0.14180199303897173,0.27087200974220016,0.1841778576508758,-0.14472318980659785
ST,5143,-0.1274349250843498,0.4405432812708248,0.3007718615231134,-0.1539964445952198
ST,5144,-0.12103745759631372,0.5199086077095723,0.3516192693967061,-0.15858711539570217
ST,5145,-0.11573991801003536,0.59524675877316,0.4071641297804123,-0.16469031821641475
ST,5146,-0.13995334449645458,-0.01232356891287438,0.086927984064854,-0.10659162980405
ST,5147,-0.1398212966105487,-0.016943529442443643,0.09203798857597177,-0.10378649849930825
ST,5148,-0.14161016675904953,-0.014417578954767255,0.09444183749385333,-0.10726430530842404
ST,5149,-0.14573711846936793,0.014190890782712054,0.10224030756329548,-0.11847867087138224
ST,5150,-0.14595485243019873,0.006080847599303513,0.10398901055991151,-0.11696536829168205
ST,5151,-0.1402185829736774,-0.00970590884266707,0.1118441631206372,-0.10505967048751871
ST,5152,-0.12689086993369522,0.3099522735922545,0.2550134464600361,-0.13792005894645853
ST,5153,-0.12302219626452646,0.43461550414049765,0.30372474686809736,-0.1521982677329189
ST,5154,-0.12394810701438787,0.4570190474592115,0.30660958709889374,-0.15718731490174526
ST,5155,-0.12953169584878266,0.40775270359700977,0.2805937406513036,-0.15737197379196247
ST,5156,-0.12206823517553816,0.4994380832196503,0.34063245733496844,-0.16317149302852874
ST,5157,-0.1142781028922265,0.600231125524305,0.4107740433438557,-0.170659021642434
ST,5158,-0.09935279649764928,-0.06058411031373222,0.08165661236013293,-0.03042301402130845
ST,5159,-0.09575905569302072,-0.04964889707143254,0.08309260943106819,-0.03668786592710686
ST,5160,-0.0958760323865303,-0.061168423093654375,0.09441179470224019,-0.030027745060572947
ST,5161,-0.1419168250411425,-0.017060105715644303,0.08459921149588927,-0.1105092015657654
ST,5162,-0.14132976972759156,-0.01675504448357012,0.08610847355533205,-0.11073180880234751
ST,5163,-0.14142617583229042,-0.013692730314889014,0.08834855369530424,-0.11243238942636999
ST,5164,-0.14518493504924163,0.017311692663943033,0.09757528354901156,-0.12243842698191199
ST,5165,-0.14906712786940662,0.001357320717931685,0.09543079781831432,-0.12329343623328032
ST,5166,-0.1490537537345563,0.007927147596285749,0.10028285954521655,-0.12442704543638454
ST,5167,-0.14121874389922648,0.16878246290633844,0.17623025129495246,-0.13946352524797676
ST,5168,-0.14624913447242344,0.21426555410639989,0.1631998840262735,-0.15071193247823905
ST,5169,-0.14361239611079663,0.24173485378554618,0.1796908095393712,-0.15233195444014744
ST,5170,-0.14032457886193966,0.28004760539035944,0.20491594207261668,-0.15478420857331707
ST,5171,-0.13725576587221475,0.3227156915590439,0.2376896595934746,-0.1584042538428275
ST,5172,-0.14144878285853563,0.27752181751840954,0.20601713103621702,-0.15631067037155533
ST,5173,-0.14504277443395877,0.24556584339356546,0.19115125639317387,-0.15591695511113093
ST,5174,-0.1448413749144782,0.24547666813948,0.18741362886555757,-0.15574643189333515
ST,5175,-0.14512394434748332,0.24605053693294238,0.19019099934477382,-0.15652653502674102
ST,5190,0.056922009789225375,-0.07344123571359477,0.02161891421113796,-0.06896637679024
ST,5191,0.0834346898542989,-0.0877860230597944,0.02539430633412655,-0.060392478374269865
ST,5192,0.07153538594089122,-0.08163530194589165,0.036294477600695395,-0.06542617120520432
ST,5193,0.06176284552651019,-0.07673939300838135,0.046160558524036735,-0.06976673085608269
ST,5194,0.05623356810493944,-0.0771338093507494,0.05620793069925369,-0.07298470083356176
ST,5195,0.07392756042570343,-0.08333498170114886,0.06451393902379483,-0.067723245967934
ST,5196,0.05900610401227744,-0.07618518156495822,0.07176693005928991,-0.07318107892087514
ST,5197,0.06993343445976145,-0.08298631942031438,0.08398220375014537,-0.071523559018103
ST,5198,0.07159990040091611,-0.08331219369031417,0.09372900720018058,-0.0717291020916082
ST,5199,0.054533070376709444,-0.07573815773611393,0.10058677828596765,-0.07772723414811344
ST,5200,0.03183350463837317,-0.06790270012916536,0.1039075385475343,-0.08628086994762571
ST,5201,0.011748707598269926,-0.060938811753524155,0.10557666253025819,-0.09274430213101183
ST,5202,0.07772660904135857,-0.07987391284736776,0.006169760766195959,-0.06100374529948109
ST,5203,0.07931025061756179,-0.08533492335923411,0.016495995827048436,-0.06261222873187032
ST,5204,0.0778729272578393,-0.08451027150517167,0.02607465218814584,-0.06403287327701879
ST,5205,0.07146121340809718,-0.08215349693053314,0.03685935288547286,-0.06753973400981289
ST,5206,0.03487797416942192,-0.06606571742091082,0.04920773480066345,-0.08089973781594496
ST,5207,0.0643926288982552,-0.0767109384744108,0.054101004280976195,-0.07093612541552885
ST,5208,0.07182793932049343,-0.08145653141123813,0.06371740699135835,-0.06972275460700492
ST,5209,0.07406114674428488,-0.08199063794606383,0.0727289817173404,-0.06977417071632666
ST,5210,0.07087482921160877,-0.0819581151950213,0.08357300846339608,-0.07229533103942763
ST,5211,0.06493336855020738,-0.078785260687557,0.09362406021915799,-0.07512899106096689
ST,5212,0.02506879558276436,-0.063498310693246,0.09264840932747885,-0.0879224533900996
ST,5213,-0.027991123384550214,-0.056195930116622966,0.08977441306058254,-0.10471325519673208
ST,5214,0.36818694907559135,-0.19495570741766963,-0.12313845342328397,0.04918757250047927
ST,5215,0.36742374682212176,-0.17512427610441472,-0.10954428753874026,0.053210499397996
ST,5216,0.3820303654422456,-0.19867219088178134,-0.09040252211884701,0.051375967500510496
ST,5217,0.31619534652681675,-0.17879400933374265,-0.13956623677031935,0.02815674677274974
ST,5218,0.26588071302035204,-0.14855036931185722,-0.10147085481405416,0.009554360755760763
ST,5219,0.28100439503922153,-0.15893145739729117,-0.09081840030394395,0.01191408486209949
ST,5220,0.2663770328679232,-0.15336345490179382,-0.06854073922846647,0.004564529278698617
ST,5221,0.2431230506363756,-0.14661511244562453,-0.04407702012502937,-0.00677671211688949
ST,5222,0.19581106152479374,-0.12828686890026406,-0.01567854876786226,-0.02604612862242923
ST,5223,0.24631200532608372,-0.14756747627096825,-0.013454972453834788,-0.00897791866523565
ST,5224,0.22868981621315604,-0.14082488378069324,0.0060517980276627486,-0.01711345594643193
ST,5225,0.25455910682367766,-0.1480301160186582,0.016501360640132648,-0.008610548981630632
ST,5226,0.26530906541567134,-0.1547274568559889,0.03428754104710813,-0.007940014222973997
ST,5227,0.24486730190339745,-0.14608023290725308,0.050233530736275483,-0.01609653945597463
ST,5228,0.21392767557956627,-0.1360204789963351,0.06821580789003151,-0.028861254367674425
ST,5229,0.20901571742035496,-0.13111713793468383,0.08109772544452173,-0.02994300992008383
ST,5230,0.20640781702908506,-0.1326746308677916,0.09661404817970771,-0.03331052195108814
ST,5231,0.20169785301086152,-0.12775642982970978,0.11177017489898439,-0.03609799139366224
ST,5243,-0.14156740653988276,0.1952239078727684,0.14971369329948486,-0.1455339404135867
ST,5244,-0.14127159880347848,0.20665312736040237,0.15803793917539294,-0.14722937511212042
ST,5245,-0.1402608274866803,0.22059668466465493,0.16251581112012478,-0.14840552180769384
ST,5246,-0.14364120772241076,0.20526099544196477,0.1593984857870111,-0.14995784430227596
ST,5247,-0.14081370185133707,0.23807413314332848,0.1833822037938426,-0.1524290930719498
ST,5248,-0.14377822188563266,0.2185046820048686,0.16959220213872897,-0.15251074952096105
ST,5249,-0.14022333470168818,0.25301029443267076,0.1889552359927286,-0.15439965970093314
ST,5250,-0.1393872681529047,0.27449794272143374,0.21087133051202228,-0.15738568593098554
ST,5251,-0.13909180769455812,0.28245621551955924,0.21422985692288657,-0.15839539408752334
ST,5252,-0.14123716364543307,0.26508035996819096,0.2016449404401734,-0.15794832597245054
ST,5253,-0.13573314275677872,0.32964784653100504,0.2457493725515789,-0.16281658413754074
ST,5254,-0.13600347083685582,0.3374248701655634,0.2549971843803965,-0.16466272551566058
ST,5255,-0.1376971064126504,0.3184861891788676,0.23864066423592784,-0.16340496987791725
ST,5256,-0.14067674708356412,0.16880066422916923,0.1322564966648272,-0.13993137813907472
ST,5257,-0.14309705821883614,0.1694846843087937,0.1327203792299619,-0.14266004271551638
ST,5258,-0.14230630001683503,0.18425392202017132,0.13992608765426648,-0.1442832674815182
ST,5259,-0.1415401604247502,0.19822094202753324,0.15033140204500034,-0.14605113058467895
ST,5260,-0.14068753415015697,0.2157728000375811,0.16315636124634317,-0.14803857003438178
ST,5261,-0.14763227120567377,0.17347056460694837,0.13943889600227602,-0.14879750432083816
ST,5262,-0.14452895161805318,0.20395331057723393,0.1598633184366529,-0.15065133587195512
ST,5263,-0.1385211663559915,0.2621473977297836,0.19808142684988425,-0.15385933834036278
ST,5264,-0.13749277127689638,0.280390360819111,0.20993025347764976,-0.15580342524782487
ST,5265,-0.13651234671683787,0.29525013001537675,0.2169405666588201,-0.1572120200349696
ST,5266,-0.1431944327073156,0.23717039149261746,0.18014117869724833,-0.1550880877189087
ST,5267,-0.13634499085920893,0.32157427184658316,0.2434244423777866,-0.161919223858515
ST,5268,-0.13508598710244102,0.3438424372239673,0.25999418507382677,-0.16442797204579632
ST,5269,-0.14261698312545837,0.16622771264964162,0.0954004984859957,-0.11327575933542476
ST,5270,-0.13825161684070808,0.19525235401452629,0.11375141106980857,-0.11149208189034945
ST,5271,-0.13534003580712164,0.22155492161786958,0.13590511396956875,-0.11182021170779288
ST,5272,-0.1353366941965438,0.23582635074716454,0.14342718426728093,-0.11706621669886609
ST,5273,-0.13499851901110554,0.25516574541246845,0.15591942693414262,-0.1199189847576321
ST,5274,-0.13423139093757122,0.27302742166943045,0.1726438256075992,-0.12282323804754725
ST,5275,-0.1336234708401322,0.2890184681106192,0.1816043718420615,-0.1259212133253369
ST,5276,-0.1324005928519938,0.3123550779267527,0.20039325941579428,-0.12817812357520308
ST,5277,-0.1347880083054479,0.3028095765840857,0.19039813716572382,-0.13133780951907637
ST,5278,-0.1356007691069375,0.3106392980272629,0.20371990539248544,-0.13435176200119223
ST,5279,-0.13189398733965815,0.3483201700386139,0.22429166963748456,-0.13651929777744148
ST,5280,-0.12796798860379205,0.39069895111559017,0.24812926524422224,-0.1388502912662946
ST,5281,-0.13052588364365733,0.3726687396820917,0.23807954992361768,-0.14109792835172277
ST,5282,-0.07967401037229382,0.4848042561127182,0.13532182366094642,-0.08081841818043894
ST,5283,-0.06653925738467666,0.5813387345430826,0.185852632144414,-0.07973987123241359
ST,5284,-0.12259810067891219,0.42274824523707794,0.10899559760692383,0.0714983340912097
ST,5285,-0.11683213126639258,0.4643691668214149,0.14903883332105972,0.08003896575228678
ST,5286,-0.11995952451644647,0.48355017864285516,0.15206876337652656,0.04360648452537599
ST,5287,-0.10125230143136352,0.6118186048033295,0.2377408723267295,0.09179514371584382
ST,5288,-0.1031903993309072,0.6417341629085639,0.26172406577139756,0.07470476163192005
ST,5289,-0.10683966289651708,0.6430373308094581,0.255642433045145,0.04443849026798299
ST,5290,-0.09871732451458397,0.7319618527079342,0.33012990764807443,0.05250831147370702
ST,5291,-0.0963885414953401,0.7832181175356551,0.37332784882830466,0.04524398878826373
ST,5292,-0.09094688708073907,0.8552518273238321,0.4317698733841166,0.04054169039504709
ST,5293,-0.1180906075233767,0.4234038262052479,0.10222041680609857,0.09084212976374573
ST,5294,-0.12415339654335657,0.42984643997964855,0.11958815810650777,0.053360850891470274
ST,5295,-0.1144405466461058,0.494754357429588,0.16593456797089484,0.07287852774182449
ST,5296,-0.10684021217474672,0.5683139465240028,0.2159845231202167,0.0855882315353456
ST,5297,-0.09590322619487651,0.6745760299830864,0.2887615061170024,0.10552118225220031
ST,5298,-0.10361402479366227,0.6609081126288731,0.28129181345715015,0.06520760711731617
ST,5299,-0.10266260167446147,0.696154969584164,0.31415324433285,0.05225316846191364
ST,5300,-0.09611129147185465,0.7813144842745438,0.3791692673916125,0.05393734141958788
ST,5301,-0.09624601305039057,0.797239558266059,0.39103271440092685,0.034852508079567836
ST,5302,-0.1217481171985224,0.510574421731797,0.19512644366291712,0.025266411848822383
ST,5303,-0.11966949082015525,0.5411418377003074,0.21986456851188466,0.023759399949961926
ST,5304,-0.10795430666598427,0.6359647194310165,0.29200506324104625,0.04153129516342964
ST,5305,-0.10972720642128392,0.6345927082363992,0.3024103331830373,0.021286302170842937
ST,5306,-0.11185136765251147,0.6429171237169556,0.2921503356550888,0.006502686384570612
ST,5307,-0.11147103655088499,0.6642569762563921,0.32406214505668235,1.4644185733889926e-4
ST,5308,-0.11277653636515668,0.6483494343307121,0.2939969525655232,-0.017187336845034443
ST,5311,-0.11084346070523816,0.7113981033022038,0.3448701556922984,-0.03096198915636859
ST,5312,-0.1092067230366428,0.7249561944900266,0.3505495606754305,-0.03874630210278997
ST,5313,-0.10772838680747854,0.7505499619623451,0.37201579965920667,-0.04369645948240904
ST,5314,-0.09141006302235807,0.956312595181405,0.5290031742125835,-0.038581628980601
ST,5315,-0.10246218775759747,0.7095468087062407,0.10533471777070365,0.19152875418685794
ST,5316,-0.08285031081931485,0.8472459991509217,0.21246292431417696,0.2224057095731763
ST,5317,-0.0869131301456,0.8489881683809591,0.22707636552858235,0.17190197907545954
ST,5318,-0.08849263656480094,0.8975501027741604,0.26354682194432116,0.1630239172198208
ST,5319,-0.07826203278170496,0.9788280775997277,0.3157364688799768,0.16041784563056052
ST,5320,-0.0637460393047212,1.1009533345031175,0.38204439706534216,0.16485298398772277
ST,5323,-0.0652272390916599,1.191069400727246,0.44435352939613304,0.11597779787764446
ST,5324,-0.04947430374529055,1.3769082069993626,0.6014946126125829,0.12849030765762673
ST,5325,-0.0658353999232216,1.2498573187926745,0.5276373884306332,0.0892434971614954
ST,5326,-0.05497752903633212,1.3496763855085838,0.5894747327459736,0.08135557688500453
ST,5327,-0.09956304981178744,0.2997303179760379,-0.3181878454094014,0.44935066198072043
ST,5328,-0.09207799843548067,0.4971896930036109,-0.1791236544633709,0.3902748455115357
ST,5329,-0.08460971286201324,0.4578987932166897,-0.14736902196343074,0.4296422072088965
ST,5330,-0.08460914377246619,0.6365042992726215,-0.06597906723437863,0.3582008834540593
ST,5331,-0.07943973162958015,0.6800788873550961,-0.007044989215176544,0.3595244738249029
ST,5332,-0.061916646292038836,0.7943403026965643,0.054785019826219326,0.3823154055750348
ST,5335,-0.05678825782190507,1.0612103742506886,0.23175315433808535,0.2963794198114796
ST,5336,-0.05006982544743632,1.1494286907403555,0.3126852280859657,0.29006939525375564
ST,5337,-0.0485889711488133,1.2164905607514476,0.36333928500625207,0.26222714160893773
ST,5338,-0.054667029895143646,1.215681208698764,0.3981695730558121,0.2224994758494809
ST,5339,-0.11521656786673316,-0.23453358748260936,-0.4573012623654633,0.016490392902216978
ST,5340,-0.11257445530921452,-0.2302397840379935,-0.44303582156142707,0.017693114229586564
ST,5341,-0.1093373019854922,-0.09050339028907273,-0.35210574822955754,-0.004196534408641455
ST,5342,-0.11329859208638401,0.02446084211543562,-0.24774488703427636,-0.032818420482804055
ST,5343,-0.10655238243344363,0.03249364944287322,-0.2542147346167673,-0.024369630583605608
ST,5344,-0.10294453915771798,0.1655843338145589,-0.17623685866609914,-0.04536323814734847
ST,5345,-0.0948761950367085,0.16035835204030877,-0.18037363261768743,-0.035714270804198325
ST,5348,-0.08194817408560788,0.33878163591080934,-0.06032270749960206,-0.05227460469289846
ST,5349,-0.07929602278156833,0.39372445584198434,-0.013240913172228115,-0.06023077387974782
ST,5350,-0.08677474302963648,0.4359150709174971,0.034971640073851264,-0.07871252937491846
ST,5351,-0.06731865232156015,0.5165542807242426,0.1031721899508956,-0.06939005634517728
ST,5352,-0.16017628889669305,0.08290759438686987,0.10480956208052002,-0.15048924516855905
ST,5353,-0.16004670429251236,0.0846415190484755,0.10594757230220271,-0.15069926385952734
ST,5354,-0.1594159124177875,0.09048355324011374,0.10906181736452163,-0.1510351726600375
ST,5355,-0.15893772233009268,0.09591123200943877,0.1136096960126969,-0.1515498807733085
ST,5356,-0.15832519391148642,0.10318943041563557,0.11759612546680201,-0.1521140863806504
ST,5357,-0.15950922256395156,0.0929384455506556,0.11237835656524037,-0.15177769002958671
ST,5358,-0.15923706861408424,0.09605578035383604,0.11433871904057764,-0.15206025987644747
ST,5359,-0.15883472482787434,0.10089623993145899,0.11755768841162759,-0.15249637567130286
ST,5360,-0.15782850704683668,0.10891067118302235,0.12002400479631922,-0.15271343817058294
ST,5363,-0.1602443055084733,0.0803587145031375,0.10214460103893297,-0.15001130094493081
ST,5364,-0.16033737001434162,0.08075179369990323,0.10314880901831337,-0.15026356703699276
ST,5365,-0.15979827006192854,0.08563812475657487,0.10561813497945007,-0.15053732984527612
ST,5366,-0.159245351082989,0.0922256295518012,0.11104192684526751,-0.15115908844792866
ST,5367,-0.15853806767001963,0.09926386032237224,0.11425723490409344,-0.1515711032975345
ST,5368,-0.1599114759699673,0.08843959108448875,0.10967213943305354,-0.15137994911523878
ST,5369,-0.1598074570271664,0.09063643482933884,0.11175906687025448,-0.15171735740183073
ST,5370,-0.15944776164704144,0.0946316192897045,0.11415990392041368,-0.15204832589720013
ST,5371,-0.15861460654977177,0.10170183156785378,0.1167797891513357,-0.15232087135862488
ST,5375,-0.14769307314674257,0.1633290029943014,0.11298951571561539,-0.14809464679653755
ST,5376,-0.152438637064296,0.13943978839046942,0.11738734452883863,-0.1500537632829095
ST,5377,-0.15215671639324121,0.1430078504603961,0.11922419295606891,-0.15043966300896583
ST,5378,-0.14917666327267035,0.17217483111351645,0.1411270551306912,-0.15244352171366402
ST,5379,-0.14952680625959242,0.17259406554126017,0.14097678698844954,-0.1529073397677163
ST,5380,-0.15221711803175114,0.15216258786682713,0.13160767110745,-0.15261460341871239
ST,5381,-0.15239097135387566,0.1532482407339089,0.1340228723980392,-0.15315685454430195
ST,5382,-0.1514449329667962,0.16125687172986455,0.13686978453285034,-0.15349859158843326
ST,5383,-0.149397415195144,0.18059531008044227,0.14658149585344984,-0.15453090633421296
ST,5385,-0.10740725018753802,0.2114293365572538,-0.08896363292540205,-0.08627196522289764
ST,5386,-0.11248564472406902,0.18804571757254457,-0.06597566001176597,-0.09006138429532119
ST,5387,-0.11249935121644665,0.20203092011040713,-0.04239729512415766,-0.09370730948965095
ST,5388,-0.10938648772469757,0.23208226639938512,-0.019253600855297603,-0.0968413265014885
ST,5389,-0.10359961907169622,0.27681331034333084,0.0016809300432890071,-0.09742316931660275
ST,5390,-0.11108252858064135,0.3025582562048143,0.03422422008892975,-0.11090232404311215
ST,5391,-0.105830017608014,0.3581830019502888,0.04999677351991509,-0.11433208555904638
ST,5392,-0.10344598344069317,0.39505268774962515,0.06455979740531052,-0.11795183509448177
ST,5393,-0.10479508744650044,0.4038142548261911,0.08816265507549863,-0.12176654735270315
ST,5398,-0.019255362728636143,0.672428858940121,-0.06759369004597882,-0.059021459335638224
ST,5399,-0.011109569143018312,0.8160335439951308,-0.041243803762307484,-0.06689015193092933
ST,5400,-0.15911349697427965,0.08427792472626743,0.10169982026685179,-0.14913190961794937
ST,5401,-0.15934671712769535,0.08479463022300518,0.10165382502329173,-0.14945010429884711
ST,5402,-0.16014127093786937,0.07940221410975905,0.09999327319005975,-0.14955890847892878
ST,5403,-0.1595850461140193,0.08973422259649552,0.10889945665445544,-0.15108002995759073
ST,5404,-0.1593332772317658,0.0923393570854655,0.11024381988993551,-0.1512916697867444
ST,5405,-0.15874328949239494,0.09881737309579577,0.11430050439652453,-0.15179444199214664
ST,5406,-0.15783594891918507,0.10730805226776946,0.11826653987524292,-0.15223969770234777
ST,5407,-0.1589171379726123,0.10045748691020394,0.11733292594427544,-0.15245428437392575
ST,5408,-0.1578189262257071,0.10987322928575832,0.12112973493401304,-0.15281656201136107
ST,5410,-0.12389080609518695,0.30542839414341033,0.16025526181775995,-0.13924980035818052
ST,5411,-0.1252687425722936,0.31050857197384923,0.1668903427367264,-0.14218593600951235
ST,5412,-0.12318070645466737,0.34161546900789824,0.19010885802735839,-0.14515617758328148
ST,5413,-0.12143599969289273,0.3640834088207317,0.20081384670222416,-0.14724866949067797
ST,5414,-0.12397059202836254,0.36169759173581223,0.2107358779696421,-0.15029991353885438
ST,5415,-0.12375534040248141,0.3763225637675155,0.22242049378361045,-0.15274096557971711
ST,5416,-0.11978103064555348,0.42326063166236527,0.2544488046764353,-0.15643222377780758
ST,5417,-0.11917851833361136,0.4311744619493754,0.2506217370285273,-0.15705940620136044
ST,5418,-0.11829925619717017,0.4437026586313235,0.25504319429077216,-0.1584001367013025
ST,5419,-0.11778448795173174,0.47157887791764097,0.28726376968910644,-0.16319975674479076
ST,5420,-0.11837149889196814,0.47571791032260397,0.2936087817786246,-0.16502937720776956
ST,5421,-0.10045717578881722,0.35674057878035326,0.0563834471631303,-0.08087873789258339
ST,5422,-0.09919383880201016,0.39692170044486114,0.0800427175172239,-0.08959993277260263
ST,5423,-0.10192363735852063,0.4269528721451754,0.09727576520565762,-0.09819242857946375
ST,5424,-0.10246379136431236,0.43949274831383073,0.12858356606529078,-0.1027360792986617
ST,5425,-0.1005825745946986,0.4747835457497243,0.13293178244015974,-0.10834238339655032
ST,5426,-0.09577043986223448,0.5200790050962937,0.14864632122745206,-0.11074424198810748
ST,5427,-0.09619123466098985,0.5407344171678491,0.1804519561976971,-0.115004763742513
ST,5428,-0.09805151693089692,0.5420975479791286,0.17749800360017393,-0.11929948274933946
ST,5429,-0.09570962857511249,0.5754186389930284,0.20947708444684746,-0.1234027078508279
ST,5430,-0.09093738197794435,0.6186576695920468,0.2266270388812856,-0.12598542962633189
ST,5431,-0.09581957735775888,0.6087708487082314,0.25467890270957794,-0.1323320384869404
ST,5432,-0.1019123124868985,0.30335839715750934,0.00928100033261755,-0.07205006082428951
ST,5433,-0.10449831004337305,0.33061137263704143,0.04026802753626804,-0.08357474573748985
ST,5434,-0.09872141552959471,0.38044811451830995,0.06926750992536215,-0.08364426374179373
ST,5435,-0.09667357030781086,0.42127374177368115,0.09627050361414026,-0.0901993172609054
ST,5436,-0.10629395431942766,0.4137615069995212,0.10616804980037124,-0.10362563361921048
ST,5437,-0.09765626758006868,0.4824428672971402,0.11446408531799748,-0.10542048684281233
ST,5438,-0.11474248658683643,0.4110289337573609,0.1286118864719727,-0.11575423644644973
ST,5439,-0.10418204857705698,0.4842825658145922,0.1509571181329586,-0.11580331994278817
ST,5440,-0.09573000264770029,0.5497894815193883,0.18088804580483375,-0.11759896397048133
ST,5441,-0.08653196804691686,0.6191430668068147,0.19900729257046368,-0.11900055927405494
ST,5442,-0.09740354512644041,0.5758943493242303,0.22846382873620544,-0.1272858207800826
ST,5443,0.055959213045822076,0.8751951475804399,-0.2849945458460727,0.08859369255978995
ST,5444,0.07452416188439319,1.1362196102690525,-0.21570241323363423,0.06970861381000813
ST,5445,0.02794533327277832,0.9830737557253011,-0.10188497687756068,0.024923669369442514
ST,5446,0.029042345934940567,1.0335626835234608,-0.03439340154072986,0.015265280235731557
ST,5447,-0.1144572919618463,0.19181004265588794,0.017783472642641147,-0.0514259241289776
ST,5448,-0.11557518317184626,0.330569753942777,0.13059015351757322,-0.08659512550726096
ST,5449,-0.09717143618884053,0.48302537204503304,0.18712121244793078,-0.08950180109678961
ST,5450,-0.0989117461919819,0.5012067386183952,0.18431669149817473,-0.09816092338260192
ST,5451,-0.10513805485267903,0.479791879933688,0.17013110106593526,-0.10694712374639719
ST,5452,-0.0815042835209221,0.6569208083472922,0.2634555767077742,-0.10319098469774717
ST,5453,-0.0710049752079658,0.7921834459839007,0.3885349430650632,-0.1081697862150646
ST,5454,-0.07148320173001908,0.8038996616039992,0.3812176957218269,-0.11529438882974975
ST,5455,-0.12327184741981975,0.06976172213537975,-0.07029070924305361,-0.04030937553898061
ST,5456,-0.12094169559422228,0.11411888691576731,-0.03973907396889705,-0.04676796259395124
ST,5457,-0.12269660691466439,0.13912298372760606,-0.004395109534154124,-0.057909885129104166
ST,5458,-0.11812238289488568,0.21387046393127634,0.022258690034720703,-0.06527179374190833
ST,5459,-0.11861395558974608,0.23823008416025224,0.051411206220396286,-0.07205659342531535
ST,5460,-0.10775190421025066,0.3325500606416764,0.06737673814095925,-0.07716904232311406
ST,5461,-0.11065730641889725,0.3452001596400212,0.09465903573915824,-0.08366666623557248
ST,5462,-0.11135420797022731,0.37161396221707305,0.11463461122803024,-0.09038174849692251
ST,5463,-0.10345982006672012,0.43799310303884115,0.12648551856390056,-0.09375274174630607
ST,5464,-0.08497109582890566,0.5621243894545733,0.19411687438956268,-0.08743719224324244
ST,5465,-0.10256422767670144,0.49151820952753605,0.19681902489992106,-0.10244591091608946
ST,5466,-0.08472048141449122,0.6287717983861367,0.25879084938596564,-0.10174403489915274
ST,5467,-0.0629188416707675,-0.09249806462118151,-0.40667700109945687,0.14694599155923893
ST,5468,-0.06518453404441792,0.08212131209057504,-0.2945148669108114,0.10926490175758206
ST,5469,-0.06986211270183693,0.24790357770918123,-0.17646952817853437,0.05314914456291196
ST,5478,-0.1563287956674312,0.10741588954233015,0.11387223249822545,-0.14985236948572087
ST,5479,-0.15525777046854933,0.11824422839158648,0.11900356880830486,-0.1504697316989425
ST,5480,-0.1540782347437716,0.12999430023857617,0.1287478038635005,-0.1514119035178932
ST,5481,-0.15559736725114903,0.12027437541572336,0.12347062330154142,-0.1514705940125457
ST,5482,-0.15549064139436258,0.1235942209860189,0.12627622412626768,-0.15199763468557037
ST,5483,-0.15578502486745444,0.12200507727755079,0.12518073189836332,-0.15210763740718458
ST,5485,-0.13788876591256666,0.24137223461237958,0.16412170206184137,-0.1451964766395757
ST,5486,-0.13675448775934254,0.2599646652517361,0.18114202622396425,-0.14741858240302583
ST,5487,-0.13489054212035695,0.2810407764046465,0.19420503859296384,-0.14929634224356486
ST,5488,-0.13360140329485895,0.3028162755445268,0.20841691686409883,-0.15145839055814125
ST,5489,-0.13710363303613526,0.2816422253188754,0.19712636472431963,-0.15230788305944024
ST,5490,-0.13615676117188316,0.2810225759786597,0.17907942672250715,-0.15100503672020008
ST,5491,-0.1316239646918913,0.31920286835920547,0.19411523257278604,-0.1521609219309507
ST,5492,-0.13076242864394072,0.33385392263686026,0.2043373901311304,-0.1537949330195943
ST,5493,-0.13263003507289442,0.32625672354912727,0.20565549604467528,-0.15506251669972596
ST,5494,-0.12465540474847925,0.3992973319295704,0.24114288662854033,-0.15815639769049067
ST,5495,-0.1247937435744495,0.41483054560961646,0.26079948897962935,-0.16135224522314706
ST,5496,-0.12244379174585333,0.44428961089657243,0.2793794297755656,-0.1638620165685599
ST,5497,-0.1393798089187401,0.21562184282870955,0.14809363921835686,-0.14217442043707282
ST,5498,-0.13829958198654868,0.23237348532754695,0.16007605201702255,-0.1440608525129327
ST,5499,-0.13744547093353376,0.24644664199618577,0.16993530013627312,-0.14596336412811503
ST,5500,-0.133929129962434,0.2851624863930179,0.1963645772544466,-0.14842182167785795
ST,5501,-0.1361980285792959,0.27557107994400076,0.18990645062653214,-0.14974659458791315
ST,5502,-0.13710210758946295,0.26435548829550837,0.16766716708809437,-0.1488505231177932
ST,5503,-0.14361013721480737,0.22054345435990097,0.1504410725837883,-0.1494129116468024
ST,5504,-0.13543209128849254,0.2840084938501788,0.17350549212201163,-0.15040822499663994
ST,5505,-0.13576857970787715,0.28733792879912495,0.17836882197154588,-0.15167001487136458
ST,5506,-0.12216420068947881,0.4102396864205487,0.24151862013351916,-0.15650200972770073
ST,5507,-0.11849097357118411,0.4741066500800402,0.29857744364099537,-0.16346721642708303
ST,5508,-0.117697838198058,0.48857818238079354,0.30708129424309305,-0.16526456409998605
ST,5509,-0.12038958140838,0.2657674708841089,0.09038257999785211,-0.11717830397925592
ST,5510,-0.1199048901084653,0.2884198078411404,0.11051687394913409,-0.1212097744416114
ST,5511,-0.11835025918902613,0.3112265419514581,0.13510761177034414,-0.12468788392837288
ST,5512,-0.10910475655807121,0.38198412137573357,0.17493749538550288,-0.1256006184795362
ST,5513,-0.11837842226364689,0.35536771324957706,0.1636690495504611,-0.13273700460744292
ST,5514,-0.09097817707444802,0.5172026139614375,0.14354225502201887,-0.12635949885216413
ST,5515,-0.08956255555525944,0.5403421604650092,0.15805320273495366,-0.12897447276859306
ST,5516,-0.0781858973536531,0.6189654680310621,0.16805139995714705,-0.12847857730731566
ST,5517,-0.0807414544129192,0.620158823679753,0.18543885695048545,-0.13250730807785466
ST,5518,-0.06976155245631878,0.7243421581602717,0.2533319073276952,-0.13789817601141666
ST,5519,-0.06991706387501574,0.7702197640031646,0.321017718356185,-0.14695604724503902
ST,5520,-0.06116353306206253,0.8456154630198011,0.3474534547873857,-0.14980563233851285
ST,5521,-0.037495832589981154,0.65136753888788,0.12619849707835626,-0.06687613632741779
ST,5522,-0.014815085380368229,0.8245365620090588,0.17581868922519764,-0.06812682036839106
ST,5523,-0.04068157297644013,0.7488804115354789,0.21189633145911743,-0.0907840848625258
ST,5524,-0.15487899004361494,0.13205759829563393,0.13085330349306878,-0.15094678754069973
ST,5525,-0.15282004404997482,0.15350757863776665,0.14530557732338623,-0.15232774305197289
ST,5526,-0.15169221438812122,0.1674104254711274,0.1557060165234575,-0.15358358000910988
ST,5527,-0.15019222794421067,0.18720284583597646,0.1696748117777819,-0.15524841569407832
ST,5528,-0.14949690592191395,0.19593764823042478,0.17459070608688237,-0.15602188954253046
ST,5529,-0.1565735585748702,0.12381817959643593,0.1278154615802986,-0.1521502735691205
ST,5530,-0.1570558001676955,0.12067315503963137,0.12688200643895375,-0.1522863257623514
ST,5531,-0.15489603345389266,0.14158710788036855,0.13764915274820994,-0.15333908830448834
ST,5532,-0.1566960647939286,0.1264553138901154,0.13121126511590403,-0.1530649203387137
ST,5533,-0.14934322013885687,0.19812204042247655,0.16819543441740628,-0.15653212839809952
ST,5534,-0.14784020028387937,0.22420419061947394,0.189734278147935,-0.15936623620368554
ST,5535,-0.15179114490348367,0.18670497886517873,0.17104443170426045,-0.15786833357899538
ST,5536,-0.14210569014965754,0.24305458727546453,0.1768178587770819,-0.15258888745186955
ST,5537,-0.1338297201710181,0.322637115468412,0.2284705862701403,-0.1567203175339774
ST,5538,-0.1372631655007583,0.29780654866678297,0.21664120041198048,-0.15698031168597898
ST,5539,-0.13208663594924064,0.3586682762786589,0.2586645423321397,-0.16136398838548022
ST,5540,-0.13075522961944383,0.38178031221896863,0.2774429416006371,-0.16403883376242206
ST,5541,-0.13351096656339684,0.34838348359675797,0.2467359729489598,-0.16161223491659768
ST,5542,-0.13563457961740713,0.329137759861359,0.23351257242380996,-0.16095714116390436
ST,5543,-0.13604087148256827,0.3283281730896738,0.23315476209180708,-0.1614718429805035
ST,5544,-0.14043266600357637,0.29054809291353534,0.21539413425246565,-0.1605854196587615
ST,5545,-0.12621919639525306,0.44569438527716276,0.30869660160523466,-0.17026842234117662
ST,5546,-0.136103026234384,0.3431690247865577,0.24853262852259592,-0.16485255016502204
ST,5547,-0.12949251990397317,0.42638327957642613,0.30413661909828066,-0.1714073416992262
ST,5548,-0.13661555279832957,0.2809431305735121,0.199555379533552,-0.15226366849014822
ST,5549,-0.13614028627545072,0.29713896701246056,0.21759534527410218,-0.15484623874605355
ST,5550,-0.13599308997976003,0.3039120004250453,0.2222767729684305,-0.1562043264178661
ST,5551,-0.12887372280814882,0.3807336178028524,0.27342345577824884,-0.16101281086138808
ST,5552,-0.12874693724074338,0.39155163443374225,0.2826694377051166,-0.16297863164068474
ST,5553,-0.1274953172292727,0.39216079423817135,0.2653001122173015,-0.16146253855446532
ST,5554,-0.1329030490353311,0.3410082162082701,0.23104746652790134,-0.15921277918655108
ST,5555,-0.1384949713526366,0.29806067602504055,0.21308901843011405,-0.15881315171094332
ST,5556,-0.13851535555827899,0.29835155500194016,0.21165520446059177,-0.1590856478595568
ST,5557,-0.12333214228232255,0.46495714039220487,0.31498710196698426,-0.16963451974729707
ST,5558,-0.12655415707638273,0.444694333186254,0.3098480140529689,-0.17032924091433382
ST,5559,-0.15723774827153514,0.006412227478571092,0.10173208156824685,-0.1376680191854346
ST,5560,-0.11513622975014164,0.36932523753740687,0.19429896499892413,-0.13074845127708137
ST,5561,-0.1124078295475872,0.40490148382418156,0.23367267051326032,-0.13488959585247248
ST,5562,-0.09802789924580423,0.528061655541023,0.3078264939777705,-0.13806704688074042
ST,5563,-0.10701489600564568,0.48936521237524083,0.2881212342036415,-0.14316853160608062
ST,5564,-0.09245077581140895,0.5945988927564706,0.3061283933887134,-0.14344364765409984
ST,5565,-0.10180628313399129,0.539634491616791,0.27565541237342284,-0.1458119112851427
ST,5566,-0.10181060612297324,0.5499016108730808,0.2766067677281407,-0.1477990662582168
ST,5567,-0.1047880753123702,0.5367682076490332,0.2704505853954907,-0.14972148967174362
ST,5568,-0.08292860364314218,0.7469060199360601,0.3948779728785391,-0.159225847986711
ST,5569,-0.09969298197086952,0.6238474004953579,0.34348715754294507,-0.15955645036799151
ST,5570,-0.08600258951969046,0.7702286984873303,0.43300223425086376,-0.16829709454667752
ST,5571,3.5589728103282113e-4,1.1405175422634783,0.4291609798790396,-0.10886443601723284
ST,5572,0.016982232517180743,1.3017582196423072,0.5176150127781733,-0.11626607805424
ST,5573,-0.02838017565516453,1.0580795991984973,0.45939324076791543,-0.13332759065909391
ST,5574,-0.14011711022035517,-0.023500943255786933,0.08619783635028755,-0.1201385244050873
ST,5575,-0.13835035188449563,-0.02080262947980657,0.08666879977252444,-0.11993231135425148
ST,5576,-0.13890424329514459,-0.026025511157548736,0.09257732888225696,-0.11875017487192664
ST,5578,-0.14192297701782355,-0.023123714906068606,0.09669879786583269,-0.12162764399335878
ST,5579,-0.14343937517333044,-0.020778957629193965,0.09777580172354879,-0.1234341928736275
ST,5581,-0.1284987212601244,-0.036685813456605994,0.08256216639862607,-0.10929489607989033
ST,5582,-0.1250454598815177,-0.04111349151501893,0.08674304609727486,-0.10568425894978387
ST,5583,-0.12530516543953713,-0.04258547586663842,0.09153535354874758,-0.1055765072831254
ST,5585,-0.1287939509555868,-0.038765906585509886,0.09805056169060726,-0.10902641271991041
ST,5586,-0.13092502775509238,-0.03617190815505216,0.10065660986114344,-0.11133691892285923
ST,5588,-0.08701396990349448,-0.08529301442720973,0.08030529882104988,-0.0685889284027928
ST,5589,-0.08868263360187036,-0.07966920204041389,0.08507973199028275,-0.07118077227520361
ST,5590,-0.14267823927538667,0.26228307041850807,0.127683460026502,-0.10202623015386231
ST,5591,-0.13895449750370278,0.28822624743655606,0.1280607452612504,-0.10062189280788011
ST,5592,-0.14899188753575462,0.23627444902305292,0.13592959272090951,-0.10550142406482654
ST,5593,-0.1513048100100569,0.22035069813211858,0.1375171616217538,-0.10967337686738513
ST,5594,-0.1474557400827914,0.2407932099301017,0.13823049234946436,-0.11065944462581158
ST,5595,-0.15031104502720585,0.22564646256363396,0.14238323266136715,-0.11335975124191518
ST,5596,-0.1524751800804196,0.21852333744125607,0.15008186293505066,-0.11500236175372991
ST,5597,-0.147062459556386,0.2537331034272349,0.15133337459649226,-0.11314464521521424
ST,5598,-0.14800471147799835,0.25046584595737525,0.15437772033876346,-0.11457614976422545
ST,5599,-0.14958309389088476,0.23944194261199844,0.1544112843125583,-0.1170769207329287
ST,5600,-0.14811279550753773,0.2512426098698275,0.15976804174189607,-0.11809672354211735
ST,5601,-0.14451055553855027,0.27198734376849365,0.1601232817265489,-0.11836497928573729
ST,5602,-0.1459784162174108,0.26693733528597907,0.1666918426769494,-0.1203467879828817
ST,5603,-0.1361150420531549,0.24179299166286977,0.12786710845293892,-0.1454760964176834
ST,5604,-0.12287553984024559,0.32083369125006034,0.127649693042241,-0.1424667316192983
ST,5605,-0.14558350145180685,0.19375591005067597,0.13288501090538785,-0.1491685008136831
ST,5606,-0.1462686435999317,0.19108539345528006,0.13447583267312868,-0.14983917668439853
ST,5607,-0.14114903673820636,0.22296478749699203,0.1369328821923957,-0.14914954744770043
ST,5608,-0.14405643222277803,0.2096475947956443,0.14185095712338008,-0.15071499332070493
ST,5609,-0.1444854151801777,0.21291037937218482,0.1480728278293141,-0.15189017150617454
ST,5610,-0.13954910263933473,0.2481827997115457,0.15544561506042387,-0.1519012890674907
ST,5611,-0.14341394131730503,0.22614530178189757,0.15582469457218123,-0.15311097312579322
ST,5612,-0.14544039222479463,0.2138346384066957,0.15518201537380927,-0.15372831115753427
ST,5613,-0.14347899525640112,0.2297639541178635,0.16060519567510959,-0.15422718987399286
ST,5614,-0.1349626225079155,0.2846729704866086,0.16562624808105067,-0.153173282584759
ST,5615,-0.14222701110937808,0.24445118621741002,0.16970597937929768,-0.15558331823451535
ST,5616,-0.10861926975900262,0.41799433632689703,0.15317247276402274,-0.13961322486405084
ST,5617,-0.08739833001295531,0.5476791214439523,0.1584285878430434,-0.13535225253596872
ST,5618,-0.12436926425318844,0.3415242850653411,0.1629892028169148,-0.14625749551716458
ST,5619,-0.13024065971730733,0.30658715315026897,0.1587362743903979,-0.1479592389587794
ST,5620,-0.12035420813105888,0.37120231959844313,0.1692275124766876,-0.14717742300988484
ST,5621,-0.1247318422106362,0.38163743019658375,0.22573513545528712,-0.15533072341571214
ST,5622,-0.11865172033197752,0.4284979481663686,0.23267822249137168,-0.1554822756302826
ST,5623,-0.12013515544975455,0.39949343576424773,0.19725752786104786,-0.15210183292763052
ST,5624,-0.1202558720331068,0.40273717661038017,0.20113125959420108,-0.15309150137659414
ST,5625,-0.12576136734020907,0.369624348836835,0.19967929865803707,-0.15464993076776307
ST,5626,-0.1250094384163997,0.3831251503094672,0.21146753718185785,-0.15644238849185588
ST,5627,-0.09657032570391937,0.5660548113775051,0.22867119103047967,-0.15258382516357435
ST,5628,-0.11415726159104439,0.4622465575433376,0.22957163273015732,-0.15714828377654072
ST,5629,-0.001499195474375237,1.146042518478528,0.16730874827361192,-0.05920384552294494
ST,5630,0.10302794156201915,1.7328698826244353,0.14916494264676172,-0.029443191003387
ST,5646,-0.10591562245151401,-0.047985735231064,0.09536584660778803,-0.08220436490002142
ST,5647,-0.12255120528227764,-0.019487824623113846,0.09785675634227319,-0.10421019820131507
ST,5648,-0.11429417287924509,-0.03537202679803188,0.10790699296556433,-0.09287133964390369
ST,5649,-0.13075291694023344,-0.014902253178327789,0.10783594882944209,-0.11193377498520218
ST,5650,-0.1261276240079806,-0.02044710092434165,0.11353262115450717,-0.10691229754872218
ST,5651,-0.12952702478275155,-0.01754537322923763,0.11628646376401673,-0.11043777343032334
ST,5654,-0.10489492212665218,0.5612726020825876,0.28960511283982016,-0.16309865060446432
ST,5655,-0.10921204991052424,0.5548342365151504,0.3145885650252617,-0.1681283160155832
ST,5656,-0.09155210107680405,0.7234593667928834,0.4016501336169835,-0.1765047536387482
ST,5657,-0.09765437372533524,0.6760415799587355,0.3809050039829949,-0.17602672738612823
ST,5658,-0.1069541112189763,0.5925628422599587,0.34099128728072375,-0.17325959768217472
ST,5659,-0.10692819978506589,-0.05586853696850314,0.0989551582742516,0.10937189027282337
ST,5660,-0.12179376919378308,-0.01988173646592259,0.1058740137734719,0.024197145953963415
ST,5661,-0.1269736434374746,-0.01977440699417175,0.11137167669725548,0.011838678588266106
ST,5662,-0.1340804317671807,-0.007312496002890228,0.11169119160278704,-0.02350036760611085
ST,5663,-0.136067384861781,-0.008041134679624019,0.11555467254936272,-0.027202770146379708
ST,5666,-0.10727126310416607,0.7053653197138452,0.33010006120608026,-0.05806826981140328
ST,5667,-0.11631449194821795,0.6411576756143658,0.31368184374213104,-0.06786342195989921
ST,5668,-0.09688698031244951,0.837563491618608,0.42095569970444946,-0.062358223101646765
ST,5669,-0.10548972577162931,0.7554000347774676,0.37522393387255354,-0.07115908020991778
ST,5670,-0.10673322469609298,0.748001523742178,0.38401383658644506,-0.07840128756589347
ST,5671,-0.08109732142100341,-0.09054601717214629,0.06404064219861677,-0.06464378286845666
ST,5672,-0.09359914912372265,-0.07426884575386783,0.07298337524162092,-0.07893428192036364
ST,5673,-0.10838642197957843,-0.05088887405559051,0.07821410038394097,-0.09760022356457367
ST,5674,-0.10504386303813845,-0.059267201447847785,0.08424627653266124,-0.09195647732846553
ST,5675,-0.11217482330352495,-0.04368580212921158,0.08469442175574321,-0.1022526007627632
ST,5676,-0.11203972742350242,-0.04599650781689393,0.08952838846375914,-0.10106969698885043
ST,5678,0.09224481065103404,-0.2390003497857518,0.04726589274457374,0.32778052593994783
ST,5679,-0.1422996914133666,-0.012488818324137365,0.09939260596948259,-0.12792121738734974
ST,5680,-0.1441453621219044,-0.01688009924848365,0.10289312131955779,-0.12906115533410395
ST,5681,-0.14496931179048703,-0.013403859281728854,0.10357730083404466,-0.12962219722677634
ST,5682,-0.14258779932734458,-0.02039481152579884,0.10344140999030062,-0.1282899007546637
ST,5683,-0.14306946890105054,-0.01249555704827405,0.10533979820166053,-0.1283062436912619
ST,5685,-0.08062552248573769,-0.08628922834876145,0.08960169562327429,-0.06681052645500536
ST,5686,-0.10259893214974138,-0.05738427494466772,0.09222785189767752,-0.09159417258655833
ST,5687,-0.10427359062839102,-0.05164353458337162,0.09382957510468885,-0.09601829376377417
ST,5688,-0.11032329177333661,-0.048951493083227555,0.0986561572071191,-0.10035228783207409
ST,5689,-0.11613576709503401,-0.045318384001927545,0.1014389720904986,-0.10598128107810358
ST,5690,-0.11559615585669042,-0.04344633582394406,0.10400530709856838,-0.10548333739277219
ST,5692,-0.012654539388893557,-0.1398964948008614,0.09987601163143621,-0.00814318512792879
ST,5693,-0.13870688713516272,-0.016987721162761475,0.0895636936433356,-0.12160059098850888
ST,5694,-0.14659782865368745,-0.01140690620531749,0.09014675937927301,-0.12897629755635426
ST,5695,-0.1450142973647155,-0.015284958427454656,0.09454029036656351,-0.12675334670237895
ST,5696,-0.14928608169094587,-0.008555487641335294,0.09151201699455969,-0.13186760439482964
ST,5697,-0.150653489978619,-0.006715883477194074,0.09090930168931106,-0.13365090803137072
ST,5698,-0.15161425105017345,-0.005790629596581876,0.0915756064892585,-0.13441734920837614
ST,5700,-0.1423106180487603,0.2012995191460326,0.17257687255264778,-0.15477214165911019
ST,5702,-0.14480913071551627,0.1796205810660712,0.1610019459125734,-0.15406582999849364
ST,5703,-0.1446126489451486,0.18351738364162143,0.16641877251397907,-0.15490063177422447
ST,5704,-0.09464174191631207,-0.06361438502457073,0.07845935255061502,-0.08102067376233194
ST,5705,-0.10702969708170967,-0.060720272159857834,0.0880764488436874,-0.09065304929625681
ST,5706,-0.10379162999813883,-0.06355353187259728,0.09340418965516503,-0.08803447900039467
ST,5707,-0.10904993424531605,-0.05823031934861067,0.0975975053113559,-0.09311744391514896
ST,5708,-0.11933651511179089,-0.04041890420271415,0.09500279342194616,-0.10637705546823784
ST,5709,-0.11943873333438,-0.043854304694276036,0.10103899333269466,-0.10493159639530814
ST,5711,-0.10238958334295954,0.44003215258975215,0.2694281903386368,-0.15379297589795582
ST,5713,-0.10536445783495518,0.42695319354486155,0.26415763113140234,-0.1552214528107688
ST,5714,-0.11241025507893398,0.3656469557660732,0.23843460198603406,-0.15374265170168636
ST,5715,-0.05280462001963136,-0.11110973287971923,0.0788564381578931,-0.04030704808798243
ST,5723,-0.12834634733894984,-0.03589906256200352,0.09527730414963247,-0.11031451163105789
ST,5724,-0.12967286189056215,-0.03410385234235614,0.0977945800995533,-0.11203549692493453
ST,5725,-0.1335897901103032,-0.029781063235335133,0.09963240484958903,-0.11635464137116473
ST,5726,-0.13984101215452002,-0.019666789426605918,0.09610666415050485,-0.12395160987973045
ST,5727,-0.1416843304339882,-0.016770857319362214,0.09600853154555541,-0.12630022482847786
ST,5728,-0.14303842851552645,-0.015998398333173562,0.0966746019775065,-0.12757490743805341
ST,5729,-0.1404083190420461,-0.01803068558164086,0.09995478785681204,-0.1251481584970485
ST,5730,-0.14236541770195246,-0.016863873247976103,0.10149084762540102,-0.12660712063932847
ST,5731,-0.1442661939684514,-0.014456087285292202,0.10065986408849724,-0.12872886086633845
ST,5732,-0.14417209889368204,-0.015170477846397454,0.10149790492752786,-0.12889592561753144
ST,5734,-0.09935645986747858,-0.06875802157426442,0.07369803467640407,-0.0824412942030457
ST,5735,-0.10286927604874559,-0.06318691085713232,0.07926092415417492,-0.08687545317053634
ST,5736,-0.10038691343632043,-0.0669935585721688,0.08533525736167649,-0.08439137473386342
ST,5737,-0.11161355090143364,-0.055155624382957624,0.08975605175932883,-0.09582459930878856
ST,5738,-0.12164081388866795,-0.03966082175871964,0.09001980636598098,-0.10797684075879038
ST,5739,-0.11568454795781916,-0.047554021331404864,0.0958977861814083,-0.10108037822129005
ST,5740,-0.10641813631667016,-0.06517775266082382,0.10921080977696229,-0.08895749294427066
ST,5741,-0.12150310550870727,-0.039582781181600454,0.09986414327368064,-0.10798321206696146
ST,5742,-0.11466197535870766,-0.054076173606763756,0.114285734557177,-0.09801904651350533
ST,5743,-0.12559749347587193,-0.03534260209080607,0.10430197627662866,-0.11215982258848976
ST,5745,-0.03632507007684592,-0.14443280666576652,0.032340211032024335,-0.0076323614204399145
ST,5746,-0.030449708370032764,-0.15448584582921107,0.04223816728572076,5.113132192093804e-4
ST,5747,-0.032418271513932874,-0.14950444376275904,0.054820334644874805,-0.004242688609179736
ST,5748,-0.06167464498497782,-0.10675021013411475,0.0682003176309829,-0.042962920893132944
ST,5749,-0.0575359501902498,-0.1198891545306161,0.0795988681699813,-0.03425341448884705
ST,5750,-0.056324578400482585,-0.12157193919226093,0.08929746279179059,-0.03230744009173202
ST,5751,-0.052542661114186644,-0.13032874733066696,0.1022890518690809,-0.026478394500416225
ST,5752,-0.05665712470409387,-0.13005383490395,0.1147863587625263,-0.028924738070207654
ST,5753,-0.060239583799213896,-0.11453897981127252,0.11694125700962534,-0.03800832656536923
ST,5754,-0.07287356219300929,-0.0993609583602822,0.11986060302822182,-0.053783352719689884
ST,5757,-0.08687495328015132,-0.0832051853041872,0.13052966777399458,-0.07237637324635394
ST,5758,0.08160596307378423,-0.262457685562232,-0.10757767477371753,0.11211556531516038
ST,5759,0.10107043139666468,-0.2984959113783832,-0.1038861902206222,0.14120619555136266
ST,5760,0.07476382363422752,-0.26505740579033676,-0.06143186829284923,0.10568304368778723
ST,5761,0.060808986515825995,-0.2516692809929611,-0.03365221465727241,0.09099519862726027
ST,5762,0.020578195589531664,-0.1907939737887337,0.0046694548092057414,0.03526876576879145
ST,5763,0.052122550981783373,-0.245922906797636,0.010209944115328308,0.08272184580201848
ST,5764,0.04896726082495599,-0.24157947784369332,0.03137550247573025,0.0773762896795214
ST,5765,0.053581252922154904,-0.2520444114634595,0.052323417729550396,0.0863534349850712
ST,5766,0.04298676628349673,-0.23308949164675252,0.07159144916376944,0.07065223963682439
ST,5767,0.004547929044898879,-0.1792948055355419,0.08256939199211473,0.01815677409797584
ST,5770,-0.014150460032591674,-0.1641932403642507,0.11645216396076176,-0.006721725938462348
ST,5771,0.43158154942974036,-0.5542825361943483,-0.270102622951547,0.43618923591493697
ST,5772,-0.12749978374671012,-0.03528413085797545,0.09631264789871666,-0.11023346207602062
ST,5773,-0.12450901586368267,-0.04486410225512501,0.10472370683840748,-0.10560169350616419
ST,5774,-0.13121934872385016,-0.029171139001362253,0.09909022385953027,-0.1150599553872962
ST,5775,-0.1378635230102595,-0.022167120137638618,0.09616358327672973,-0.12281949157318772
ST,5776,-0.13919058975565085,-0.02071198445407739,0.09870909908513253,-0.12344855083805015
ST,5778,-0.12715061900217695,-0.03727805742910039,0.09339970760981157,-0.10927466646748069
ST,5779,-0.12377462846311224,-0.04562745693940646,0.10007285855946803,-0.10502657081199886
ST,5780,-0.13141304652297486,-0.03128596620709642,0.0965480962558539,-0.11477137353745959
ST,5781,-0.1364781668922358,-0.021748765425008046,0.09448737759063094,-0.12110767387603384
ST,5783,-0.10128232343219704,-0.07209114833944458,0.08596912086602232,-0.08326627660644978
ST,5784,-0.10109088133845498,-0.07070517982829903,0.09110880299236691,-0.08434159387505978
ST,5785,-0.107677234117666,-0.06179672717229843,0.0951353672248664,-0.09116962137376643
ST,5786,-0.11044284550329057,-0.059859275549769976,0.10003487760557764,-0.09390305351653377
ST,5787,-0.11174375605093496,-0.05930956275153079,0.10479996907683688,-0.09490268509296539
ST,5789,-0.08004682816226319,-0.09225307894601115,0.06882563790351187,-0.0638167739986103
ST,5790,-0.0796296441323138,-0.09261939562856873,0.07650160286654269,-0.0641342330103632
ST,5791,-0.0830017634321483,-0.08841087287482126,0.08353835319024427,-0.06761916967555581
ST,5792,-0.10977050780793733,-0.051801641090000926,0.08555843014582522,-0.09824536256205735
ST,5793,-0.10939546921788446,-0.05385218077133831,0.09071117893405024,-0.09695842258966268
ST,5795,0.22951358717606768,-0.25859206769143317,-0.016556745823411975,0.184872594441183
ST,5796,0.2188844619625913,-0.23224720461974793,0.020472489607822483,0.1686141527538056
ST,5797,-0.13510022047626166,0.266398648889268,0.15307049026993597,-0.15036711850189696
ST,5798,-0.13923355705908602,0.25052542078288764,0.16291070978160369,-0.1530585984698095
ST,5799,-0.1345850790172615,0.2975285850358648,0.1953922042707795,-0.15623003116992593
ST,5800,-0.14216952090839338,0.2414958580252276,0.16967050254026725,-0.1554986388897086
ST,5801,-0.13881900950386367,0.27174743639515414,0.18557157730930798,-0.15702774588009305
ST,5802,-0.14154509805296306,0.25362098092100926,0.18045144416574724,-0.15735259085289832
ST,5803,-0.14201244456017542,0.2506168121644064,0.1775518403156247,-0.1574714679891653
ST,5804,-0.14264371297468514,0.2502435108552747,0.18218608533557376,-0.1584593020717406
ST,5805,-0.14137063846129794,0.26255265722794024,0.18862499818180734,-0.15926471376242973
ST,5806,-0.14219334324744753,0.2597801020754829,0.1907444278056521,-0.16000729782490625
ST,5808,-0.09984293678386412,0.4548999368612677,0.13803377269396902,-0.13477683903170265
ST,5809,-0.11602001743641291,0.3824804684294002,0.15818468515152448,-0.14272134927175523
ST,5810,-0.10812901073825339,0.44769533832581193,0.20143729303112426,-0.1456777151400791
ST,5811,-0.11620579099906957,0.40782023830403785,0.19201658636083146,-0.1486006328913235
ST,5812,-0.11457035195645845,0.43099065962166205,0.21035667060211044,-0.15125929727799878
ST,5813,-0.11560257241609437,0.4323830865589996,0.21668974791332604,-0.15327488076115015
ST,5814,-0.11795765009553706,0.4236129953983959,0.21367218470614202,-0.15464013668090226
ST,5815,-0.11839714101853349,0.42523232960721463,0.21723510384056757,-0.1559249350731849
ST,5816,-0.11735019219519288,0.4459340201896497,0.2391291720560669,-0.1590282527145107
ST,5817,-0.11984034199000176,0.4345572499969584,0.23984679437871403,-0.16044785374595127
ST,5819,0.048760755290199534,-0.8443548832295492,-0.022042480181219907,0.047434787248062944
ST,5820,0.03880021336085415,-0.8547011510948993,-3.832434415878454e-4,0.04045870630287601
ST,5821,0.06419002030056252,-0.8919253056415667,-0.002384365063662382,0.060475925797162135
ST,5822,0.03461309942674886,-0.8486007423677261,0.030157419172101445,0.03538959713042202
ST,5823,0.033821733409472074,-0.8452525435427,0.04291541138945182,0.034435379269128305
ST,5824,0.022555671207700266,-0.8156043949219994,0.0588915246179061,0.02484368867009704
ST,5825,0.032956780801433,-0.8338356262157325,0.06602820791870077,0.03385645597423078
ST,5826,0.03161464568233335,-0.8107527829208045,0.07620264628472045,0.03161934992660307
ST,5827,0.023516647578965405,-0.7906595956862428,0.09057081465330141,0.02363693373844675
ST,5828,0.019702815025108674,-0.7907881125875759,0.10426649942713842,0.020849411543541082
ST,5831,0.25439236163155265,-1.1940543262590075,-0.07763900056635582,0.19816585381391
ST,5845,-0.09470273012497865,-0.061644571640382,0.08652841401143106,-0.08082446473053528
ST,5846,-0.10384624041212762,-0.060746521785972146,0.09309918669200899,-0.08824347320829191
ST,5847,-0.10373924408646307,-0.0557852530396717,0.09971341262390296,-0.08946974135351458
ST,5848,-0.10966358946759805,-0.04894376691536387,0.10069198771082839,-0.09589885290233104
ST,5849,-0.11716367758886997,-0.018519259474778414,0.1032099292350914,-0.10787833838145211
ST,5850,-0.11781631041526805,-0.033266277162852825,0.10543253310118668,-0.10566214451973703
ST,5851,-0.11401180213751412,-0.036158781158616905,0.11015310733309037,-0.10237416429626668
ST,5852,-0.12368298809268147,-0.024306454198562387,0.1055003140740554,-0.1128371175988988
ST,5853,-0.12988274983595557,-0.01667452969489719,0.1079892168886904,-0.11870444754164122
ST,5854,-0.12975104452545194,-0.016470786594647988,0.10963442670171282,-0.11884511051691264
ST,5856,-0.10003514319161459,-0.06943592465492875,0.08103064443377302,-0.08279467231956462
ST,5857,-0.10053003882081256,-0.06894471697639926,0.08682252285677194,-0.08357708873269692
ST,5858,-0.09927858886445676,-0.06786305307330089,0.09180454725284681,-0.08356709987196982
ST,5859,-0.10964310668940624,-0.05559249570322701,0.09485964702191657,-0.09443846883761689
ST,5860,-0.11500070638115412,-0.04500221902049374,0.09512887484288635,-0.10179771011359987
ST,5861,-0.11485079484682127,-0.044329991770072116,0.09860459773032208,-0.1016010926967045
ST,5862,-0.11408624545172151,-0.04623868656076063,0.10372623936425313,-0.10072970263317318
ST,5863,-0.1241317581403015,-0.03245361926060866,0.09823017494058393,-0.11265266759713839
ST,5864,-0.12425200007622003,-0.03729266477371196,0.1064146795960017,-0.110631075605043
ST,5865,-0.12920973930722504,-0.0328233336121947,0.1029441134076804,-0.11687767280738268
ST,5867,0.04635587286261279,-0.8160824082707184,-0.022124371010810523,0.07195222082065099
ST,5868,0.0445268912278949,-0.8004663696518466,-0.008464432097171385,0.06876895706101883
ST,5869,0.05631034977831873,-0.8654079753522219,0.005528217979438629,0.08099962379590597
ST,5870,0.018142530131249217,-0.46839797593455224,-0.01661775549693994,0.042929151061820055
ST,5871,0.016865087181813558,-0.43161316254755944,0.00639930936560981,0.03612956984130608
ST,5872,0.012652117989171204,-0.5429174753637568,0.04284374613856802,0.032359898654081176
ST,5873,0.030985422590499127,-0.7366161123320195,0.06689634937382187,0.0505039641588596
ST,5874,0.02971828410106738,-0.7457325297654949,0.08055769115496603,0.05052317337546631
ST,5875,0.017052787321392746,-0.6587208064709983,0.09673140871470783,0.034737804150882026
ST,5876,0.004395145185098244,-0.303694595070838,0.11465809360370209,0.007631610357984866
ST,5879,-0.0067849169774244055,0.12560711840907082,0.2014713812558456,-0.031501514923562166
ST,5880,0.19171604538121473,-0.28669513204465313,-0.19520364704480198,0.19148392166355377
ST,5881,0.48094919224124694,-0.24532773698178148,-0.12670402389723823,0.06481137490148142
ST,5882,0.43672447100212214,-0.2221088591740103,-0.08902596417700989,0.04706886245730764
ST,5883,0.3283697941250448,-0.1819749087662224,-0.03771163549893193,0.006552892731763874
ST,5884,0.43267215637561585,-0.2250039003280624,-0.04135696010229448,0.04048671018253205
ST,5885,0.38257649703424007,-0.20093367003444462,-0.012075568579912434,0.023155773696721896
ST,5886,0.2841915701127911,-0.1642868293240036,0.02061738251745762,-0.010489613002924494
ST,5887,0.42969618125549514,-0.2257136730677507,0.031897142039438844,0.03152490725253176
ST,5888,0.3656699472175941,-0.19995767395991867,0.05665466541406726,0.009042624970334003
ST,5889,0.3943778980464812,-0.2071960935801686,0.07581085343726725,0.017748677337999258
ST,5890,0.36230584623043804,-0.19782122404699684,0.09960290473125472,0.004689456188330647
ST,5891,0.29382258194083893,-0.17008215335288623,0.10933793738418453,-0.015431970091557943
ST,5892,0.29413600829770864,-0.17019747435918783,0.12572009257926436,-0.016278920044996065
ST,5893,0.2677181709349778,-0.16160513127354442,0.13616290770114378,-0.024345540167928226
ST,5894,0.4343900339816921,-0.2180037622793046,-0.12693200872681903,0.04960628912819899
ST,5895,0.36351421451352206,-0.1922941928641992,-0.07919214352517032,0.01995143006053832
ST,5896,0.40106169114227275,-0.2070361534864863,-0.0712293480707296,0.03234058279256423
ST,5897,0.4400979279960734,-0.2265338769037789,-0.057162655320612404,0.04152909203720947
ST,5898,0.3540719169229172,-0.1946048638181559,-0.016218318099797135,0.010095972464292526
ST,5899,0.4044034326719184,-0.21322852020880584,-0.0038576190479487236,0.02533147403729957
ST,5900,0.42885753126476545,-0.22046871654992747,0.015075964833809088,0.031679059260775855
ST,5901,0.41089739545774834,-0.21432655760074093,0.03998729402127457,0.023371256927718496
ST,5902,0.3996602775729347,-0.20952836462852928,0.06384489543406621,0.017595985229791195
ST,5903,0.34990170373135293,-0.1905855625771368,0.08506259637812354,6.294701880294063e-4
ST,5904,0.3351042506838013,-0.18514512623855287,0.10397401172669585,-0.004710159412686937
ST,5905,0.30410345895413693,-0.1738191449432512,0.11939414945972086,-0.015615784325405026
ST,5906,0.3039405108461353,-0.17314709402210537,0.13594493454989107,-0.016106141958352888
ST,5907,0.6199100142935337,-0.28389390966191624,-0.2160553381813955,0.10217198007829983
ST,5908,0.7020264785958502,-0.3094239512497974,-0.2182249491837501,0.1302134959133333
ST,5909,0.8636389599136279,-0.3860962680320313,-0.23595474887287746,0.1767646998136494
ST,5910,0.7202479639198915,-0.3232974503293412,-0.1588822703544823,0.12863766993330178
ST,5911,0.6659378131093815,-0.30566775609485364,-0.11148613516622041,0.1065070836257841
ST,5912,0.7291613731375942,-0.332044997028124,-0.09061054925168205,0.12298615208257294
ST,5913,0.5532764776597093,-0.25655122370668415,-0.037724389209548945,0.07003226640572197
ST,5914,0.7046383921393248,-0.3235676213384509,-0.017203800934970457,0.10753348907785498
ST,5915,0.6786651117808815,-0.3083156172717662,0.013947223025915763,0.09981546540880615
ST,5916,0.6736672244965207,-0.30548761763348564,0.04825826153559929,0.09523330509039635
ST,5917,0.6603823182258998,-0.3025639089292921,0.08340505339054695,0.08791738845822335
ST,5918,0.5456415231875634,-0.2651936979619294,0.1044962360506724,0.052782863244941636
ST,5919,0.6131826334948755,-0.29026847442356807,0.14620385326003857,0.06725543165464946
ST,5920,2.242676880195259,-0.8885475807630824,-0.9475583880272683,0.6697003965134954
ST,5921,2.3646327426673333,-0.704833909768697,-0.9545754509374559,0.7837921047595888
ST,5922,-0.0960164438372905,-0.07208570346702646,0.10548642651230589,-0.07947089266758671
ST,5923,-0.10376044134363134,-0.06806106716084949,0.11241526470049146,-0.08683409975520569
ST,5924,-0.11688726708291278,-0.04407727889051087,0.1061776109095605,-0.10370360352265012
ST,5925,-0.10673299913581348,-0.06445366889849291,0.12170280673506573,-0.09023659588383097
ST,5926,-0.11961074497230909,-0.04627345104238582,0.11615696415236157,-0.10489346470569313
ST,5927,-0.11802137805956942,-0.04542445241457383,0.11852871925908878,-0.10398222208219055
ST,5928,-0.1121656312262864,-0.058228696987762715,0.13312146735140654,-0.09605390890388081
ST,5930,-0.0966475548645847,-0.07453635962428645,0.10513696556991017,-0.0790660491832
ST,5931,-0.10947097370634319,-0.05888893307319579,0.10724788077197993,-0.09371413652378908
ST,5932,-0.10984172135913889,-0.06021623196428023,0.11295987376345208,-0.09355782451887562
ST,5933,-0.10885893671225198,-0.05928856920607907,0.11696386437375235,-0.09334076273767458
ST,5934,-0.11525002430302375,-0.05110702898024197,0.11722581747849276,-0.10028918626689522
ST,5935,-0.11921297725024643,-0.045607562550793186,0.11778026174585397,-0.1046713624857351
ST,5936,-0.11134791077055889,-0.058514397070330175,0.1316364482483326,-0.09535012215022445
ST,5938,-0.03125146579440294,-0.14739114503549003,0.1107265714858368,-0.01922070748950354
ST,5939,-0.009145511872825232,-0.14101172080882354,0.10882357985037054,-0.005405757551560715
ST,5940,-0.13276707643661528,-0.027848242611820083,0.10257692051907548,-0.11741153049137415
ST,5941,-0.12343224163948244,-0.04570087604764741,0.11648876000459207,-0.1051637580253678
ST,5944,-0.1343157031292596,-0.027232007785705847,0.11239779344540184,-0.11858393260462487
ST,5946,-0.1266709884550093,-0.03918437756392565,0.10763780648666525,-0.10947505736708164
ST,5947,-0.12567864573730528,-0.039399300601414534,0.11087772594050767,-0.10870644603261266
ST,5950,-0.13312733024978782,-0.030588133015655477,0.11441941314057662,-0.11661282019953881
ST,5952,-0.12466913047227789,-0.04122660981347561,0.10549970024686364,-0.10731394430376422
ST,5953,-0.12729536063194583,-0.03794182599722918,0.10740018109898467,-0.11021615178117229
ST,5956,-0.13258919659861082,-0.030291670184221874,0.11153833325161487,-0.11627642947763579
ST,5958,-0.13012266833325584,-0.02996212945443222,0.09817808823017582,-0.11488255966752167
ST,5959,-0.1275795795023373,-0.03860458955690266,0.10675139563027741,-0.11010590920352793
ST,5962,-0.13797602216638122,-0.01964789912576834,0.10164812858627793,-0.12355861017794378
ST,5964,0.08818652270309522,-0.09317335251152813,0.09382805646092907,-0.06836327510498487
ST,5965,0.04110828048870364,-0.07375217833665033,0.10009082800236686,-0.08725563629795931
ST,5966,0.435515534533089,-0.3411918523244424,0.10486427803171182,0.1913916744901057
ST,5967,0.5607923441124469,-0.3292463002317932,0.07908056190828278,0.26859673614491747
ST,5968,0.4826175145002154,-0.29741310773708585,0.11398344690902905,0.21701518329697464
ST,5969,-0.15001922522888286,-0.005773182426495981,0.08265295603832153,-0.1322797978843212
ST,5970,-0.1538962855660093,-0.002033087924379292,0.0828829057277099,-0.13655318488615492
ST,5971,-0.15194351974463022,-0.004075883712814843,0.08472442416090196,-0.1344433616058399
ST,5973,-0.14962466833589655,-0.006784446940970801,0.08326251047841468,-0.1316857696076278
ST,5974,-0.15269358303322503,-0.0033856435977759323,0.08365645901529974,-0.1351812377146609
ST,5975,-0.15054047233204845,-0.005309973083277247,0.08526741318398907,-0.13308622201523876
ST,5977,-0.12760874031349737,-0.029356546721581382,0.08699879406862271,-0.11195222324072689
ST,5978,-0.13551337059760757,-0.023034493809815135,0.0895506860650173,-0.12004541016856901
ST,5979,-0.13253754027729228,-0.029359052791099835,0.09491936682412469,-0.11582831701350216
ST,5981,-0.07439539122492886,-0.07476014889473623,0.08843744076356647,-0.06613084295091712
ST,5982,-0.022025467254529623,-0.06994696698134191,0.07120778552877667,-0.03092434006390064
ST,5983,0.2662593323797806,-0.15958451842103288,-0.00782445218608835,-9.528117252621271e-4
ST,5984,0.19629101295780466,-0.12911259894647242,0.020469189124108,-0.028890516369965293
ST,5985,0.2618387744831602,-0.16397588972051083,0.029374786707129705,-0.008533228184649175
ST,5986,0.2693294438712563,-0.16940033019652784,0.04669822771557923,-0.008152754146002665
ST,5987,0.27109599850929184,-0.1714612277538073,0.06473353463002043,-0.009216250796511935
ST,5988,0.26761890908578373,-0.17118037428295624,0.08372218508249515,-0.012323227557481213
ST,5989,0.23183272125669316,-0.15334163080905103,0.09687174828607177,-0.02527535642040382
ST,5990,0.28394067986079696,-0.17670352931786118,0.1204826919975819,-0.010542315450556498
ST,5991,0.27315507698751085,-0.16998200820365073,0.13584383527267918,-0.014865842645769844
ST,5992,0.21334424414138153,-0.14206343098546156,0.13784410180200696,-0.033811895590844555
ST,5993,0.23682695145645818,-0.15296380731966405,0.16256314488707643,-0.028548717942041557
ST,5994,0.23099942586010364,-0.15338770078448904,0.18138528245100113,-0.03340602950184211
ST,5995,0.1878581876347918,-0.1314988969232172,0.17513056937656235,-0.04534966454541817
ST,5996,0.23600300799475624,-0.14790085461717342,-0.014646539762960088,-0.01406177825054893
ST,5997,0.1950333738109641,-0.13180279980724086,0.010156175462462795,-0.03167290457543661
ST,5998,0.2529589740728985,-0.15705677247522748,0.014349817272618798,-0.01231906221443718
ST,5999,0.29169024253861536,-0.17406472136471693,0.026117908031168934,-3.4516520500534493e-4
ST,6000,0.16650925859104387,-0.12272517631761605,0.05375776724330659,-0.04543920501883238
ST,6001,0.2736790751353797,-0.17097651947424225,0.06654554334306277,-0.011098515141833309
ST,6002,0.26630312852776217,-0.16757580260957955,0.08418767503368264,-0.015360134689731282
ST,6003,0.2683319133588037,-0.1675084094506413,0.10137911869893906,-0.0164016368578661
ST,6004,0.23726848946772253,-0.15347195475812203,0.11453862142881255,-0.027340759974507647
ST,6005,0.2479244248898256,-0.15733860314330264,0.13344522441913617,-0.02528907228021059
ST,6006,0.1866887757386989,-0.13081957686882353,0.13486925285078588,-0.04443538390943687
ST,6007,0.23483928584557154,-0.15327453499187796,0.16721328271275962,-0.03318221590496844
ST,6008,0.2002794994383016,-0.13800732529617185,0.17043974827218739,-0.04395064494761972
ST,6009,0.75958524916708825,-0.3744585208416135,-0.18140682132643401,0.16693758800490605
ST,6010,0.7297543386361187,-0.3044728166871177,-0.16018502437032037,0.17052333189779026
ST,6011,0.3504358625014494,-0.1823429434618961,-0.10837717069635178,0.022167966358953933
ST,6012,0.2944079876756549,-0.1593441991021138,-0.06883074917231652,-6.988124517488603e-4
ST,6013,0.3732577161889459,-0.19592164696104256,-0.0737723695351745,0.02338651747466585
ST,6014,0.33253307755341954,-0.17616671265656178,-0.043659549334334406,0.008569664284859772
ST,6015,0.2721436733622499,-0.15638763273385978,-0.009825953283072312,-0.014685362134104037
ST,6016,0.34518377096696895,-0.18578124309335775,-0.004452150263217841,0.007532200393569412
ST,6017,0.3497969757552395,-0.18311070871954277,0.013815590414844842,0.00804181304501727
ST,6018,0.30461525364291325,-0.16687901626452514,0.03795192892716508,-0.00850048441806365
ST,6019,0.3713888055308123,-0.19400756736640237,0.059634639001096786,0.008158157944326243
ST,6020,0.33928216691240165,-0.17783981473804375,0.07794101480743143,-0.0016199519954550148
ST,6021,0.30037857736357293,-0.16186912631969713,0.09531431538306824,-0.014355870283339752
ST,6022,0.3414771274387953,-0.177627339993096,0.12102770092683131,-0.00518199497946324
ST,6023,0.3087363935130293,-0.16668059339378466,0.13793304282196125,-0.01684157222900437
ST,6024,0.34716647495975156,-0.18356198085635508,-0.12285068842786362,0.01849524297626303
ST,6025,0.32448459095857196,-0.17219267698954518,-0.09456237110199313,0.008311683697056708
ST,6026,0.3422087567994766,-0.18089657472232942,-0.08149781947255376,0.01202084040615359
ST,6027,0.350528898990292,-0.17839168637691352,-0.06622526615350403,0.014664632594557374
ST,6028,0.29040293405934414,-0.15634218863063537,-0.031166090946016967,-0.007432085496700488
ST,6029,0.29891712737714193,-0.16107911475011732,-0.014911163780853498,-0.006411660757897754
ST,6030,0.3418549535203576,-0.17967224139520094,-0.001566593698868498,0.004007077547423441
ST,6031,0.3310574257708576,-0.17407083574213952,0.019277685515237987,-0.0010346608497503044
ST,6032,0.29801726296758835,-0.15748803559002977,0.04064924915666491,-0.012205000634744109
ST,6033,0.36202583304223307,-0.1823905852127063,0.06060093051044976,0.00414617489138571
ST,6034,0.32993646624117917,-0.1681761074684923,0.07958634597687966,-0.006078719073702576
ST,6035,0.3016066385321484,-0.1600752816040133,0.09777403953153906,-0.01636420629655483
ST,6036,0.2904467818944889,-0.1554799941342939,0.11605384197085328,-0.021372442308856838
ST,6037,0.3368079409933837,-0.17695506481238465,-0.1350690875778787,0.012657048279650359
ST,6038,0.3276758386669612,-0.17104016590031418,-0.11196464022975965,0.007494669391803723
ST,6039,0.35079662064170536,-0.18153291697247992,-0.1015734816680709,0.012808132679903175
ST,6040,0.3130563644023684,-0.1632618860554032,-0.070736622527991,-1.9290297323642987e-4
ST,6041,0.3173413817352908,-0.1684895149946746,-0.052537359123246745,-0.0019086350722644794
ST,6042,0.34081732207720794,-0.17620654484257695,-0.03933649628172287,0.003983760597458185
ST,6043,0.3259737549404826,-0.1727924544941577,-0.015120142482170064,-0.003651732404118833
ST,6044,0.34527979723507146,-0.17775524194656966,0.0011036849563367866,6.776927211257096e-4
ST,6045,0.361036279566667,-0.18381153159450006,0.02243870134544604,0.002176905632885258
ST,6046,0.3009031403125427,-0.1583329925928295,0.04384982908807885,-0.015085679265404458
ST,6047,0.3426462409081004,-0.1720145670641439,0.06448140116774748,-0.005675229306875523
ST,6048,0.33443847380892616,-0.169657892827065,0.08508096914306248,-0.010049685841885616
ST,6049,0.2671535613593885,-0.14641833262390797,0.09814913103191791,-0.029535264004675623
ST,6050,1.5231984837665098,-0.5886937301868427,-0.7053729420045975,0.427471244618927
ST,6051,1.5992134536465947,-0.5108264587902085,-0.6956795694454699,0.48580721599315185
ST,6052,-0.1611755801080777,0.0036241737226389787,0.08319650264243002,-0.142557698751731
ST,6053,-0.16090382672884598,1.5212520134292519e-4,0.08383700249468153,-0.14227634433357578
ST,6055,-0.15350702733128982,-0.0026399056166271665,0.08467375957016804,-0.13631336626335533
ST,6056,-0.1533506405088775,-0.002809145549086786,0.08525826845460549,-0.13633997742297108
ST,6058,-0.1409196913368821,-0.01457593129478362,0.08906760582065151,-0.12503951258012147
ST,6059,-0.13113704713123026,-0.013739946808995963,0.086724533409231,-0.1183652151285395
ST,6060,-0.14352559590177938,-0.009787590924257543,0.08974098889637434,-0.1283898777036727
ST,6061,-0.15389781142657522,0.0017075341004348507,0.08419082807622581,-0.13617886246670996
ST,6062,-0.1580046681199406,0.010521062886947461,0.0855984492779335,-0.14097248525897435
ST,6063,-0.15578004412031085,0.004884867092996042,0.08617992696087347,-0.1383483751530186
ST,6065,-0.11896266365038216,-0.022942242774919328,0.06847697971778306,-0.10797570828460148
ST,6066,-0.13313289008892568,-0.01403851897068535,0.0773224302289096,-0.12045458108775672
ST,6067,-0.13444149569094938,-0.016359824829688407,0.07920580100033632,-0.12109516928301099
ST,6069,-0.09904544888100301,-0.0452683319464955,0.06904491672556674,-0.08924673277814624
ST,6070,-0.0680762036107314,-0.028577735256424007,0.055477918366652695,-0.07177760097371086
ST,6071,-0.0900675970994403,-0.060313653787561025,0.07623904524474773,-0.07918881377126265
ST,6072,-0.1059029578485538,-0.05011020655734579,0.084517229044796,-0.09429300420478605
ST,6073,-0.10909762299545643,-0.04897717320904839,0.08947658826949945,-0.09696334351366394
ST,6074,-0.10750861959970637,-0.055136080657595066,0.09655543833193267,-0.09399916063760727
ST,6075,-0.11034634051659409,-0.04943203796847009,0.09866432612965137,-0.09770987292015527
ST,6076,-0.11394974311693186,-0.042336621969208656,0.09926925635932088,-0.10236931332788292
ST,6077,-0.10875241328484768,-0.05311754311938406,0.10954740817507616,-0.09559219907647745
ST,6078,-0.09406321123411839,-0.06300539704068404,0.07737262356600713,-0.0810445845461976
ST,6079,-0.10659570106061236,-0.044149923269755274,0.08111019423256044,-0.09671107964611557
ST,6080,-0.1072987028202583,-0.05182904058540368,0.08882451829901175,-0.09473891844467532
ST,6081,-0.10831915329732872,-0.05101421029466438,0.09326954235361022,-0.09592438692963164
ST,6082,-0.10947008496604382,-0.047107002539764097,0.09565975699490031,-0.09786639120876224
ST,6083,-0.1144950949656715,-0.0387085067129918,0.09581510826781374,-0.10395702694067194
ST,6084,-0.1139306424389317,-0.04312989651650071,0.10241754423139683,-0.10246515228551985
ST,6085,-0.09384004962236468,-0.0611704584966364,0.07518986796825006,-0.08143536215254368
ST,6086,-0.10070464392052852,-0.0588428822108548,0.08308847358079545,-0.08776653803608274
ST,6087,-0.11344929971013169,-0.04563720211346772,0.08731854709339919,-0.10093293379369371
ST,6088,-0.10923912519890289,-0.05183133217819098,0.09290697794056407,-0.09616779523329186
ST,6089,-0.10814791357081471,-0.05727386266079335,0.10001697600216111,-0.09351727465625789
ST,6090,-0.11980520205733416,-0.03819428411570202,0.0964428040581208,-0.1076696509145135
ST,6091,0.08900746009475186,-0.2269942990832094,0.03667720832274897,0.08100039344593471
ST,6092,0.12888615973469753,-0.22660086257837972,0.034563216093016734,0.10935735984138137
ST,6093,0.35255045222220166,-0.18911748817024773,0.037694931769790586,0.008849880578683005
ST,6094,0.33031386464587054,-0.18198861873408867,0.057645239766366214,-1.0151890296752197e-5
ST,6095,0.35944621742634025,-0.19456648275584207,0.07988693159715415,0.006467750525342069
ST,6096,0.3220946981188027,-0.18121868154579032,0.0984204956028648,-0.006526705772922446
ST,6097,0.2820520012733749,-0.16374293420019342,0.10921886951638601,-0.018029148345764308
ST,6098,0.28266137521248524,-0.16496169186840165,0.12534546751696918,-0.018864915536921125
ST,6099,0.23071795882006293,-0.14954359760707828,0.13227248647246384,-0.03556826502483866
ST,6100,0.4342587783300735,-0.22676614643621615,0.0371339795518811,0.0325277341571034
ST,6101,0.31220071177055075,-0.17572417067889723,0.05751493274306158,-0.00537443523359236
ST,6102,0.38763783934913243,-0.2074409160961355,0.08340685352678559,0.01383028594617457
ST,6103,0.3917503964213494,-0.2103433603013583,0.10862797781982282,0.012361235902216411
ST,6104,0.2947837582640071,-0.17150916279485695,0.11467318161825635,-0.015981829326490928
ST,6105,0.2882504986519267,-0.1684294576262102,0.12945295182697317,-0.018681417834757744
ST,6106,0.25604759324470994,-0.15883208685054134,0.14200056756191393,-0.03018651018581869
ST,6107,0.02420880881327013,-0.2005616830077307,-0.0061152056390454,0.03657117953440508
ST,6108,-0.009065155095890726,-0.16511800344282912,0.025188676398756955,-4.3746818272297504e-4
ST,6109,0.012873219171908626,-0.200831026470583,0.032248090069602955,0.026935613936167765
ST,6110,0.008158630687028856,-0.1968460569575245,0.04967671935338919,0.021893507783616352
ST,6111,0.005432229732040588,-0.19765414170150175,0.06669248704310775,0.02053932988749808
ST,6112,-0.009705580207609902,-0.17568255082084064,0.08133984917508796,0.00283339893932232
ST,6113,0.0026852415064810555,-0.20263587212787365,0.10250841705629132,0.019915541386393978
ST,6114,0.002830147138888209,-0.1998702284018386,0.11797952852063283,0.0178799668908435
ST,6115,-0.0050786351265842316,-0.19396091081717307,0.13459744430391707,0.010613393095364913
ST,6116,-0.02082104958555559,-0.15959972863809466,0.1334108891335702,-0.011794715939008993
ST,6117,-0.03464731650702174,-0.14687419486635536,0.1421359405858499,-0.025309282892188527
ST,6118,-0.03704465193871712,-0.14181851907181658,0.14971501353572042,-0.029866135842015546
ST,6119,-0.02634407067024869,-0.15517228898891522,0.17142969602226127,-0.01825134631041295
ST,6120,0.011068653764863231,-0.19685005750189444,-0.010661899856847123,0.02652926003311389
ST,6121,0.022620968293339382,-0.21157826233907595,3.2828553578062813e-4,0.03773841539641106
ST,6122,0.010238416152862431,-0.19499136636189235,0.021437903351840572,0.023503021807818273
ST,6123,-0.007839175459809439,-0.17359061423936187,0.042299442968658174,0.0031591397188226295
ST,6124,0.005244299705966935,-0.19226362486923823,0.05427907481803275,0.018810080574354193
ST,6125,-0.0054434955127876305,-0.18299853334702387,0.07181279240900894,0.008645559797675942
ST,6126,-0.011665185492447392,-0.17638407766961,0.08726451555420575,0.0014117269216708103
ST,6127,0.003510438996881669,-0.19016106182923753,0.10221615403583148,0.015374554303033739
ST,6128,-0.002006996656710234,-0.18840534060096537,0.11980502031094427,0.011133400468628785
ST,6129,-0.017423117228862302,-0.1704735364316134,0.13048075322097472,-0.005353599838431257
ST,6130,-0.04181230215031472,-0.13058248090289967,0.12456535994728746,-0.03562596670941347
ST,6131,-0.03603873834274569,-0.1369593384278654,0.13807834239557798,-0.030444591513575106
ST,6132,-0.03569411839346766,-0.13014958040678165,0.14197204269588043,-0.03337746605104364
ST,6133,-0.006402576864276823,-0.1445679848857408,-0.08829049901666153,8.082416157847766e-4
ST,6134,0.014181577018038535,-0.18769365713064098,-0.10592043499105892,0.028539562496910188
ST,6135,0.005632761445932706,-0.18097933985731537,-0.08281626757243568,0.020202507425850186
ST,6136,-0.0096002114456118209,-0.1590980125165547,-0.052009095773454896,0.0016257878953105673
ST,6137,-0.03957755661197821,-0.12258953555139229,-0.012988127637758562,-0.031983739450715726
ST,6138,-0.015106670667322217,-0.14971264549654756,-0.020766584558642887,-0.005008527728157269
ST,6139,-0.012581444080807325,-0.16164329795156662,-0.009327350841481131,3.6183227639104127e-4
ST,6140,-0.011538521039880267,-0.16790323746777075,0.005131536883114384,0.0023069411153858518
ST,6141,-0.030252711366162546,-0.14395858479678242,0.02720683942707183,-0.01911191998180096
ST,6142,-0.03846847897454547,-0.121350784247875,0.039727764982534296,-0.03255155320795583
ST,6143,-0.04481668070820638,-0.12066640053937763,0.05361200271533205,-0.036822831670219824
ST,6144,-0.05503633290400039,-0.10658733855231939,0.06312598286567152,-0.04990974586919505
ST,6145,-0.05693837488080855,-0.10551940940120563,0.07251450225569415,-0.05200842365240071
ST,6146,0.451823024690001,-0.6342324814539008,-0.4156397145666992,0.4425139768310426
ST,6147,0.4774182472574169,-0.5257384750622713,-0.3645458143752484,0.4254872652526969
ST,6148,-0.1494715228159711,0.023151407480025074,0.09549876277786437,-0.1285399606253063
ST,6149,-0.14750184877610154,0.017741631449194765,0.09691531034817533,-0.12576050747998369
ST,6150,-0.14549154933054098,0.009501330078130374,0.09164349954413568,-0.12409781285467904
ST,6151,-0.15183317059639767,0.007298211945206656,0.09514852441930488,-0.12846419793301317
ST,6152,-0.1516918157532213,0.0101565698415911,0.09740918407859335,-0.12927023589092504
ST,6153,-0.15275806874063963,0.01100267024685084,0.09803652143788326,-0.13086360828939542
ST,6154,-0.15391078976674477,0.008375347370984835,0.09713275101132426,-0.13196304872705877
ST,6155,-0.1519871731634899,0.03275832213936344,0.11133530553189142,-0.1332872301594522
ST,6156,-0.1505987347947456,0.07243673524834812,0.12609509028980467,-0.13811128516057838
ST,6157,-0.15577940615250457,0.004241929751054401,0.0986114024177208,-0.1333856576044229
ST,6158,-0.15626389537043417,0.005470858278650167,0.09772729268858428,-0.1345170939619062
ST,6159,-0.15623258182987607,0.00283134471093032,0.09966308107326492,-0.13390317397362686
ST,6160,-0.15571305840123506,0.004947794537638326,0.10066737736613612,-0.13414077713993902
ST,6161,-0.15931676240132311,0.005560131255239634,0.09584216428413037,-0.13638787110870282
ST,6175,-0.05567637067831119,0.10474954401043678,0.058159193001540495,-0.07830962646840237
ST,6176,-0.0372265616970047,0.09116181933294279,0.049231964987008756,-0.06564014915457195
ST,6177,-0.12177533017890799,0.07841164562702518,0.10306742063678873,-0.12096688230037846
ST,6180,-0.12045267442582464,0.3348342858600609,0.12345420443822877,-0.14133526868221188
ST,6181,-0.13611098480622147,0.25130470266827976,0.131752212591632,-0.14669946807239587
ST,6182,-0.14561090147458944,0.1989238888136333,0.13678170476761764,-0.1499875748278106
ST,6183,-0.11798277237908901,0.36177442530167675,0.13742911022165924,-0.1436172888852206
ST,6184,-0.11099193878289583,0.4120359644262095,0.15101116217757246,-0.14394388200610442
ST,6185,-0.12860543117699458,0.30288655712276735,0.14038196679528034,-0.14724479953074743
ST,6186,-0.12891646695977244,0.3071969328705265,0.14858888391905378,-0.14867465034568267
ST,6187,-0.13543047578384163,0.2812739920968513,0.16612091161952086,-0.1527783263065792
ST,6188,-0.1321084744263561,0.2980861190440355,0.16105495935600064,-0.15161713642373417
ST,6230,-0.07913650288270448,-0.07951490299184608,0.07735316664533874,0.030562230064031876
ST,6231,-0.08775193176387718,-0.08105590857844645,0.088005673772147,0.023079545916993245
ST,6232,-0.09543017870673039,-0.06839370667575716,0.09273329922038889,-0.003111599248454246
ST,6233,-0.08877266371430424,-0.08470474141484191,0.10457642246583751,0.021666782737464876
ST,6234,-0.09114754158237998,-0.0690839323914717,0.10705637613982799,-0.0012781621775751208
ST,6235,-0.09427222275024395,-0.07162154110206385,0.11464170084955883,-0.005355389657765423
ST,6236,-0.08599998706162848,-0.08428871680118473,0.12903032156433697,0.020853056579769356
ST,6237,-0.09009132091026688,-0.0785332585479988,0.1313553512062306,0.00860325480070964
ST,6238,-0.09227111740813576,-0.08149861189932033,0.1451920752122338,0.014005021886836092
ST,6239,-0.09377017457759716,-0.07992880286374976,0.15072796877607397,0.007793283096283575
ST,6240,-0.09438083772275306,-0.07464484004227126,0.15734586255989944,0.002474691893840142
ST,6241,-0.10040001718495724,-0.06610379637425545,0.15218550999153246,-0.01742466495859441
ST,6242,-0.11477152128721867,-0.03759188451663337,0.12753388304968188,-0.06683405873333
ST,6243,-0.08671523650998555,-0.07793474847549714,0.06768838599804006,0.02209261057368877
ST,6244,-0.10267869046232843,-0.05596994437061112,0.07592686047824751,-0.020428309764033745
ST,6245,-0.0872763375732888,-0.08445998896158408,0.08382847360738918,0.026414825166118733
ST,6246,-0.09094160367361644,-0.07727561741799704,0.09026308072356379,0.012590988498842923
ST,6247,-0.08752466350204499,-0.07543123142889849,0.09692031452414604,0.010943893361541382
ST,6248,-0.0832829064511041,-0.07823315973996212,0.10627926798086872,0.019131305164382138
ST,6249,-0.08677119982238157,-0.07973873034886253,0.11421358051931879,0.016774557673706867
ST,6250,-0.09141361959339431,-0.07992780799570968,0.12093526398642714,0.010676988160244474
ST,6251,-0.09768014899315233,-0.06815942333419438,0.12256567925155379,-0.007949034889286328
ST,6252,-0.09370971248321616,-0.07386631859795656,0.13406362803640737,0.0023636486135131516
ST,6253,-0.09816462115065681,-0.06167499353342431,0.13545858695640936,-0.014962322331847673
ST,6254,-0.1024017997294025,-0.06358324418862803,0.13652440097234805,-0.023695935385771805
ST,6255,-0.11056148062929246,-0.04595610451893492,0.1268969724584417,-0.05305826466071693
ST,6256,-0.07120991388188457,-0.09564324946546937,0.041614451684507676,0.058921616182591126
ST,6257,-0.08844200766718019,-0.07212315613907905,0.05589262110100204,0.012110477506685317
ST,6258,-0.07457042250120337,-0.09517803086425031,0.06010122814225598,0.0518720720591672
ST,6259,-0.07781111735850352,-0.08666385899865436,0.06894025917152391,0.0378827741052852
ST,6260,-0.08332672250805895,-0.08188738630774689,0.07834381248115924,0.0251766302968807
ST,6261,-0.06885973543769984,-0.1035231454724083,0.08788948767739756,0.06401518879051968
ST,6262,-0.08311703375426097,-0.07654206875809058,0.09159912993468425,0.018113252932506034
ST,6263,-0.08068297552298055,-0.09077418754274726,0.10258986003757757,0.03564672365452022
ST,6264,-0.09949728163959243,-0.055801017263600254,0.09752463769577079,-0.025951345479627914
ST,6265,-0.08558682344860036,-0.0824469257951992,0.11657499730268507,0.020278809709865793
ST,6266,-0.08779087511345889,-0.07743166060947203,0.1248993465250004,0.013596440150785163
ST,6267,-0.09362454435021758,-0.07604269514317188,0.12981660090065136,0.002427199825790921
ST,6268,-0.08786180888284725,-0.0829182333363519,0.14655091180420204,0.019907720217475933
ST,6269,-0.0604286302819889,-0.09305107483923236,0.015818121005519627,0.0693504778123965
ST,6270,-0.07078669149385083,-0.09607856484910733,0.030152658194567118,0.06359581252868327
ST,6271,-0.07522966499148388,-0.09209941785189635,0.041002887978154066,0.04956801081034475
ST,6272,-0.06869091498232593,-0.10288644447870225,0.04782495572870494,0.07032064531774859
ST,6273,-0.08156136109940941,-0.0805951720818997,0.05943833951527039,0.026583367401867786
ST,6274,-0.07250678134822792,-0.09558951004000905,0.0668182363970566,0.05282798383150938
ST,6275,-0.08876143433965383,-0.06637487560960093,0.0745217833402597,0.002051706305877393
ST,6276,-0.07844509908185708,-0.09478302428211438,0.08539617715024321,0.04594285753575375
ST,6277,-0.09291582700217456,-0.06759047478256201,0.08976656336097834,3.0747369121094916e-4
ST,6278,-0.09454205774808037,-0.07107089217469423,0.09730693090413758,-0.0012638782225492342
ST,6279,-0.08816762155769425,-0.07771828696413453,0.11003060616248807,0.016952689720447722
ST,6280,-0.09445263862784581,-0.0735382061575756,0.11357379022314146,8.732582510937481e-4
ST,6281,-0.09380060766559556,-0.07178469456174452,0.11907589264985564,-0.00183415206570318
ST,6282,0.25239953363958884,-0.35933221124004433,-0.10815879220378084,0.6699201569667029
ST,6283,0.2948076978625855,-0.32447428027133834,-0.10075760606763762,0.6695674430813962
ST,6284,-0.15763106098029248,0.11000860802381071,0.11942130227089001,-0.1524037662304775
ST,6285,-0.15164207797245433,-0.009809783914416507,0.09148652283205891,-0.13039498297466515
ST,6286,-0.155883725472066,-0.0025341843432362034,0.08996701018240111,-0.13569813609123074
ST,6287,-0.1593923841610556,0.001669320333219582,0.0879858364531345,-0.1403948724218862
ST,6288,-0.15526043330764078,-0.0013007380127635097,0.09216163390010837,-0.13564407699476635
ST,6289,-0.16012394522139844,0.003778695239239501,0.08934740135020665,-0.14113791673320988
ST,6290,-0.16021477399444375,0.003529326892299084,0.09006395605943665,-0.14142419718420027
ST,6291,-0.08353717592318063,-0.06526493865742224,0.008797532907793988,-0.06244462703095783
ST,6292,-0.09432287448189372,-0.054780431333707705,0.025634481912458783,-0.07340129795772861
ST,6293,-0.08690463596387958,-0.06263244934016417,0.02925581363536608,-0.06556809415539724
ST,6294,-0.0909327307826492,-0.06068930345732945,0.04066886612850202,-0.06916498786322688
ST,6295,-0.09491059106776792,-0.05443223869559613,0.051997254109165295,-0.07517220880065169
ST,6296,-0.08569699473273293,-0.05839179915577317,0.05687430166995308,-0.06713497185541369
ST,6299,-0.10942127849828234,-0.03512626374090782,0.08689330838514368,-0.09121020891503885
ST,6301,-0.0435961287378945,-0.09734979193038096,-0.16251586222202782,-0.03204215381325213
ST,6302,-0.050648785153388776,-0.09964823492134163,-0.14978550611138575,-0.036409599068886606
ST,6303,-0.0394730083324638,-0.10895566587823297,-0.16137099586197126,-0.02584032734599155
ST,6304,-0.04430447111914228,-0.10518852082148782,-0.1427763740405269,-0.030768504041148358
ST,6305,-0.05324746468478772,-0.09885198474069036,-0.11725782515600959,-0.039847628785305816
ST,6306,-0.037254557438445766,-0.11276543823369832,-0.13607391027978463,-0.023824460571972024
ST,6309,-0.055217694921194514,-0.09786878889437398,-0.07627879339526404,-0.042325748249140205
ST,6312,-0.07454068750931936,-0.0800278571121782,-0.020978581354853948,-0.06348045789800545
ST,6313,-0.0772331269363296,-0.0744941612396063,-0.0076342614584295095,-0.06798830478821524
ST,6314,0.05655896605685658,-0.18385446911440084,-0.24162546689914582,0.06633545999991655
ST,6315,0.0666555650050472,-0.19312333119866587,-0.23803925902832584,0.07672501453758868
ST,6316,-0.14420442025298932,-0.010971327875835235,0.08004690727041418,-0.12368280625093458
ST,6317,-0.14404722939482525,-0.012372586486218428,0.08319820137843156,-0.1231629684382909
ST,6318,-0.14112224558319958,-0.017186605656315353,0.08724735624356572,-0.119619747866601
ST,6319,-0.1434794158453528,-0.012970776171514965,0.08922568256915565,-0.12267208201828238
ST,6320,-0.1458239071999051,-0.009814825140438212,0.0913723188225316,-0.12537640886054485
ST,6321,-0.1439617999013588,-0.014072179775162817,0.09644154713568677,-0.12275686107089036
ST,6323,-0.1400627979347812,-0.01665101833720952,0.07210960512584964,-0.11876587166437926
ST,6324,-0.14402909393394817,-0.011988748138476894,0.07616068696056993,-0.12308739140798287
ST,6325,-0.14216006380317253,-0.014728600995539238,0.07923779289571395,-0.12093302845753191
ST,6326,-0.14273508880209715,-0.012587722345287537,0.08171813094330888,-0.12207980436957877
ST,6327,-0.1462999951824531,-0.00831684484036066,0.08444424530107265,-0.12600370363539173
ST,6328,-0.14286464081124817,-0.014002842360026498,0.0888102285104873,-0.12180847760237253
ST,6330,-0.11186083869516467,-0.04779712562065203,0.06457619132454592,-0.08940363400189144
ST,6331,-0.11345984858555626,-0.04241942071282725,0.07032684301933675,-0.09254451492855874
ST,6332,-0.153986584040481,0.1311690852495792,0.1187110716923679,-0.15077961031671064
ST,6334,-0.15439895194223677,0.12434115692605052,0.11323077945679079,-0.1498652003000522
ST,6336,-0.1351215848749572,0.26020946651423504,0.14313174719883542,-0.14873326930456873
ST,6337,-0.1309463673424474,0.2887157152088808,0.1470420118212085,-0.1486549049879763
ST,6377,-0.1500873332538811,-0.009316221959005704,0.0885525687935276,-0.1304678809014419
ST,6378,-0.15163992713561797,0.0017867997227336578,0.0877560352714174,-0.1342558154237676
ST,6379,-0.1510061329201526,0.005336625394838799,0.09011093196113579,-0.13443845529422618
ST,6380,-0.1498302978533877,0.018481457721065363,0.08830540305639374,-0.13605661505580166
ST,6381,-0.15330604127312972,0.014251613400448374,0.08832909188052188,-0.13814874661819307
ST,6382,-0.15270434430356047,0.01456876348579212,0.09119899036409473,-0.13767340471778544
ST,6384,-0.14389881261227677,-0.01638683913286409,0.08959337030296248,-0.12460839566819956
ST,6385,-0.1473408769801191,-7.130614174450501e-4,0.08842536356718483,-0.13096921631484668
ST,6386,-0.14235438318030033,-3.0098626627731795e-4,0.09235084574893543,-0.12712172266730648
ST,6387,-0.14178798565335524,0.012665242749569523,0.08889583892382105,-0.1295949553978502
ST,6388,-0.14568596105103163,0.009738077352898306,0.08981300904634343,-0.1321707011237414
ST,6389,-0.1431954306676318,0.01025973582261707,0.09272459274968788,-0.13036217865207117
ST,6391,-0.1387121682219961,-0.020394802147469526,0.07762879246288525,-0.11994631217954797
ST,6392,-0.1438507646253172,-0.01314115722285066,0.08008398559606729,-0.12575991254322996
ST,6393,-0.14133820492264007,-0.018511056787355904,0.08416303842710077,-0.12241069423993994
ST,6394,-0.13124919117608508,0.00643183626121543,0.07843171959358353,-0.12088328789354152
ST,6395,-0.13713547824449318,0.013730723340662354,0.08168855401969877,-0.12638175076090852
ST,6396,-0.12723996108748276,0.007798777067813876,0.08249120206239248,-0.11825189362878337
ST,6399,-0.1451264188970671,0.01766011900260187,0.09006411854481819,-0.13271855635407542
ST,6401,-0.116351629123779,-0.04415553129384377,0.05681878224362503,-0.09886329546346927
ST,6402,-0.12023555765274764,-0.04154105800617903,0.06272052367711249,-0.10260308169654137
ST,6403,-0.11786020039533099,-0.046716874090982345,0.06695060252318454,-0.09959028156380237
ST,6404,-0.09372439040790219,-0.012463621902831394,0.05622816517808664,-0.0914300257269623
ST,6405,-0.10085384131741303,-0.005078238134056025,0.06199926460766869,-0.0982241129352949
ST,6406,-0.09876791509558494,-0.017333057794919206,0.06755213793369241,-0.09404628227405556
ST,6409,-0.11561678363595362,0.010291423179952372,0.08119284845052381,-0.11076178279411714
ST,6426,-0.1590553549955629,0.011458031820275605,0.09033275677212753,-0.1392708844416867
ST,6427,-0.1592945792211419,0.011372839845625959,0.09151816230112908,-0.13946764763200362
ST,6428,-0.08564644789674408,-0.06193292964960311,0.014373276265923432,-0.009762554396467402
ST,6429,-0.09214700298798027,-0.061138824680148626,0.02544259602464468,-0.016999396498902055
ST,6430,0.2263631469720579,-0.06212013438526338,-0.4003830962275403,0.09230618819160176
ST,6431,0.21062268430795333,-0.05809402976595126,-0.36487156311601227,0.07858289377512312
ST,6440,-0.1288202921494615,-0.03989874008850999,0.08341010663444931,-0.09126538910350036
ST,6441,-0.13250634987921023,-0.033863558999833884,0.0858878274263293,-0.09809192952913255
ST,6442,-0.1330658285984256,-0.033345672144147735,0.08913176143055557,-0.09910957891877632
ST,6443,-0.13440615645544832,-0.03233379492493827,0.09231139581105678,-0.10091258944633928
ST,6444,-0.13443939423310963,-0.03235677386901306,0.09561470367408786,-0.10091021812016035
ST,6445,-0.13101511746335542,-0.03596253251171977,0.10085340838764213,-0.09753623584108004
ST,6446,-0.13122654775588133,-0.03765245536918307,0.10594342907802388,-0.09668937130961616
ST,6447,-0.13108641837295212,-0.03316038081145032,0.10563563564288737,-0.0995066740627462
ST,6448,-0.1333585021970006,-0.033223264114988875,0.10997386827956132,-0.10121882686640445
ST,6449,-0.13558725297939508,-0.02874537896199427,0.10930337105673582,-0.10618213128109964
ST,6450,-0.1336157568654081,-0.03343347721735288,0.11734638519948401,-0.1019267434370045
ST,6451,-0.1363601870237897,-0.02954927338179128,0.1169114617024679,-0.10619162695752393
ST,6452,-0.12799491556950726,-0.03950211881161277,0.07720540471852942,-0.09034855039438298
ST,6453,-0.1314744067110507,-0.03381716801882592,0.08031777517900311,-0.09691603850593093
ST,6454,-0.1324157518816547,-0.033882986923741185,0.08410263897269657,-0.0978113964291831
ST,6455,-0.13331525595694255,-0.03343259195927265,0.08759839368279418,-0.09892970176014025
ST,6456,-0.13448945119227132,-0.03223838417019815,0.09076570906022999,-0.10059112294156483
ST,6457,-0.1319421879120267,-0.03375744070046329,0.09457585571148565,-0.09918260720143547
ST,6458,-0.13128438131599449,-0.036668095075968826,0.09999478598248891,-0.09685556837574678
ST,6459,-0.13207795759523341,-0.03586461570248178,0.1033814111705344,-0.09797105311262153
ST,6460,-0.13340138045446182,-0.0333580690601226,0.10535526361661429,-0.10070655023188942
ST,6461,-0.1340892632984016,-0.03174259699109751,0.10763266703078808,-0.10260436529742684
ST,6462,-0.13341377478460828,-0.03446399643457992,0.11379469972349593,-0.10061138563402991
ST,6463,-0.1370101320315781,-0.028817704184016028,0.11205250795501402,-0.10671782877105433
ST,6464,-0.08556064278999506,-0.08660186056553858,0.052732026794335495,-0.032150055353595254
ST,6465,-0.09930849793021031,-0.06559844255384464,0.06277111061847812,-0.05830134384165557
ST,6466,-0.09379082552270089,-0.08047854491705954,0.06967334490991406,-0.04391750824592333
ST,6467,-0.0955061865468415,-0.07270552937465267,0.07494612225520526,-0.05039444560575605
ST,6468,-0.09848203465218454,-0.0742560163076509,0.08338240727159799,-0.05158401639870152
ST,6469,-0.09443983471684167,-0.07879153949736398,0.0908965814488667,-0.047714527913421324
ST,6470,-0.09704277871653004,-0.0748046264888562,0.09677578373651632,-0.05269877665864779
ST,6471,-0.09781657684681482,-0.07486574842587136,0.10419538334429368,-0.0529079246634441
ST,6472,-0.10152694831739915,-0.06824259695035603,0.10779913047017933,-0.06044374756245611
ST,6473,-0.09931150906710107,-0.07682724048360365,0.1204513384527533,-0.05362257631940363
ST,6474,-0.10482382326899711,-0.06667228237097964,0.12040073725598223,-0.06521617475796726
ST,6475,-0.10584039606028328,-0.06425278730212383,0.12539305062228992,-0.06675880395142852
ST,6476,-0.05558786028371091,-0.095739008133981,-0.016449927245218092,-0.005767433355092677
ST,6477,-0.047753002623408154,-0.11365102241792009,-0.017370675287094507,0.013162259592235293
ST,6478,-0.05550393746467278,-0.10734881451638811,-0.0019163217160402053,0.0017454874249387795
ST,6479,-0.06009254405197019,-0.10404981774658036,0.010440655703727625,-0.0044540789853597
ST,6480,-0.06282486200886644,-0.11032766395020967,0.021002775851869323,-0.0020421946923463614
ST,6481,-0.05523263910838575,-0.11535816636401819,0.027970291851127392,0.004044915592739169
ST,6482,-0.05235331826996356,-0.11523033641951609,0.03712737357828424,0.006187269085872195
ST,6483,-0.060500680436214496,-0.11310790285571458,0.051364056977905276,-0.0016842936991018197
ST,6484,-0.06506146344641234,-0.09937932607369156,0.06013516452467579,-0.015598155555265116
ST,6485,-0.06719331315830344,-0.1067475583507078,0.07341548649076547,-0.012835553548642409
ST,6486,-0.06506528561996715,-0.10653499643261434,0.08276807576673655,-0.011942863760921702
ST,6487,-0.07101149031752046,-0.0932023279032154,0.08840315615892524,-0.025214176182518196
ST,6488,0.1380065766412087,-0.33017329321990707,-0.13259092528007138,0.27675942137396614
ST,6489,0.1409432813678345,-0.3129798380009484,-0.10852478297525854,0.2661525812026294
ST,6490,0.14070703263412163,-0.30681692069598615,-0.08405977514520056,0.2581822062162219
ST,6491,-0.11056299934623431,-0.05794361383957382,0.06287495659643624,-0.06577071601961108
ST,6492,-0.10968485845406212,-0.055505743380750615,0.06932603056779331,-0.06493174203917472
ST,6493,-0.11260274657302358,-0.05528319278843883,0.07497753947503359,-0.06839803475281696
ST,6494,-0.11181815208035248,-0.058366051083384565,0.07889383498063168,-0.06760157024536653
ST,6495,-0.11804062735754339,-0.04603617997173078,0.08199289362299757,-0.08059021785307317
ST,6496,-0.11492633245396312,-0.05650373028750349,0.08964952036099212,-0.07172211117842417
ST,6497,-0.11225116038159856,-0.05867834355156049,0.09594045125168547,-0.0702908018584845
ST,6498,-0.11060143425187083,-0.0606282526262207,0.10266592304141234,-0.0675502354690053
ST,6499,-0.11366606489402725,-0.06063002956823865,0.1082175238822399,-0.07055559445555386
ST,6500,-0.11540300432491578,-0.05279985928704458,0.1099048822554399,-0.07661226228091514
ST,6501,-0.11628839674113624,-0.05701868991020892,0.11863119843750078,-0.07532425823551053
ST,6502,-0.11535918741473467,-0.05258638116433868,0.12381459151499559,-0.07642635949398273
ST,6503,-0.11950863459441495,-0.0482895118788886,0.12871225191574245,-0.08119374035717276
ST,6504,-0.09480788335370362,-0.07385596951297571,0.02678552684010266,-0.0442542139376879
ST,6505,-0.09480267344357879,-0.06822547803285617,0.034365678210701085,-0.04586480396101383
ST,6506,-0.09439036497815197,-0.07208271884044588,0.04023191092063314,-0.04441421065338419
ST,6507,-0.0991495395373733,-0.06345567058749016,0.04884075670686072,-0.05476541524900364
ST,6508,-0.0966450628902209,-0.07067031867933957,0.0538532905459981,-0.04895504425286785
ST,6509,-0.09731865253043018,-0.07012385631147723,0.060832511575840145,-0.04969172011464971
ST,6510,-0.09545759859264524,-0.07464783090826219,0.06828955083329617,-0.04838009940078054
ST,6511,-0.09351237644565812,-0.07752883303250888,0.07559263436992758,-0.0448653934009702
ST,6512,-0.09891680304339735,-0.07050736638832235,0.08213550428007206,-0.05405110841532748
ST,6513,-0.0987898019448829,-0.07010711965627586,0.08991391823473475,-0.053701393880107536
ST,6514,-0.09745673967006087,-0.07201541724816479,0.0973573523598729,-0.0521749564441835
ST,6515,-0.09925824344948639,-0.06444097763187297,0.10583687068037602,-0.05645894972016227
ST,6516,-0.1054259448564767,-0.05521264218878213,0.10874668657320585,-0.06671504521500009
ST,6517,-0.05469835568277202,-0.1094441345468561,-0.0257230538252731,0.007157564532577609
ST,6518,-0.06168408521773329,-0.10288945763931878,-0.010092324271600278,-0.0028300709219453973
ST,6519,-0.05222750377274623,-0.11690403448733461,-0.00946572845277815,0.014255804414730639
ST,6520,-0.058895053870934994,-0.11265939964223186,0.005104375624908101,0.0050102999896624355
ST,6521,-0.059800412210380224,-0.11041194747647595,0.015697085701141335,0.0027292087638675303
ST,6522,-0.061562869192431334,-0.11019953955880284,0.02660916337812088,0.0012002724221840163
ST,6523,-0.05935436422627335,-0.10936223263803367,0.03683675123602295,-0.0019178986044515575
ST,6524,-0.06164651644776974,-0.10327256794021773,0.04739425289760071,-0.00789251156949281
ST,6525,-0.06521294708659965,-0.10769465630310135,0.059220037808885205,-0.00831553464608703
ST,6526,-0.06817092423781582,-0.10197621032004298,0.06941806099619849,-0.014441986312544676
ST,6527,-0.0689029671804677,-0.09629634244588756,0.07829981586326426,-0.019248261134021456
ST,6528,-0.0833767747380305,-0.012395750698023922,0.07591982039883108,-0.06786409951204488
ST,6529,-0.057927565590549276,0.595418878085981,0.1813463977964964,-0.09917266884981406
ST,6530,0.10852580139801599,-0.2652783608839036,-0.1490231233249951,0.2220248695265846
ST,6531,0.10527487194539363,-0.2653630176728727,-0.126691419626777,0.21853573849301086
ST,6532,-0.14244612794412295,0.6262850940255001,-0.11598058046578327,0.6864941917753656
ST,6533,-0.14827442971622246,0.6254253303689379,-0.0543364078554062,0.5776884339666365
ST,6534,-0.13806426626505716,0.6834619452376715,-0.022809896689531258,0.5184260312196224
ST,6535,-0.13308145377028888,0.7515496061625594,0.0030209605661449934,0.5386446417268896
ST,6536,-0.14281126796231233,0.7737463985074162,0.04101116333487138,0.4354700076763073
ST,6537,-0.1482353267885197,0.7735561761428397,0.0625809010212374,0.34959780208451974
ST,6538,-0.1494393418532703,0.7810819777280408,0.08074044861619076,0.33124641024694895
ST,6539,-0.14338658740090068,0.8327039382919111,0.09739552750974398,0.33807863397609056
ST,6540,-0.13700614402897424,0.89291904830009,0.12230626675328399,0.3593675617949604
ST,6541,-0.1353092787383614,0.8500050585387992,0.1407908371774618,0.31448347325030807
ST,6542,-0.13307934759762094,0.9044455387981556,0.15942956010419063,0.3177602554542522
ST,6543,-0.13397835833463673,0.9073465328692363,0.17850907985807135,0.30395959975058207
ST,6544,-0.1565781191386181,0.5388158687769586,-0.1580560455705016,0.6259511818793866
ST,6545,-0.1502016363579747,0.5283772939044404,-0.1374198790652254,0.6242655558351978
ST,6546,-0.1468330152772463,0.552445161566657,-0.09710660290688682,0.5744264656394097
ST,6547,-0.14357360436351876,0.6320771760976541,-0.06142085235119522,0.5536219008942294
ST,6548,-0.13907320458429628,0.7216274842465348,-0.02327945162501467,0.4932308315307632
ST,6549,-0.14816999230193406,0.7275725482345671,0.019615252504728044,0.38383430182810435
ST,6550,-0.14874352909923372,0.7531121394378602,0.04111282040053162,0.34121186271210274
ST,6551,-0.13288607762519206,0.844780881984523,0.053372622721452365,0.38833725853297824
ST,6552,-0.13738978720256767,0.854157444853872,0.07678306340211923,0.367972926828502
ST,6553,-0.13365131888603876,0.8210390305041367,0.10505573905833814,0.349800802982887
ST,6554,-0.12893878683500115,0.8929327729093002,0.13601804865996703,0.3769293694438313
ST,6555,-0.13535996804599051,0.8685587562271359,0.1475190543668052,0.3295626509984401
ST,6556,-0.11427115527114999,0.9672135123233414,-0.6247552898366686,1.6256272568698271
ST,6557,-0.11632176985898139,1.1498497972975452,-0.5762863100994016,1.6979386818641233
ST,6558,-0.12136514833827737,1.1209812211869323,-0.4142942667956474,1.4048868944070823
ST,6570,0.6214725914455734,-0.2847393455557558,-0.21116493988543197,0.10119758634281698
ST,6571,0.5847026973694586,-0.2713313514149293,-0.16878033508193477,0.08626579842079952
ST,6572,0.5058104064443163,-0.23783322270936952,-0.1170065622526479,0.05905495382430732
ST,6573,0.5206393724738568,-0.2511371920290538,-0.0917021687941023,0.0577391037511282
ST,6574,0.5445109437249656,-0.26190270836814206,-0.068182214689522,0.06136417161959515
ST,6575,0.5353997847046239,-0.25663875695575744,-0.03854878807715519,0.05623151835413251
ST,6576,0.47398016825705974,-0.2345720127733961,-0.0016680682436519573,0.034735129193829574
ST,6577,0.43581299608358637,-0.2131975705598038,0.021359649617277505,0.024966694112725375
ST,6578,0.45667754406570976,-0.21820543619281993,0.042845174718595155,0.029834584671782044
ST,6580,0.6247765646577998,-0.2713380882195583,-0.23826349607263453,0.10502356290957886
ST,6581,0.5059064077938109,-0.23162615187370714,-0.16324006469958813,0.0619822320589198
ST,6582,0.5697765899661297,-0.2631988931198582,-0.15727891064103705,0.07635656299311691
ST,6583,0.5268267439230967,-0.24541877885531985,-0.11645777715042747,0.06039582533040993
ST,6584,0.5176647383312047,-0.24165286228059263,-0.08701384561902605,0.054909870105859224
ST,6585,0.5656984301898855,-0.26079646158320674,-0.06794358740561775,0.06524573476823708
ST,6586,0.45554690683079274,-0.21872971779599895,-0.023020436304365895,0.031382199598286094
ST,6587,0.41353200531791573,-0.20197109339007474,0.004549213143063426,0.018069146825801345
ST,6588,0.4751002288491585,-0.22768953919317148,0.028442500959051254,0.030179979968144775
ST,6590,0.5281776023452155,-0.22025023736326804,-0.22096700985819678,0.07652744301332272
ST,6591,0.5770269262411916,-0.2589449412714393,-0.21388654240599012,0.08180344930868151
ST,6592,0.5789864481664893,-0.2646314036122024,-0.18494422219649717,0.07689326215454752
ST,6593,0.5224468358428821,-0.24009351175351362,-0.1383107684297578,0.057689872480655824
ST,6594,0.5581908824233489,-0.2573111698060519,-0.11934417727364555,0.06345528161765666
ST,6595,0.5433327962267932,-0.2472824055209002,-0.08850998594740683,0.057865506879548584
ST,6596,0.41363235737101095,-0.19950427611094881,-0.03692645769897027,0.01867525971155414
ST,6597,0.42430789636650124,-0.20329212049485115,-0.015653858954412472,0.019554122947584563
ST,6598,0.4765743598453585,-0.21688758178417697,7.350570712791547e-4,0.03327337280958296
ST,6600,2.115519807586955,-0.8256090282999164,-1.0771396922521612,0.6006807997472345
ST,6601,2.1862999661753046,-0.8358996208457443,-1.0295417548385595,0.6209837768816979
ST,6602,2.1662457400648507,-0.8175692173732628,-0.9368489168744611,0.6088381282493437
ST,6603,0.08058542376899624,-0.23556080748254257,-0.2855371964211457,0.08463073100505657
ST,6604,0.07634143470496653,-0.24952513841127058,-0.27349771423769464,0.0872823964944521
ST,6605,0.05475756039653828,-0.218010710888781,-0.2167770104733028,0.062001165031792094
ST,6606,0.0679424688503192,-0.2364917189193302,-0.2189155469876849,0.07640280772906298
ST,6607,0.056425024666722626,-0.22586513188389598,-0.18878442808096976,0.06429680418587096
ST,6608,0.04599316311720819,-0.22361298139435265,-0.15979457664402297,0.057043208155339406
ST,6609,0.014444545781615567,-0.1594158393303681,-0.09125733073390796,0.01390887757232559
ST,6610,0.049027457691144076,-0.22216350435300575,-0.1197654037332764,0.05843919930261538
ST,6611,0.049982326770562004,-0.21629143446372112,-0.0983118979733987,0.057276469442580386
ST,6612,0.053612731337597606,-0.22329722869954075,-0.07921708592414756,0.06329073292862217
ST,6613,0.03271187160461344,-0.19657606864897778,-0.040977354013869545,0.036760867455471705
ST,6614,0.05001680722618205,-0.23104768857228888,-0.02845951160935558,0.05892609935825891
ST,6615,0.03738354998424923,-0.19858739601808212,0.0013310905519630274,0.04122780841819739
ST,6616,0.08654478573200065,-0.21729526818231126,-0.4268723952485677,0.0861396559428362
ST,6617,0.0810135917551921,-0.22061892456407667,-0.4108753883878407,0.0840741738101196
ST,6618,0.056929576126334626,-0.20326067384903193,-0.347207586232386,0.060863714772961874
ST,6619,0.06270553132691102,-0.218496127094513,-0.35138608814670863,0.06889456786228902
ST,6620,0.04697923679636747,-0.2346346559981809,-0.3292708675315481,0.0589738466631823
ST,6621,0.048831746034136925,-0.19596323205631502,-0.2793260000872148,0.05096168874416735
ST,6622,0.04597241338607374,-0.1880792667060238,-0.2535229233070933,0.04766884620477101
ST,6623,0.04227108056095702,-0.20107125349510546,-0.24318015954570657,0.04771974542858424
ST,6624,0.02302642147533758,-0.18246453155258505,-0.1914273164308656,0.026935332838181447
ST,6625,0.05337276058323567,-0.21870399863453352,-0.227443308676525,0.060915709463153604
ST,6626,0.030331230465643347,-0.18123257653226782,-0.16533707979647672,0.031751736471810864
ST,6627,0.04334803708195191,-0.2128654325969585,-0.17740831983238894,0.050044109044158826
ST,6628,0.021954577392464387,-0.1826095204158497,-0.12003845513565609,0.02529181586798913
ST,6629,0.0898345352251253,-0.22825481237370168,-0.5510773037009556,0.09308943178809055
ST,6630,0.06944699688102605,-0.20699280305455883,-0.46122338399337404,0.0691579716455601
ST,6631,0.062408385685146145,-0.21195047261993377,-0.4584555400088685,0.06809928867049257
ST,6632,0.058763834412520075,-0.21613033871875886,-0.43447970904288213,0.0645688933668945
ST,6633,0.03446655616850901,-0.20036490922357084,-0.3637220376614988,0.04110218804835414
ST,6634,0.05777184106405101,-0.21411203905020298,-0.4004196521045958,0.06356837293127363
ST,6635,0.044774106024612986,-0.20360927678415425,-0.3602411562830263,0.052064156930997786
ST,6636,0.031740509494219075,-0.18325205471776862,-0.2963960770635179,0.034221709148380706
ST,6637,0.04275663564447536,-0.21318514109872747,-0.32426948209354084,0.049992724054544246
ST,6638,0.025326201846919645,-0.18142675754017612,-0.2561109592491086,0.028845939031250933
ST,6639,0.04451202178141105,-0.22855202174671838,-0.3061812622259484,0.05495704053884142
ST,6640,0.04042308127830568,-0.202099266159498,-0.2539458145555569,0.04471960669205532
ST,6641,0.030115516418685446,-0.18978517513897425,-0.21515332942451507,0.03404276693205029
ST,6642,0.0959991351145079,-0.2074309632725694,-0.5795669456823737,0.0923675554580303
ST,6643,0.06314342826969221,-0.19329638326283985,-0.4952095341097095,0.0641187128480873
ST,6644,0.0604201323287035,-0.19923466157094072,-0.4828672523273875,0.06338931787618332
ST,6645,0.06603173226612152,-0.20439204422877166,-0.47510661921565295,0.06744000136732083
ST,6646,0.040929249114014486,-0.19700735986437082,-0.40912974227197535,0.045635332619476214
ST,6647,0.05191909259842115,-0.20301777865746756,-0.426645844924542,0.05702971844418057
ST,6648,0.09443642651668753,-0.18128735924068348,-0.42224685781892496,0.07966473341539435
ST,6649,0.03849821575316459,-0.185543526969151,-0.34261221575195383,0.03951287755703568
ST,6650,0.04582941328043711,-0.21291784678490452,-0.3740024502533969,0.0530807474395946
ST,6651,0.028272124498987285,-0.17536210648077827,-0.29372329582806217,0.03049911040288623
ST,6652,0.043251920446420816,-0.21627764507361494,-0.33784106625700977,0.05124812622007319
ST,6653,0.040232079099975344,-0.19360568824691918,-0.28910368601576936,0.04282554609580305
ST,6654,0.035213545521630696,-0.19136657997215073,-0.26353209814273637,0.037984874054492905
ST,6655,0.9789425275131934,-0.9857743887275937,-2.396670953148087,0.904249591028287
ST,6656,0.9515098877809358,-1.014512047517012,-2.323675998044703,0.8903987453336636
ST,6657,0.34972013584259715,-0.16928911618204853,-0.21570085352933324,0.012331459096734084
ST,6658,0.3067962780615291,-0.15311913884749817,-0.1718852935527861,-0.003109908566518398
ST,6659,0.34473295846648433,-0.16551450145181099,-0.17425782611457424,0.007031700908625232
ST,6660,0.36404438530778144,-0.1732604506479073,-0.16440145809575424,0.010292456012994701
ST,6661,0.3454085917118924,-0.16312947875003417,-0.13723044464445355,0.004153859281267524
ST,6663,0.32936415375364947,-0.14800270364081822,-0.2296517220947017,0.008685532465121843
ST,6664,0.2667492728233245,-0.13551972341938034,-0.17298450524848777,-0.01656283119809123
ST,6665,0.36922496246140524,-0.167742893050176,-0.21748027126252775,0.014064276936282037
ST,6666,0.34900179656747143,-0.16113843113141615,-0.18641703277393712,0.005460165140994306
ST,6667,0.3302247032408442,-0.15260997577140023,-0.1589072719442952,-9.551749030133022e-4
ST,6669,0.9348521308076847,-0.34595335919814296,-0.6503284138839678,0.2122204937558864
ST,6670,0.9065696036341789,-0.29199714354629797,-0.5887666552802697,0.21697871049496562
ST,6671,0.10133054387942256,-0.25346527713920963,-0.355577213676203,0.10377828154116597
ST,6672,0.08603619235424032,-0.2378385475964649,-0.3082085145804431,0.08754692518838096
ST,6673,0.08468894098098344,-0.24565839213171564,-0.29633572099798433,0.09019563253714943
ST,6674,0.06650433266943663,-0.21978764244241003,-0.239170934281954,0.06741899996121004
ST,6675,0.06701567637449643,-0.222856158750933,-0.22019571149705364,0.0669196001665337
ST,6676,0.07444041108924683,-0.2352155181265675,-0.21530885827785498,0.07664443749888454
ST,6677,0.07592720304586545,-0.240049818906161,-0.19701150655904906,0.07822753787112699
ST,6678,0.03262567871551448,-0.1926387320506289,-0.12185409978841298,0.031204599164522385
ST,6679,0.027343395528257725,-0.18244764330240837,-0.0959531919323486,0.022842508305066105
ST,6680,0.05391734333228767,-0.22528383835377896,-0.11203516578898894,0.05693816208185517
ST,6681,0.024787060239692054,-0.19378533872105644,-0.06585541292646811,0.025412760923521776
ST,6682,0.032968728004530545,-0.19911919549012796,-0.05346830224594209,0.032500350345372145
ST,6683,0.012552903431236483,-0.18118477643786762,-0.022485360082034337,0.0101301270471599
ST,6684,0.09562737585214696,-0.2412806313218531,-0.3635689359766012,0.09620204426295093
ST,6685,0.0962382987766189,-0.24314592393541656,-0.34592465454893534,0.09700476760742537
ST,6686,0.0675007359080038,-0.21773585302405174,-0.28012022001659814,0.06892976273467483
ST,6687,0.08169797129330567,-0.23828012842319107,-0.29014773218505574,0.08514888652119307
ST,6688,0.07354883461000396,-0.22985793195195237,-0.25314683992376846,0.07455128655572461
ST,6689,0.06936275970005419,-0.2290102170305412,-0.2300878286349278,0.0714987918642348
ST,6690,0.0686913753711572,-0.23267064625286352,-0.21030321581880004,0.07119022197713729
ST,6691,0.03817013025096728,-0.1904683177161967,-0.1419953697011761,0.03463262122059322
ST,6692,0.032911109159338175,-0.19466869305564988,-0.12371010909504833,0.03208108725035417
ST,6693,0.028754509760069037,-0.18998213401354078,-0.10182464296847805,0.02750915203760769
ST,6694,0.05230836298015122,-0.2206216704199152,-0.10956236193972045,0.054467878207295276
ST,6695,0.029930763377494857,-0.1925063807394983,-0.06838791812565109,0.028723553377599617
ST,6696,0.007798479278793744,-0.17004820878345214,-0.03369051625911665,0.0033677582762010995
ST,6697,0.33551245584082445,-0.45150293166976085,-0.7902320865187119,0.3119162212309181
ST,6698,0.3503698601091485,-0.46074659937479084,-0.7754635073278001,0.32411831186462714
ST,6699,0.1262153372843944,-0.27853122209882064,-0.3235559267547301,0.15301182706953015
ST,6700,0.09918012028864498,-0.26176585155802473,-0.2717123676782468,0.12844528789999932
ST,6701,0.07337370863306523,-0.24087228614417594,-0.220628778880082,0.102309013405994
ST,6702,0.06514015019337208,-0.23214946292160168,-0.18960956021559494,0.09175638740974913
ST,6703,0.06274436095820708,-0.22880555147745296,-0.16536284177085067,0.08686100425959031
ST,6704,0.04396690063673591,-0.2107957898953206,-0.1265919543602839,0.06628414245468657
ST,6705,0.1307723483510983,-0.26241387212435013,-0.450916826562599,0.12749732193330635
ST,6706,0.08555065025251561,-0.23313133433374789,-0.3602779780288645,0.08708444498559889
ST,6707,0.07124881957350433,-0.2128234104004419,-0.31010990210341,0.07120834323213814
ST,6708,0.06469331557453295,-0.211217129462512,-0.2847170620276596,0.06581300758561666
ST,6709,0.030970375795521674,-0.17493561842401134,-0.20180709103607986,0.028207424118875186
ST,6710,0.06106827423044793,-0.21002801882118904,-0.2435637240344702,0.06236388457816433
ST,6711,0.4106592731043866,-0.5157896964253835,-0.8811225595195546,0.40582446700907265
ST,6712,0.4316200889835294,-0.553582844298016,-0.8974169695955954,0.4348538407034224
ST,6713,0.043009357744426574,-0.19942937921949766,-0.31223730889333484,0.07397192045043317
ST,6714,0.014894911691984048,-0.16606168006631977,-0.23709918635581131,0.038930437783204756
ST,6715,0.03535877062142271,-0.17365091429048887,-0.2478698728823526,0.05610623210666554
ST,6716,0.04043856160835785,-0.1786125440465069,-0.2410269116263654,0.06131159416686983
ST,6717,0.02845055499023567,-0.17925268561715027,-0.2171439077653425,0.05305160789432162
ST,6718,0.01934305669660723,-0.17220925345191607,-0.1888782372722411,0.04306940021187995
ST,6719,-0.002150039871864341,-0.14915682983371661,-0.13871687012681172,0.016616137204234417
ST,6720,0.007871553072756143,-0.15706479791742511,-0.13875794382788142,0.027367000043206052
ST,6721,-0.007099419437206742,-0.1482916042772115,-0.10616253245690026,0.010910890946019738
ST,6722,0.02510872694050539,-0.18128593651846045,-0.12922239834931615,0.04514196344514504
ST,6723,0.013161237437922087,-0.17359526883348445,-0.10064960717782559,0.0326991489198002
ST,6724,0.018135229787691103,-0.17888835145911627,-0.09020043916849815,0.03904623354529985
ST,6725,-0.003538689242537373,-0.15245965265135922,-0.05140393161968826,0.010346165292294584
ST,6726,-0.0060628655812926665,-0.15910771610716964,-0.036959076376347565,0.011425117189651557
ST,6727,-0.018670277398182597,-0.143369755429898,-0.013052705377421155,-0.005501617951139147
ST,6728,1.0400683198156278,-0.3262955553260486,-1.1620849035620668,0.21445545215249187
ST,6729,0.9731935256803621,-0.2893229750615681,-1.033064301531864,0.2006607426094556
ST,6730,1.044912215643995,-0.30487051652839603,-1.0703962052357339,0.21669208139579704
ST,6731,0.8732399001172487,-0.2889370389124382,-0.8792283936512794,0.14976793289001117
ST,6732,1.0063060500218315,-0.3090951600788418,-0.9671013863015644,0.18616924182287506
ST,6733,0.8162441058172889,-0.2681560420997627,-0.7483065899228579,0.1342421415113135
ST,6734,0.7037716453384182,-0.2492333446624339,-0.6182024879507454,0.09863518628502449
ST,6735,0.9462852145766383,-0.30067304575110687,-0.8017215729811055,0.1528063412765647
ST,6736,0.8251488738297765,-0.2692665380107858,-0.6679801043164735,0.12999026843425998
ST,6738,-0.028784037013875323,-0.14270691505055783,-0.14857479464090836,0.30652178960861287
ST,6739,-0.02689662688149501,-0.14349676053674498,-0.13849774459464756,0.30621816301425314
ST,6740,-0.04019798401518401,-0.12613765519223974,-0.10421924793786547,0.2452547363443593
ST,6741,-0.03570819834412546,-0.135868510903791,-0.10227432026010673,0.2708739817739556
ST,6742,-0.051793704756327136,-0.1113880061140741,-0.06493891425727971,0.19474172212347046
ST,6743,-0.04920261523454393,-0.12036485170915308,-0.06034405074379683,0.21728640042231598
ST,6744,-0.04031112422874353,-0.12841172769629838,-0.05864294610602398,0.24905898529020368
ST,6745,-0.0513747348827379,-0.11686142685862166,-0.034940815598675484,0.2075330363661568
ST,6746,-0.046496860362975796,-0.12220120802701946,-0.027725990110025918,0.22461819239136793
ST,6747,-0.05145187270031716,-0.11985392912360657,-0.011620603681305085,0.2088040837992018
ST,6748,-0.053383478961001374,-0.11781170815687785,0.0022122816838995637,0.19833268741761473
ST,6749,-0.055874026571914745,-0.10999808793328382,0.01619128200840988,0.17996549937821527
ST,6750,-0.03006495772060028,-0.14010913193041266,-0.1363136852190186,0.29539330613797377
ST,6751,-0.030343479064404617,-0.1370341091510202,-0.12188692770202722,0.2848895477074748
ST,6752,-0.033653486624253964,-0.13800549653370806,-0.10795552574876122,0.2773784702915823
ST,6753,-0.03866576009898205,-0.13259613235491366,-0.08904483517643588,0.25711810761017406
ST,6754,-0.04192681415298327,-0.12144217087060047,-0.06955274970601337,0.22744920017336245
ST,6755,-0.03784640678850102,-0.1359142131048184,-0.06722379136344585,0.26395672809006804
ST,6756,-0.048042792230136015,-0.1221064190536251,-0.042812593406006454,0.222133196389393
ST,6757,-0.0448557047795106,-0.13015953491268625,-0.035257053855088524,0.2440155174670666
ST,6758,-0.0510484382774071,-0.10921214278316062,-0.014133445324901893,0.18712375872408174
ST,6759,-0.05015940347591584,-0.12825218596256452,-0.005631523445311654,0.2269432394665084
ST,6760,-0.05149669831931265,-0.11838919215685245,0.008790506453336346,0.20043144947984762
ST,6761,-0.06051694080008897,-0.10722492740509648,0.02580568093835401,0.16406114558605542
ST,6762,-0.024791879408256667,-0.1340244590979904,-0.20299661272529637,0.29544719331842156
ST,6763,-0.01125370048372127,-0.14957422926293718,-0.2200428677296392,0.3487349295641693
ST,6764,-0.018028125499445262,-0.14365270757064202,-0.1949129903935804,0.3184397985747715
ST,6765,-0.026696444870810042,-0.13698072472191689,-0.16822613736128864,0.28873351704115424
ST,6766,-0.02118770027563941,-0.14106902089142026,-0.16415766609709975,0.3046489097568117
ST,6767,-0.021807364766659267,-0.1418294072648143,-0.1513094030386495,0.30558485842184074
ST,6768,-0.0296736861943381,-0.1181730698807528,-0.1135392092963448,0.23712434846178976
ST,6769,-0.02696136949478918,-0.13127796770877306,-0.11269411237908217,0.2718671141541247
ST,6770,-0.03407291213495163,-0.1324436848044266,-0.09513857351667786,0.2625682288856464
ST,6771,-0.049900950197591463,-0.10625054822188906,-0.055084686536250975,0.1712326814064008
ST,6772,-0.03529134275056311,-0.13019289611695561,-0.06558715300815161,0.2492771175489727
ST,6773,-0.03601342731363126,-0.12322928553505842,-0.04861007053165677,0.22998714408578946
ST,6774,0.2837469411357928,-0.4509037661227572,-0.7797663444466056,1.298472430145943
ST,6775,0.29535302102758776,-0.4580338545728937,-0.7617406335837127,1.3091972061779966
ST,6776,0.3011579301076896,-0.4436946759617318,-0.717400217990034,1.259146904047572
ST,6777,0.06972444049817582,-0.2042251884735292,-0.36022939118306874,0.06990352278464847
ST,6778,0.06642885610539465,-0.19781750599445486,-0.3358460957546884,0.06600293986322685
ST,6779,0.07618493502866916,-0.1799192495710708,-0.30562485293471625,0.06580852295022269
ST,6780,0.06309903021604567,-0.20819740421339183,-0.30932739930088726,0.06616009963599212
ST,6781,0.05005989025015555,-0.19856802832196901,-0.27234659450082754,0.0540636132477619
ST,6782,0.040074199749334856,-0.18712416330029638,-0.2366960084107884,0.04322636235780436
ST,6783,0.03678947917737139,-0.18494351959218489,-0.21415300136132648,0.03927630118228557
ST,6784,0.029354467966888245,-0.17779628492909927,-0.18610593558704505,0.031481198422876486
ST,6787,0.06762469591340302,-0.23104883842563612,-0.38323233960893793,0.6036808264252078
ST,6788,0.06562909033153322,-0.22275410033709098,-0.35198360260648165,0.5744207429874275
ST,6789,0.04049217322635103,-0.19397196791982127,-0.28047826468487275,0.46005485043248845
ST,6790,0.05481444139731304,-0.21594416333310343,-0.296578209834013,0.5248996754160642
ST,6791,0.04378488954484373,-0.1960298744839984,-0.2488347265802333,0.4582634827543059
ST,6792,0.045619742454240615,-0.21087868127905846,-0.24477572457784502,0.4916258664549676
ST,6793,0.051633953481071755,-0.21779521407800564,-0.23583401512892196,0.521574038664105
ST,6794,0.02415133208936234,-0.18763060538491635,-0.17273409420379604,0.40664053487943497
ST,6795,0.04299505708930781,-0.2102335948297426,-0.18365016742288273,0.4874875784301041
ST,6796,0.033892752306853006,-0.19971114282454955,-0.15117847503642376,0.44393569806104005
ST,6797,-0.004579709451571926,-0.15134101027122426,-0.0809043131101872,0.25608632343185433
ST,6798,0.011210056454628357,-0.17865427650394838,-0.0872355718785789,0.34549927390338353
ST,6799,0.0665975795252087,-0.22920237549811853,-0.4037154535887989,0.6065506940362502
ST,6800,0.06063576632021783,-0.20658386625096886,-0.3509457123792356,0.5360066641321665
ST,6801,0.06696955196244347,-0.22691431797214953,-0.3618764836094964,0.5847251717727034
ST,6802,0.045800623279690623,-0.19901682101637522,-0.29185654352032947,0.4779689458720161
ST,6803,0.05365430144278307,-0.21733202806731874,-0.29971964410664464,0.5339690639719736
ST,6804,0.05307165985802289,-0.21026717181579804,-0.2714027673650357,0.5079655572837073
ST,6805,0.03705952009076913,-0.19992488749884915,-0.23011510748216601,0.464149454404722
ST,6806,0.03814846459994528,-0.20160249695524068,-0.21320634778190417,0.4688476668153811
ST,6807,0.02189511603064378,-0.18615935765092692,-0.17033384468963336,0.40219016090017906
ST,6808,0.044407974002634285,-0.20415436343877083,-0.18134343085080412,0.47786614109161757
ST,6809,0.033262924274002924,-0.20447475409824853,-0.1530361244215166,0.4607578160629517
ST,6810,0.0013728962286919822,-0.15861370151978887,-0.08586539852493433,0.27626280430643213
ST,6811,0.31710784233507194,-0.4401472031146882,-0.9447008813072784,1.3342101089997458
ST,6812,0.3249271459126034,-0.4433662549423512,-0.9164043220850057,1.3188359395963214
ST,6813,0.331809497380659,-0.39492772490402567,-0.8318890360265169,1.2077297390655137
ST,6829,-0.04461245285888585,0.32522638779304125,-0.512760385417623,0.3613280272306143
ST,6830,-0.011726920147136206,0.2886404883466189,-0.48346857917811514,0.3772677269898016
ST,6831,-0.03369455452617527,0.5939200098553268,-0.46025752487134136,0.31992673910044883
ST,6832,-0.06578039038832938,0.551854889305646,-0.40782592312676363,0.31366482978244403
ST,6833,-0.051120908595886055,0.6294399143551268,-0.46706549040441975,0.36203560645736815
ST,6834,-0.019969942928951767,0.8455208212940797,-0.40816902110148456,0.33491312512138044
ST,6835,-0.06742386141197107,0.6017133590910757,-0.38051478818965107,0.3482481414078566
ST,6836,-0.060501591613367156,0.7934053800590869,-0.2738214687624005,0.2855968406537379
ST,6837,-0.05464058221031381,0.8745414196994233,-0.2302099619445464,0.278076486498949
ST,6838,-0.0451569181478768,0.9706050334903753,-0.18758460394780038,0.2717247734898122
ST,6839,-0.044839368034663256,0.9754740122824355,-0.14708357738823893,0.2752783756739545
ST,6840,-0.045405235485133484,0.9993714119592376,-0.09356150534897295,0.26311079846904906
ST,6841,-0.0038079086068303486,1.2346065319738166,-0.0704071979249214,0.2764358973882214
ST,6842,-0.021213826651775403,1.1685795055136863,0.012355050243047087,0.269695222086898
ST,6843,-0.0015417367559516528,1.338421938622871,0.06453820852915164,0.26621111055064023
ST,6867,-0.030255116848772967,-0.13265035742202194,-0.1654466856138121,0.3245925967633613
ST,6868,0.01924941224281095,0.780624056098377,-0.2979592743431063,0.3540201580924834
ST,6869,0.03913498934682572,1.1325153694968277,-0.27413133794958555,0.3356498043169168
ST,6870,0.033929938929898755,1.1231264747231935,-0.18566756111981922,0.27879563736948904
ST,6871,0.14329137901617156,1.8529444046698906,-0.24683314682412846,0.323107148297092
ST,6872,0.04513164339364001,1.2450160945911555,-0.1126852401339979,0.3478655017663971
ST,6873,0.11273930606256184,1.5322388899846324,-0.10469341146449491,0.31280945091782136
ST,6874,0.15613046527998842,2.0309539989289074,-0.08090609418108127,0.3425556008627872
ST,6875,0.17765543060543756,2.0698256871834504,-0.04930522600090024,0.31118476763478914
ST,6876,0.0603370368600643,1.5926667957824703,0.1320987606959907,0.2648010500687647
ST,6877,0.05240543060202105,1.6724835462302834,0.2048143784318421,0.24911532399912414
ST,6878,-0.03693214417120238,-0.1835743843494499,-0.22845841240538034,0.3488396463991699
ST,6879,-0.08016634901834656,0.26178289275866307,-0.300084048680161,0.33904756566011385
ST,6880,-0.01358049027886741,0.5228657104676724,-0.24579440465716537,0.32058456651410305
ST,6881,0.14494610942361094,1.8622173232639514,-0.362101675748658,0.33874277380662493
ST,6882,0.21641897465882004,2.2198013816445803,-0.3674009735170241,0.35809590602824787
ST,6883,0.3503643802775099,2.754753162529963,-0.42406079857200457,0.4380464574744711
ST,6884,0.2572591292133885,2.1637246830867958,-0.2752204486895058,0.37480199565931505
ST,6885,0.16792103371216996,1.9946336778136167,-0.16273650430444622,0.35589057573354826
ST,6886,0.07361117073719388,1.447013945930277,-0.030164935817382544,0.28305932103736725
ST,6887,0.06306006140109167,1.5496763975954877,0.05148051399175656,0.275677897284734
ST,6888,0.04081521844505078,1.5567075507386137,0.13506553460832213,0.2564810606364775
ST,6889,0.1381995316259605,-0.844040260181818,-0.5762139927562957,0.8992845581028123
ST,6890,0.11553290951548933,-0.46542608806559277,-0.6554144369842638,0.8902115078178086
ST,6891,0.0929806173015277,-0.11629359178106365,-0.694790120662713,0.9196930925836642
ST,6913,-0.03290509431422594,-0.6337884281275791,-0.7081566923174256,0.0985144066866558
ST,6914,-0.029176563938208264,-0.5367666477251866,-0.5388729946179834,0.06975057929557495
ST,6915,0.007403365616927194,0.19591582212254643,-0.6286183498363739,0.06261896397216418
ST,6916,0.038174577562127596,0.42779535208213243,-0.6439813107080993,0.07038270440205116
ST,6917,-3.0476919252579504e-4,0.6122435457188394,-0.36708178903754524,-0.004653514634815367
ST,6918,0.1617914573691664,0.9747799680202686,-0.4321248451596095,0.07146427748234299
ST,6919,0.22880127621736707,1.6958389069203768,-0.5243866544921181,0.08292323220784151
ST,6920,0.1534709085524254,1.2253252104868426,-0.34459726061747026,0.042712918805087624
ST,6922,-0.02617061438530186,-0.6534703545552102,-0.7095594816947991,0.10191899246901966
ST,6923,-0.026398207507569747,-0.47923394569066546,-0.5118938216942857,0.06183584258947954
ST,6924,0.0322904662357197,0.34245855260267455,-0.6568953418450483,0.07037693886574355
ST,6925,0.1386379286140341,1.1403889905870506,-0.6388057875963643,0.078807055085735
ST,6926,0.15893636242895168,1.3466655392797418,-0.5885288682792432,0.07100773725916046
ST,6927,-0.03519041101822091,0.41752546951454483,-0.28061008276825433,-0.025028407010736463
ST,6928,0.14624154188654112,1.1016665971354354,-0.4648059316537772,0.06358942854959583
ST,6929,0.18026492781936126,1.3792157789913075,-0.39640938176567553,0.05512524789409202
ST,6931,0.12288487094143487,-1.6318541623722718,-1.4024137446635567,0.34523343999517897
ST,6932,0.10479434951040026,-1.3717887203669892,-1.1758769208587792,0.2887160662704852
ST,6933,0.11279880637842045,-1.2147555877904819,-1.290267057845993,0.30631267745170065
ST,6947,0.5607828168395452,-0.2589078474526787,-0.27618706759258416,0.07733603208498885
ST,6948,0.42429904828541054,-0.2053662478974731,-0.18276089222700787,0.03082057990261379
ST,6949,0.37012516317619143,-0.18519568090141494,-0.14013863558344306,0.01304158036104551
ST,6950,0.4146990066905078,-0.2005412268945594,-0.1372163373431978,0.025322801261630737
ST,6951,0.3045169018878397,-0.16215030712185322,-0.0768360926715951,-0.010782527382959607
ST,6952,0.2126345877738614,-0.13062310931329946,-0.03266775865595589,-0.038367883252041074
ST,6953,0.3080205548184764,-0.16316574326473618,-0.044394887307381115,-0.011560253852586034
ST,6954,0.2802756300226252,-0.15409642368620943,-0.02160923951826528,-0.020403759728506082
ST,6955,0.34734509949354636,-0.17735055381553766,-0.016790728318780094,-0.0026831995104147173
ST,6956,0.30803885608022513,-0.15880359840696312,0.0018158738046706974,-0.010934501985319629
ST,6957,0.2817542212703488,-0.15703883801080562,0.024413395361857597,-0.022018501293352807
ST,6958,0.29459136217631826,-0.15863206479483768,0.03367260540928684,-0.015409811892487482
ST,6959,0.225341316465014,-0.1498712333463026,0.05017632714890631,-0.034452204651597346
ST,6960,0.5096726320581161,-0.23155704183972853,-0.27935720539321396,0.06023719496566418
ST,6961,0.4026245164898469,-0.19206399521271164,-0.19731653311087854,0.023596386631020923
ST,6962,0.42360470159006675,-0.20003230523983773,-0.18993859817971054,0.0292542314107279
ST,6963,0.37929016839380453,-0.18435758879702654,-0.14725907238125652,0.013268741105464723
ST,6964,0.33164122061638435,-0.16740804903018733,-0.10857314345527935,-0.0022106125503423227
ST,6965,0.23965705617525032,-0.1395046246577172,-0.05761478556138642,-0.031955803884852294
ST,6966,0.27007071278250694,-0.14814789616223692,-0.053638575648395616,-0.02311267169440149
ST,6967,0.3204116030510108,-0.1630868602965745,-0.05236255910943456,-0.008462791017083108
ST,6968,0.29698306409222475,-0.155409143224021,-0.03014217623060984,-0.016017355256963312
ST,6969,0.3148800714769826,-0.15966962418463226,-0.01899274191972516,-0.00989643959844936
ST,6970,0.2843859630344925,-0.15516597190919246,0.004312403531600399,-0.021271597173044048
ST,6971,0.2635314584988309,-0.15105784155607174,0.01998485884146261,-0.026344153355463133
ST,6972,0.21447919628776188,-0.15121802300646597,0.03842413849372767,-0.039655321622546494
ST,6973,1.3601156233839697,-0.5354296506468539,-0.8052706962160326,0.3409491047955541
ST,6974,1.2834471881934522,-0.5152594674232865,-0.710025974584853,0.3080086931256734
ST,6988,0.023698817034089822,-0.17064611160232507,-0.22567356577011113,0.028534177599171547
ST,6989,0.02326822072867259,-0.17711486722777686,-0.21887138948707868,0.031235555273607198
ST,6990,0.015928898289418864,-0.16233568220544572,-0.18354680507761695,0.02027069476124409
ST,6991,0.0059738148228294955,-0.1571574063557175,-0.15517532170713408,0.01024669583168602
ST,6992,0.010114371512978018,-0.16062895888551537,-0.14659423814661712,0.014072372378689172
ST,6993,0.01628383307710542,-0.1704009375638374,-0.14216317323248948,0.021039072615206718
ST,6994,0.002092984168121998,-0.1532065006081105,-0.10571772862129303,0.004592718664023864
ST,6995,-0.028270913712569658,-0.1088543883021182,-0.0560289724577978,-0.029615756841953802
ST,6996,-0.01932473364938608,-0.12595921478906308,-0.05647512557098982,-0.018251608063850525
ST,6997,-0.032175665138528535,-0.10651392964337131,-0.03170987288918172,-0.032530757950792195
ST,6998,-0.04275247631754243,0.01582620555712147,-0.01911146908500726,-0.05071035116125642
ST,6999,-0.050689352674231344,-0.059282352231041564,0.0034192559320803525,-0.05424794600733761
ST,7000,-0.012079086765978972,-0.0986678161198715,-0.23468427799557776,0.004864093870465376
ST,7001,-0.02104830590636966,-0.08174454230263192,-0.1918136037641628,-0.007845143035886562
ST,7002,-0.018625128554546275,-0.09916136074599308,-0.19777171372210595,-1.0473035145717529e-4
ST,7003,-0.042525823727314054,-0.07585237534287433,-0.14165293567568352,-0.025187105121315112
ST,7004,-0.03814502330834259,-0.07997111591403466,-0.13401363014293902,-0.021105459158600907
ST,7005,-0.04848134464762396,-0.0667111075416656,-0.1021163489912803,-0.03316560693015507
ST,7006,-0.07135355808071638,-0.012702428788369465,-0.25024688228187647,-0.028242474136813873
ST,7007,-0.06985222922522412,-0.006542652100209136,-0.3640093025641024,-0.006287523238734437
ST,7008,-0.08541014810539664,0.28418125858424365,-0.14805561040906462,-0.06863938004380282
ST,7009,-0.0851524603355142,0.3358697280185978,-0.10312288916065729,-0.07802695948024135
ST,7010,-0.07255683739696107,0.3125843822164947,-0.10505169659141425,-0.06465980057226285
ST,7011,-0.027088160371462097,0.6548859444751255,-0.08542152602218953,-0.06326146929870971
ST,7012,0.03444611263206455,-0.16659913769380855,-0.26346459004679645,0.03567140321933921
ST,7013,0.015310226179045885,-0.16859294434940647,-0.23673987624405546,0.02370461652870116
ST,7014,0.020018121049544486,-0.17223959627559934,-0.22908371553926338,0.027710336679269428
ST,7015,0.0033349105141453534,-0.15280156398582884,-0.18047385181026115,0.008887566845291765
ST,7016,0.0024812385581030804,-0.15608290938390668,-0.16903487380541218,0.009289248140474842
ST,7017,0.012821895529763152,-0.1593712373001454,-0.16401979052969443,0.0167707166261993
ST,7018,-0.01552070538453566,-0.13588431997119702,-0.11260482962383683,-0.011507614804444826
ST,7019,-0.013257483713713882,-0.14995377999155302,-0.127740489029054,-0.003928019491608651
ST,7020,-0.007786806349846413,-0.14440827718528298,-0.10515532555900294,-0.0019793294160469245
ST,7021,-0.01598816233118254,-0.13055493642720142,-0.07602506675881757,-0.012147299050535928
ST,7022,-0.03450801600959407,-0.10086706172314677,-0.042713393751577414,-0.03294633986318873
ST,7023,-0.05272783364909482,-0.06590025467920706,-0.012239107591116311,-0.05455223079754054
ST,7024,0.40132847094615576,-0.4635487682713949,-1.0246847602991433,0.38291354883631185
ST,7025,0.4158237682035948,-0.45438758084535946,-0.9837114166426184,0.3885364066760828
ST,7026,0.44883566126155444,-0.48052765198368125,-0.9989952638119389,0.4185900667074188
ST,7040,0.04358646369818847,-0.19138230702549572,-0.25197738700337013,0.06825112406541932
ST,7041,0.05649293929716249,-0.1818228901933245,-0.23535839100394207,0.07216579874721794
ST,7043,0.04045377757102956,-0.17774475167875456,-0.18765173503275548,0.057301894130554934
ST,7044,0.05221342484471091,-0.21250896289744808,-0.20631571084377792,0.08203027148468209
ST,7045,0.04215311208835896,-0.19487749579534638,-0.16909514865221528,0.06641034708981283
ST,7046,0.04424524429930487,-0.19523730326218336,-0.15251506790322583,0.06739739954363266
ST,7047,0.023514302143193826,-0.17363372511846117,-0.1101484841654301,0.04241512873208105
ST,7048,0.03504399891619394,-0.2079262729736397,-0.11466800965745984,0.06594128011199776
ST,7049,0.01966737217849133,-0.1870001808634801,-0.07870328376239549,0.04461358839750715
ST,7050,0.004504630900035441,-0.17477179274421079,-0.04992405310832956,0.028992260416164303
ST,7051,2.8015706636900004e-4,-0.15128030629256298,-0.027087437819518556,0.012721546675967753
ST,7052,-0.01137336538215192,-0.1418981833679194,-0.00618420859262405,-6.869226750388659e-4
ST,7053,0.4536477972931073,-0.08811920294256123,-0.8741727880747079,0.032986522845310395
ST,7054,0.5042431144415388,-0.08302380729319349,-0.9329635533733,0.0434786105546471
ST,7055,0.46337849971085193,-0.08347594480731269,-0.8557795367920584,0.027233859074182847
ST,7056,0.39700675291325405,-0.0823035087593891,-0.7228408205838159,0.012190068093105263
ST,7057,0.4494821237945987,-0.0777859446660836,-0.7835688717000634,0.021660444511974863
ST,7058,0.4058503006429105,-0.08037259753580024,-0.6980769367838584,0.009722165132673748
ST,7059,0.4858494748893173,-0.07427605361528179,-0.8025643528838151,0.019373628235705643
ST,7060,0.37041881224721085,-0.08410125603941919,-0.6041279581337615,7.763055992547888e-5
ST,7061,0.467369530187061,-0.08010294701612662,-0.725038295166104,0.012464810659536795
ST,7062,0.4194091655892628,-0.08127491379635994,-0.6330644869898698,0.004019650532577483
ST,7063,0.05774883646538706,-0.2073202310805089,-0.31299959563643465,0.08779672102799509
ST,7064,0.051654579157133645,-0.1802686905585744,-0.2644564562700247,0.07088038171829321
ST,7065,0.04709980636933191,-0.20712167263926815,-0.23089529007065832,0.07497472885598186
ST,7066,0.0679973906300808,-0.2143361303702066,-0.2345335712816242,0.09280672364706513
ST,7067,0.05915778327908851,-0.2265363316363352,-0.21877334503526166,0.0921285784996857
ST,7068,0.07501393172792063,-0.2466489729365574,-0.2207201205189735,0.1093708347983566
ST,7069,0.02855765994741568,-0.19403742286624975,-0.14118527745256307,0.054244799446719665
ST,7070,0.04548335322285939,-0.2069798260194197,-0.14124900212555627,0.07145645142776585
ST,7071,0.018345485331018846,-0.17604119860679637,-0.09322796745711305,0.03810002559274882
ST,7072,0.03413333579770435,-0.19768606016987544,-0.09402199222352982,0.05896508382499936
ST,7073,0.028068282365352283,-0.20248211420623596,-0.07283380031362341,0.055766424641291744
ST,7074,0.010191625547900618,-0.17831535490189998,-0.040240966337629955,0.03183401071347207
ST,7075,0.03172946257343445,-0.19879776023420928,-0.036299045859013127,0.0549090676123789
ST,7076,-0.0018947327216769885,-0.14843827954732883,-0.0015858471520132848,0.007573514602105545
ST,7077,0.016432873693805156,-0.15788716059604374,0.00418376326210407,0.023287383367001688
ST,7078,0.07617001158491561,-0.22495379324386353,-0.30891772168835624,0.10572794536103122
ST,7079,0.06328268440837326,-0.19819584362904116,-0.25475147222492955,0.08355572568347594
ST,7080,0.04793575629131071,-0.2089340665895887,-0.2358386261365625,0.07775422612110178
ST,7081,0.04824516467295878,-0.20592345166899167,-0.2123819611572282,0.07319638472093774
ST,7082,0.03654851566180573,-0.20089342854612158,-0.1859708738510142,0.06472650206785259
ST,7083,0.04867305452229792,-0.2111683190172814,-0.182921298378586,0.07745072971200696
ST,7084,0.03033829294571622,-0.19241989214876895,-0.14111895053199094,0.055716732241054785
ST,7085,0.017385525692080555,-0.18298980256027025,-0.11004876395423897,0.041575937525699505
ST,7086,0.011332009681027948,-0.1641411926442337,-0.08114059646157519,0.027219268311957513
ST,7087,0.02121789220805622,-0.1855546182917821,-0.07932238968127567,0.044855932114418025
ST,7088,0.027578112335566552,-0.18087066621283643,-0.06331571656073239,0.04488755927372215
ST,7089,0.00425533695741154,-0.14942610187208702,-0.029163249895328036,0.014045851840121398
ST,7090,0.02006970312412356,-0.1495686701793805,-0.023232644950726664,0.02357415903205557
ST,7091,0.049890204246928326,-0.19630627946595458,-0.3218913202590556,0.073657479057407
ST,7092,0.07709795574650932,-0.21041696134261775,-0.3447172859247869,0.09909267034521312
ST,7093,0.04241333701995578,-0.19417039266724775,-0.27977951383074695,0.06694607112610534
ST,7094,0.07425366075331985,-0.22713071083794173,-0.3204408551231924,0.10190491524719525
ST,7095,0.027066220687885795,-0.17890239209174782,-0.21841905985405136,0.0478713443456258
ST,7096,0.04674518682678083,-0.19721647915928905,-0.2345484980590422,0.06986116286721741
ST,7097,0.032512822334517244,-0.1883763216376132,-0.19896416449764587,0.05584267848238748
ST,7098,0.023572192482210454,-0.17984151974419912,-0.16779421621121132,0.0450841405968803
ST,7099,0.01486235215419784,-0.17114352350377474,-0.13738488320258077,0.03360449426311898
ST,7100,0.026503347165307695,-0.17365073479065743,-0.13138181006304878,0.04334754504225609
ST,7101,0.015219983072165785,-0.15347190470800826,-0.09470695568198628,0.023593460966993402
ST,7102,0.01696471879192967,-0.15026224535816782,-0.08043071812591393,0.024140314677330754
ST,7103,0.02466957223353718,-0.15440019877884356,-0.07022160510342766,0.02962656839441975
ST,7104,0.5529530907095904,-0.6677384690787979,-1.170173309575561,0.594865102184623
ST,7105,0.6022529648387187,-0.682443965053859,-1.1732369913990333,0.6337809380969252
ST,7106,0.004588763830378451,-0.129444162213409,-0.3457758327197394,0.024570804709977682
ST,7107,0.004917114624150892,-0.11176632153490097,-0.2951910546411086,0.01550267568284649
ST,7108,-0.004780361869796754,-0.12406480543776743,-0.29756811988302845,0.014014298746190137
ST,7110,-0.00803199322129068,-0.12102925333525186,-0.27062939831358823,0.010604058711018148
ST,7111,-0.020312465877545476,-0.11477364220646932,-0.234255581204488,-0.0016994803318695567
ST,7112,-0.012029807526640183,-0.11925395011948198,-0.23719799635624889,0.005539683355287361
ST,7113,-0.03289203610837293,-0.10813678707426624,-0.18541251358822072,-0.015133985383031583
ST,7114,-0.023421432944607773,-0.11577280202592465,-0.19806187407571918,-0.004176354908185386
ST,7115,-0.03738368486964544,-0.10313746850872867,-0.15396934005342153,-0.02066780055731572
ST,7116,-0.030850531445827944,-0.11238890241285338,-0.16348071108533205,-0.011630799571193678
ST,7117,-0.036450309986676366,-0.10681398456634596,-0.1389964310379589,-0.018564999187179555
ST,7118,-0.0380277239169463,-0.10885632295801662,-0.12928457963825868,-0.018556270146799444
ST,7120,0.2818299037875323,-0.07067286659876079,-0.5903552891183853,-0.016736931953706066
ST,7121,0.32276982570506757,-0.06759042821046536,-0.6389308521580176,-0.00813680944004122
ST,7122,0.3157919233874026,-0.07142768415665572,-0.6127859475985911,-0.011882151499166294
ST,7123,0.39047223366150524,-0.06393822907170822,-0.7101280371173643,0.0027184774107969216
ST,7124,0.3254327880642012,-0.06509311286449099,-0.5924711923986646,-0.012557985039539914
ST,7125,0.33374658123001383,-0.0820092864153409,-0.6131599203273401,-0.014363877393798864
ST,7126,0.32037485919982267,-0.07258188314995268,-0.5697122096633883,-0.020069026228770513
ST,7127,0.32962831932354947,-0.07258343732688796,-0.5663452564656714,-0.01966800673366093
ST,7128,0.33108461576040965,-0.07096925592914699,-0.5545832952538529,-0.024103259942362443
ST,7129,0.010811718368919416,-0.13559333045241462,-0.3868828612565601,0.03269239224482113
ST,7130,-0.004022790055887159,-0.12051171778387805,-0.3277600409778383,0.014661750622551845
ST,7146,-0.034269652113871577,-0.12460205166877843,-0.09267772824802516,0.047110808907887575
ST,7147,-0.03720605486799252,-0.12253843456433493,-0.0788042051964774,0.04253406073094824
ST,7148,-0.057370301074875465,-0.0971160647572367,-0.04110719970468151,0.0028415442564858
ST,7149,-0.06753539134443497,-0.08394654610768233,-0.017829885446052556,-0.020998557606765347
ST,7150,-0.07144363687634517,-0.08196140996069037,-0.00793561151726562,-0.024824097135705034
ST,7151,-0.05547329929978373,-0.10266368265829838,-0.017390729891544932,0.006688791175253852
ST,7152,-0.06406555132870188,-0.08865602078433428,0.0016864081120705784,-0.015764893821713862
ST,7153,-0.06507995703844405,-0.09116198643944572,0.010125771750117512,-0.015811418546478957
ST,7154,-0.0642596383328807,-0.09616515955957247,0.01716246278374347,-0.009770741343007384
ST,7155,-0.06499583842559672,-0.09514250939472065,0.026813909766898018,-0.015546978931133318
ST,7156,-0.06879912186015338,-0.0873313586061787,0.03635357604731266,-0.02407548049032929
ST,7157,-0.06904577307468975,-0.09027543886642467,0.04495319517911212,-0.023664660048159047
ST,7158,-0.03562874924003322,-0.11724580034219205,-0.13083503358738138,0.0443373086505492
ST,7159,-0.038431326903332196,-0.11763381662868654,-0.11901995816399659,0.04222187142205302
ST,7160,-0.06915298231818878,-0.08260058428545312,-0.05529386327378182,-0.017156564852887315
ST,7161,-0.06835793967621624,-0.0816030840633474,-0.0466788396871825,-0.01968817186068279
ST,7162,-0.0692615576543208,-0.07807099035210598,-0.03619413189589713,-0.02362869654684427
ST,7163,-0.05940744184341452,-0.09469082239815085,-0.046358576908186934,-4.567931987347427e-4
ST,7164,-0.05862972356423042,-0.08998709689045706,-0.034733657617460445,-0.005414484958682246
ST,7165,-0.06804256883297656,-0.08757295190176007,-0.0183416311538082,-0.017184377662872518
ST,7166,-0.07052900775337195,-0.08583196657809897,-0.007645672170694225,-0.022100234134154607
ST,7167,-0.06508770394973172,-0.09206831066136646,-0.004148796225420083,-0.014224369113511423
ST,7168,-0.06731965641738939,-0.0871292818673904,0.006410284506393903,-0.020233256811006593
ST,7169,-0.0633069718722289,-0.09441358642760596,0.011503012121752127,-0.010687824170093407
ST,7170,0.1665212557863358,-0.31934352961620105,-0.4804465510641728,0.36194016864266676
ST,7171,0.15215540285268656,-0.3044369813412175,-0.4302247853878557,0.3331017682824367
ST,7172,0.14351933651484244,-0.2930081505894439,-0.38810272436337045,0.3089786280136671
ST,7190,-0.05008359396951408,-0.10323244372850496,-0.06400266562396723,-0.03851932701268043
ST,7191,-0.05221892868301849,-0.10783300156705718,-0.055345494072109314,-0.039095268443837046
ST,7192,-0.05490540675977965,-0.10856707048456299,-0.044786908808550706,-0.04057394730750857
ST,7193,-0.06458622353671709,-0.09645394357432947,-0.02386772700025376,-0.051525291869169765
ST,7194,-0.08034665449078696,-0.07769489841276081,0.0012380946221678098,-0.06884213863870034
ST,7195,-0.06085831939940117,-0.10046009442373206,-0.009849194041743874,-0.04753579418754369
ST,7196,-0.06837848635013707,-0.09436391509382762,0.0052335717587911924,-0.054934213267015024
ST,7197,-0.06848741258169204,-0.0942696324173556,0.014600281297851276,-0.0556105258780495
ST,7198,-0.07574397425691332,-0.08410122677681532,0.027817693030180696,-0.06397892738051587
ST,7199,-0.07858987094307036,-0.08217548737809033,0.037447163956696186,-0.06663771376868798
ST,7200,-0.08549278129470476,-0.07610005886430604,0.04811819302140453,-0.072941294028720155
ST,7202,-0.05779378974736639,-0.0942785792854669,-0.059815929985993915,-0.04678146216224944
ST,7203,-0.04704695251591581,-0.10972074517864612,-0.06794781750359022,-0.03461183173060243
ST,7204,-0.056943192422114285,-0.1031886361504536,-0.048091788058898244,-0.04366001730355103
ST,7205,-0.07083125042911032,-0.08841224244221497,-0.022644733526783683,-0.058458064158925585
ST,7206,-0.08160592027650859,-0.07765852001744508,-0.0034892628733107353,-0.06951120211975778
ST,7207,-0.06387322132389181,-0.1009975365982483,-0.015172018625840373,-0.0492620194429738
ST,7208,-0.06925530390122779,-0.09401953017435763,-7.38233541830134e-4,-0.055460492267968224
ST,7209,-0.07253501606078389,-0.0864590722886026,0.011755109009304234,-0.06087808464434426
ST,7210,-0.07392755569134148,-0.09079054466027749,0.020439210288440156,-0.06019866393164705
ST,7211,-0.07540552031053999,-0.08947607538204132,0.030160495770835065,-0.06164208510611857
ST,7212,-0.08534005831011154,-0.07862934445973757,0.04313499841624242,-0.07176400670057381
ST,7214,0.091240855137906,-0.2382737251687737,-0.425471246277597,0.11585255227296706
ST,7215,0.10075786199336016,-0.24503327455774315,-0.41975872576455653,0.12422898277810558
ST,7216,0.089435725007043,-0.2357593659372824,-0.3799693023128307,0.11252285578880845
ST,7217,0.05274142897304219,-0.19893588558710051,-0.2864718738793444,0.0695133236952899
ST,7218,0.0512798499403067,-0.20287716590655722,-0.27380443500662205,0.07067173757530136
ST,7219,0.07013559665634712,-0.22706367710211303,-0.2953932539671121,0.0945825536305564
ST,7220,0.04669623702842495,-0.19493567004563236,-0.22643502823028036,0.06337224730377533
ST,7221,0.06625208152553995,-0.218688412361066,-0.24233657844152964,0.08707142986494797
ST,7222,0.050878730592261924,-0.20328292541749898,-0.1993483791725466,0.06972219874270487
ST,7223,0.03831216110026926,-0.18891413841493693,-0.16129975138367883,0.05433184983987754
ST,7224,0.03492618527310181,-0.18944040744513696,-0.14017836151593685,0.051452848700859886
ST,7227,0.09001470841231372,-0.22588102895059853,-0.4683681122154719,0.12758092403372762
ST,7228,0.02312486267146097,-0.16524191251665632,-0.2917616550796727,0.04589592382213542
ST,7229,0.08766537876874252,-0.22715359058045065,-0.42841492194638614,0.1256431629738035
ST,7230,0.07515399776218776,-0.21008265915420882,-0.3744649084989789,0.1070073921755644
ST,7231,0.05385109364549948,-0.19968417125941088,-0.32506562112450554,0.08645906910102238
ST,7232,0.0011182115259425467,-0.14524367043924433,-0.19185310267927516,0.01871389385935514
ST,7233,0.0559021363912501,-0.19551702944626861,-0.28609809548731807,0.08538597964600299
ST,7234,0.066561387125566,-0.20997519827258382,-0.2909163010011562,0.10002976292173608
ST,7235,0.04194144013775339,-0.1868859822740212,-0.22808821242860103,0.07015694900918834
ST,7236,0.042491070637788106,-0.19285280716156397,-0.21681861307157047,0.07387827807899877
ST,7237,0.03344567575758861,-0.17570728826327298,-0.1755000080655345,0.05718937584051711
ST,7240,0.7117432126373167,-0.6344091885855734,-1.3766567950082487,0.6728733232428691
ST,7241,0.6798756834853217,-0.655692598532381,-1.3225091307390768,0.6582672202923595
ST,7242,0.1648351963540473,-0.04624083308559748,-0.08111409170152449,-0.05964629876786336
ST,7243,0.15117815271280785,-0.046921041145543574,-0.06175250279816369,-0.06722014269904747
ST,7244,0.1631110800942519,-0.04957919992532449,-0.05384937537155047,-0.06439587958340218
ST,7245,0.12073060674375467,-0.03416085092457841,-0.023009561351866683,-0.07878771151939701
ST,7251,0.03929821980362359,-0.0028487300405866337,0.060355765263628625,-0.10717719849538539
ST,7252,0.08905904220984852,-0.017033013369314877,0.06494309328903845,-0.09363292940163295
ST,7253,0.07367585838982244,-0.013383879048649976,0.07606703730774395,-0.09831234199422322
ST,7254,0.00881681125094785,0.006537765814945572,0.08535120683282575,-0.11610843217731279
ST,7255,0.018287378899788927,-0.14793442215276367,-0.18986772039453217,0.018045784571752627
ST,7256,-0.02026946671819334,-0.1357355642311904,-0.1353595547296911,-0.013216324534375231
ST,7257,0.001288012548269813,-0.15851893595264407,-0.1579280650478097,0.009243181115773809
ST,7258,-0.015023209666679816,-0.13777985845496793,-0.11814682896180205,-0.008947617814468548
ST,7264,-0.0514811261307981,-0.08934421557906648,-0.008351560917518363,-0.049897879770925906
ST,7265,-0.030819268092996826,-0.11769254374215055,-0.014856493862629739,-0.02664842282949253
ST,7266,-0.041197730552754115,-0.10478106785590975,0.004281944082595824,-0.038541172952188306
ST,7267,-0.061330644215894736,-0.08842371210757194,0.02514235199076956,-0.058164043473978674
ST,7268,-0.04308106990889081,-0.1024388398997907,-0.14383394393225918,-0.034465221204375014
ST,7269,-0.041624128991171745,-0.11437226063820244,-0.1487453514408024,-0.030013837432997813
ST,7270,-0.05342163905819366,-0.09615500956753446,-0.10960944900323698,-0.04424536055264303
ST,7271,-0.055435745862875634,-0.08972446377765433,-0.0932745525497917,-0.0478280207755435
ST,7277,-0.0705822284929184,-0.08265116063770384,-0.025612912739841606,-0.0616938816869632
ST,7278,-0.06429107786168242,-0.09091110758613047,-0.0256938850568369,-0.054486713129547844
ST,7279,-0.07444663856811731,-0.08161735885469747,-0.005733029093682108,-0.06506986409774843
ST,7280,-0.08134222904624973,-0.07409745127464903,0.009091264170180084,-0.07258069927694603
ST,7281,-0.028659208030840575,-0.10725663242210161,-0.19981188038854994,-0.02122920848472663
ST,7282,-0.04661564851810553,-0.09862286555180337,-0.15868936374895573,-0.0375263581760868
ST,7283,-0.04466482884380366,-0.10405014684514233,-0.16055732854055066,-0.03395031547146038
ST,7284,-0.05780081207082759,-0.08953626831874882,-0.11992796845694575,-0.04844765879585522
ST,7290,-0.05774853285828726,-0.09582055625762927,-0.07359463717833699,-0.04682654568984684
ST,7291,-0.06900641775033049,-0.0804335357547566,-0.04260913579919286,-0.06051744416126148
ST,7292,-0.07088816066298832,-0.08109833223495541,-0.03354632165270562,-0.061672922757485066
ST,7293,-0.08064873260775061,-0.06858237439840857,-0.010242668954304065,-0.07311292157308817
ST,7294,0.6787281098541935,-0.43595952297467583,-0.9595601676225011,0.38268386839642327
ST,7295,0.6611636863676763,-0.41922787412661533,-0.8894109448550895,0.36928035124222836
ST,7309,-0.15096827081201128,-0.008147969559722312,0.074133858456378,-0.13109263847341976
ST,7310,-0.15156461962365422,-0.006583405189454584,0.07554688494922607,-0.13196431229054692
ST,7311,-0.15165382604644873,-0.007652658974011804,0.07734518046582209,-0.1317434482297157
ST,7312,-0.15137875080988578,-0.00799560804411681,0.0788398924741072,-0.13156774440146
ST,7313,-0.15202262180291526,-0.007449964457114133,0.08028587748778143,-0.1321754119531015
ST,7314,-0.15260926499384833,-0.0066784137278968906,0.08162633287146573,-0.1328379772671578
ST,7315,-0.15390284764811155,-0.004204339534620077,0.08221187092832333,-0.1344727350821451
ST,7316,-0.1533648930209006,-0.005848087198277669,0.08429643051762906,-0.13361148787149543
ST,7317,-0.1537244375462754,-0.004735943388060616,0.0858607189526221,-0.13410438381337034
ST,7318,-0.15463890972126668,-0.0029596050729008942,0.08581725669928973,-0.1354300597671944
ST,7319,-0.1544496358118652,-0.004139235127484133,0.08772250647003835,-0.1349418393614414
ST,7320,-0.15547911832959846,-0.002667058176013214,0.08810648106955765,-0.1361091545695344
ST,7321,-0.15574906086458978,-0.0012103523038170462,0.08911491803148539,-0.13653761328666555
ST,7322,-0.15551625614236844,-0.003677709244972568,0.09136090245061042,-0.13586511060038825
ST,7323,-0.15549800043570983,-0.0032803205480053696,0.09211458481043296,-0.1360864466283442
ST,7324,-0.11750746009023623,-0.5469968626378547,-0.1510151328928503,0.39511313849051083
ST,7325,-0.13231643853141425,-0.5375004829123893,-0.11733743768353572,0.37474579627712745
ST,7326,-0.12491829877541029,-0.5284304224067882,-0.09880082114763393,0.36874511494882467
ST,7327,-0.1328080181971639,-0.5333670045590746,-0.07404606225090649,0.3681104724178888
ST,7328,-0.11931243956645189,-0.47762339458710595,-0.04977737598416708,0.3131546040804007
ST,7329,-0.14262822484499885,-0.5568394562693395,-0.029152995065132876,0.3864738326745114
ST,7330,-0.1370307134445069,-0.5174699301362748,-0.004873216250531196,0.3480028172188375
ST,7331,-0.10994103671021983,-0.4190469036996155,0.011221670222527262,0.25306425392000287
ST,7332,-0.13864934606497653,-0.5031205306322938,0.04017440680352465,0.3289642369635819
ST,7333,-0.13817377521139182,-0.4993934336218319,0.061320201628704656,0.3266556373311749
ST,7334,-0.10537859443731332,-0.39432156424843545,0.06539577659048074,0.22544374235148665
ST,7335,-0.11556257814054989,-0.43102153202477317,0.09045980242561048,0.26050813242104476
ST,7336,-0.1079699314331086,-0.40222720545327123,0.10441195988306344,0.23031326728566948
ST,7337,-0.11283686766051179,-0.5285885577806929,-0.16747529115226964,0.38130511455897653
ST,7338,-0.12905579017425645,-0.522161074865804,-0.13385663644562862,0.3630735007149773
ST,7339,-0.10283882271429275,-0.4542976114014628,-0.11076876417213187,0.3041101973057972
ST,7340,-0.13469617985922727,-0.5193190108361149,-0.08851548487515587,0.35294727780641333
ST,7341,-0.13299778279749344,-0.5245208573729352,-0.06974402882683446,0.36063410763039944
ST,7342,-0.10941928514311063,-0.44820926452242543,-0.04766531875183859,0.2881594052077866
ST,7343,-0.13639212910484244,-0.5026142225422258,-0.021330961081474656,0.3331678765314364
ST,7344,-0.13047080841565398,-0.4841488971196551,-0.0014989398292390144,0.3172640141866495
ST,7345,-0.09515955016725401,-0.3584080918309238,0.011258287432339484,0.19287893480555943
ST,7346,-0.14451660506793387,-0.5094738500719165,0.04615084315529714,0.3368992911590927
ST,7347,-0.15308218284706987,-0.5247437820576847,0.07220443970647568,0.347526919365859
ST,7348,-0.10638679842660712,-0.40018590451432484,0.06894642733886376,0.23348118918910343
ST,7349,-0.098578053874962,-0.36744960530167753,0.08238098326922379,0.19756435495525038
ST,7350,0.1347666211396925,-0.2344959959271274,-0.5483416544554612,0.13949398981371522
ST,7351,0.12974322287161635,-0.2538053805593996,-0.5567686462516157,0.14486769326734925
ST,7352,0.11673781394036874,-0.24222739216623032,-0.5010483751769069,0.12906650804215009
ST,7353,0.09501372061295375,-0.21565637168126997,-0.41755898996721386,0.10097038185106556
ST,7354,-0.0034345527929702615,-0.145969966433112,-0.19451285296364842,-0.0032125162120462646
ST,7355,0.029587920273565767,-0.16903321538969704,-0.22654784401753966,0.025129736181274828
ST,7356,0.09706874268673245,-0.2385281565114387,-0.3855237861949152,0.10889971220777941
ST,7357,0.09371677039966196,-0.24137876597376973,-0.3641650241267873,0.10745611863484146
ST,7358,0.09922206101999759,-0.24576222835355008,-0.35073701740216656,0.1125088697799908
ST,7359,0.07439678968361639,-0.21456960254684596,-0.2699432690562809,0.07959701744628235
ST,7360,0.09849480511571448,-0.24337317851113405,-0.29995308203183957,0.1095297161454272
ST,7361,0.08516499937255417,-0.2348659517087696,-0.2557205856005888,0.09486691972206705
ST,7362,0.06647884064472487,-0.2172486078099503,-0.20124259354456012,0.07190515886604582
ST,7363,0.23366796154505126,-1.3758055715223423,-1.180732448304831,1.2774252159207404
ST,7364,0.22176226374400326,-1.3483451140576506,-1.0905636063891009,1.2519945566625967
ST,7365,-0.003251447683547279,-0.15564548494715602,-0.18232295727251166,0.020914085427781327
ST,7366,-0.015362332818120111,-0.13910003302382656,-0.14473803208348368,0.00467140913948714
ST,7367,-0.01696022476004832,-0.14048406081537496,-0.13406246652516082,0.004931388688769947
ST,7368,-0.030733961247273834,-0.12707815968641667,-0.10258988248153485,-0.010409757573696578
ST,7369,-0.03393820906321666,-0.12461877227719804,-0.08608506020100126,-0.01494451809870159
ST,7370,-0.028726319051490347,-0.13264364617443508,-0.0827797150119701,-0.008359475267991382
ST,7371,-0.038078954232453416,-0.12209445849333937,-0.059019144729250114,-0.019612182902870156
ST,7372,-0.038841626783505126,-0.12424860466348513,-0.0482544418343628,-0.019177706175190528
ST,7373,-0.04736340802144425,-0.10982236798519443,-0.025243329767507917,-0.03254803785236758
ST,7374,-0.04880927169512873,-0.10766760066993206,-0.013024760418154426,-0.03554171252632402
ST,7375,-0.05218562800392051,-0.10772067897635043,-0.001941457755905946,-0.03613729777109912
ST,7376,-0.051408089037354235,-0.10641803068367399,0.008720423917189626,-0.03787956215667577
ST,7377,-0.05322722557615651,-0.09493363496690152,0.01978151849038193,-0.04506160837160319
ST,7378,-0.007401543906785949,-0.14155989701795008,-0.18228334367206062,0.012674342528868164
ST,7379,-0.01123985360228172,-0.13982515607973992,-0.1643750417173713,0.008577118628766651
ST,7380,-0.04210235961812065,-0.11154303242082368,-0.10434048257649804,-0.024794351857806058
ST,7381,-0.025167107306255158,-0.12914085169963546,-0.12274291797980044,-0.0049770412713221355
ST,7382,-0.033208581741867804,-0.12365078030427017,-0.09951130385650232,-0.014306002830105106
ST,7383,-0.034101442952542645,-0.12184991878041966,-0.08593607127394157,-0.016267115739457747
ST,7384,-0.03092049516609554,-0.12552843035681743,-0.07939162096982395,-0.012441610770438502
ST,7385,-0.04203507594384966,-0.11613717832087189,-0.05499589171679694,-0.02448722631838271
ST,7386,-0.050594959269343376,-0.10600791732035464,-0.0329128035252233,-0.03598814122325304
ST,7387,-0.04663313323108132,-0.10491879970185787,-0.02424668619881955,-0.03484916266052248
ST,7388,-0.05323066900267751,-0.10048664087071006,-0.01023585465630607,-0.039903756199551714
ST,7389,-0.0530859302727855,-0.10207188829228656,-2.6688645822244694e-4,-0.04057495546734829
ST,7390,-0.057035402465369,-0.09129741730659971,0.013209013554704602,-0.04977869896271376
ST,7391,0.1498164201645033,-0.2704048549046798,-0.44160410463920735,0.1620466407217012
ST,7392,0.19124508835833634,-0.3086675118484423,-0.48594996042588134,0.2024282887051757
ST,7393,-0.17552831936474766,-0.22463305933747363,-0.03153243314882359,0.10935374920156132
ST,7394,-0.16479377203341364,-0.17847093659155808,-0.013742322749616571,0.06558742048485997
ST,7395,-0.1853930602867698,-0.2753730333679203,-0.019625910602511887,0.15681063985277569
ST,7396,-0.17625550416861327,-0.22766537162519032,3.4978525779796535e-4,0.11064645329596276
ST,7397,-0.18287571531550179,-0.21885983799476824,0.016824951541868888,0.09912189498366426
ST,7398,-0.17076306352823872,-0.16683726861910278,0.030704012392551414,0.04901466085421144
ST,7399,-0.17780502709846352,-0.19724359427019822,0.03859402318909495,0.07925727294097207
ST,7400,-0.17816747349027265,-0.20242637611647366,0.04825756691802652,0.08535698909185817
ST,7401,-0.1802000446170796,-0.18970723087961008,0.061242199035179544,0.06907442214388632
ST,7402,-0.1563753736134997,-0.10582554354219233,0.06440298377238583,-0.010937029118693426
ST,7403,-0.17299329630015275,-0.15043448309850666,0.07935979131882194,0.028958001686053805
ST,7404,-0.17264845835952888,-0.14611612699619464,0.08812491472866701,0.024737082286221467
ST,7405,-0.17980469380357408,-0.16652076086454387,0.10164010483695315,0.043315993165593404
ST,7406,-0.1891308345140416,-0.18682175817603086,0.11751117311357125,0.060736232580800756
ST,7407,-0.16592732996037193,-0.11837636549435088,0.10950968919178701,-0.0028835202721162437
ST,7408,-0.03474732876660488,-0.11148891168606963,-0.12880447286107388,0.10233447816149539
ST,7409,-0.039399826776245143,-0.12454073175839601,-0.12686857370297447,0.1127944482256549
ST,7410,-0.040595363233061885,-0.12242486321772358,-0.11403555322425267,0.1054956211946023
ST,7411,-0.04103428629245313,-0.12109171110592377,-0.10190836265867051,0.10436764266863824
ST,7412,-0.04514909533035756,-0.11475566941558553,-0.08430066481102087,0.09189463829147027
ST,7413,-0.05859898155347064,-0.0914485727180147,-0.0503727351015131,0.04688656483913906
ST,7414,-0.054966627951770854,-0.10923845198663716,-0.05429910576169835,0.07310680535392027
ST,7415,-0.060132613325318884,-0.10614232088131179,-0.039492059321106214,0.06460253601010733
ST,7416,-0.054658567414579966,-0.11464783300393919,-0.034897849665039365,0.0747618064174281
ST,7417,-0.052690072553639035,-0.11414612385579456,-0.024980146433663534,0.07657148876674826
ST,7418,-0.06599387102702621,-0.09942833989389427,-0.0025830886932982364,0.044841595594756374
ST,7419,-0.06161915400210794,-0.10941156308047884,0.003108470201404853,0.0621160440564131
ST,7420,-0.06494778817684609,-0.10253409023682226,0.016441615939230537,0.04779513497209515
ST,7421,-0.07081353499181456,-0.09321971068057322,0.02976486962440669,0.028324455633939608
ST,7422,-0.08004239688161892,-0.08612079517890282,0.043146268229908996,0.012408334762995469
ST,7423,0.02221299860470131,-0.16334694506997893,-0.23870511324336147,0.02309114615691838
ST,7424,0.06494879870883749,-0.21365710676015992,-0.3142312199635784,0.07032088658893329
ST,7425,0.05357624277860759,-0.2042352109683881,-0.27791705191797306,0.05877950322526559
ST,7426,0.031586526985986144,-0.18476062796672976,-0.2241517432337723,0.03597451353521701
ST,7427,0.04195276375750384,-0.19786990424239517,-0.23018486525244347,0.04862686458353673
ST,7428,0.01940830669774268,-0.17509244368315932,-0.17766961796809433,0.024889742068784103
ST,7429,0.01182772804890118,-0.169493137338745,-0.1484831365574431,0.015090341908913486
ST,7430,0.02834146930816363,-0.19249704464898854,-0.16196057602374986,0.03493990195166494
ST,7431,0.012008726868099819,-0.17093848889557334,-0.12149163626598543,0.016440688764344517
ST,7432,-0.00987874487820809,-0.15090561294537322,-0.081496165074178,-0.005705868076744315
ST,7433,-0.014907111541660065,-0.1461480781670997,-0.06134040145788225,-0.0121837797837906
ST,7434,-0.017318379765599867,-0.13926041630749,-0.044249655472506734,-0.01648553074055259
ST,7435,-0.026102431626479496,-0.1313450101390152,-0.025494847849590364,-0.02463743290441434
ST,7463,0.39981747545596996,-0.19248352587442558,-0.1894510919125969,0.0381820862660244
ST,7464,0.3228768315576597,-0.16558251714728647,-0.13274831624279237,0.008972122661113722
ST,7465,0.3237381192265137,-0.1702406856978946,-0.11421471664570633,0.005670145242445857
ST,7466,0.3017617104018869,-0.16114897795116814,-0.08781202417500668,-0.0030597904550535367
ST,7467,0.32372589795486545,-0.16867588448315543,-0.07725967719215726,0.0023531745539610086
ST,7468,0.3333341462525737,-0.17169400758271713,-0.060883362503874154,0.003398725725266851
ST,7469,0.3033798598059359,-0.15669893905147683,-0.03612112878919409,-0.005835842359237709
ST,7470,0.31294750181131464,-0.16247028690539772,-0.01843011488403778,-0.005854591473041295
ST,7471,0.26192900237943506,-0.14329432398565697,0.00665723011273136,-0.02177477243185221
ST,7472,0.3189791048079657,-0.1658633253446236,0.021951859221899957,-0.009409474099770125
ST,7473,0.2854007951255561,-0.1520981285471329,0.04149690643006571,-0.019543162895519328
ST,7474,0.2412441646528196,-0.13600773101287003,0.05749682276058465,-0.03199535368707173
ST,7475,0.17276453729318153,-0.11591340830950292,0.07128602886873951,-0.05241850111052699
ST,7476,0.3946814134713855,-0.19208490707363193,-0.16710415041808765,0.03806787905813348
ST,7477,0.3142289711468409,-0.16744500825122738,-0.11125646042805132,0.00595971032215531
ST,7478,0.3508696890427755,-0.18247828323777235,-0.10696003605400589,0.016137956859002864
ST,7479,0.29332446207438034,-0.1559249817380524,-0.06947155146270394,-0.00312256571568487
ST,7480,0.3034559783112725,-0.16268851636522078,-0.054048409084085244,-0.002752388038836175
ST,7481,0.25665920193372077,-0.1458306003210576,-0.024405865623756764,-0.01955955696571047
ST,7482,0.3158270992068211,-0.1683676685701107,-0.01923220110293131,-0.003090318023000273
ST,7483,0.29784098286101757,-0.15946253644162053,0.0010265148943073919,-0.009375629352796682
ST,7484,0.3058534882573541,-0.1636746852671826,0.019856235050351924,-0.009507044257466095
ST,7485,0.28229532427815807,-0.15374238658317305,0.039304556547954325,-0.01735702802534494
ST,7486,0.27310260465804936,-0.14994165540627738,0.056929054420648925,-0.021372814220781036
ST,7487,0.23894804895927008,-0.14034289261957084,0.07463586650691283,-0.03327965760230714
ST,7488,0.24039391329191095,-0.14008021402688298,0.09183622371151606,-0.03456002237075084
ST,7489,0.36873366179529876,-0.17932987723626942,-0.20394188712937592,0.34084699229154336
ST,7490,0.3471546513512794,-0.18064205994073468,-0.172675876745548,0.3260748208384881
ST,7491,0.35433864654206776,-0.18094915201028677,-0.15655719144857042,0.3270795582977838
ST,7492,0.2638781631678226,-0.14203001301671853,-0.09798562306438989,0.21897560532207316
ST,7493,0.31227686606702454,-0.164910233593439,-0.09969227716739554,0.26816184003184973
ST,7494,0.28650056010849556,-0.15072617691175522,-0.0731821091676973,0.23414204713512848
ST,7495,0.278293054870857,-0.1469972020241191,-0.053487482138448374,0.22208530483262523
ST,7496,0.23062020712858503,-0.12805258110429943,-0.02483093456378766,0.16875886813972502
ST,7497,0.27767208276971483,-0.14916054907637163,-0.017000313751903025,0.2184824485846764
ST,7498,0.26508489936147844,-0.14176585270703473,0.0012190122125186695,0.2011177498928477
ST,7499,0.2859799179872431,-0.1536612772379567,0.019964803503856147,0.21964783544584407
ST,7500,0.20439238010806257,-0.11904077450058825,0.037079952044519984,0.13067845244685647
ST,7501,0.1862987915150275,-0.11487672523462772,0.053036216742407945,0.1129891540689767
ST,7502,0.3280342131325793,-0.16064861473842457,-0.19744955255391047,0.29596001451103837
ST,7503,0.2824716212251757,-0.1422116363875207,-0.15389403851960298,0.24592797194018723
ST,7504,0.35354585396235444,-0.1762481740240425,-0.1741202329139849,0.3248831474784339
ST,7505,0.31485352450740806,-0.15943817467119312,-0.1364687879942963,0.2738115847677199
ST,7506,0.2865711857588285,-0.14794076329469596,-0.10611149555573338,0.23736739589113312
ST,7507,0.300729066433776,-0.15452859370822136,-0.093819078989606855,0.2495325822074709
ST,7508,0.25310901991250945,-0.13307073481390116,-0.06108845785155252,0.19394280557298216
ST,7509,0.2797641988185345,-0.1462137846884856,-0.05129509550496583,0.22117339871334463
ST,7510,0.2838100165701249,-0.14595941473698837,-0.03534141528438378,0.2224161256114284
ST,7511,0.28513806713398354,-0.14922301918098427,-0.015658411009488993,0.22329118846964455
ST,7512,0.26429119847846916,-0.1389990908571737,0.003909613490245452,0.19479760310152677
ST,7513,0.2003647037338739,-0.11485454379731456,0.02471859900740884,0.12647708762803067
ST,7514,0.21035751573268505,-0.1215838738942384,0.04188418241568032,0.13749105266982053
ST,7515,0.3252106384484106,-0.1478684195523112,-0.25408657766260073,0.2901401023628647
ST,7516,0.31842839690886837,-0.15471494857926135,-0.23415427201698732,0.2915310264990454
ST,7517,0.26558969333104204,-0.1359338942512861,-0.1819323028757407,0.2290003592223077
ST,7518,0.2960036619520811,-0.14559057768056227,-0.18448017796915175,0.2541422403641066
ST,7519,0.302108650502893,-0.14528050439016915,-0.1704367260078179,0.25350462953773095
ST,7520,0.2776617624355704,-0.1352621520437758,-0.14003370271486534,0.2227669022243493
ST,7521,0.3063287067156583,-0.1462779715815489,-0.13665854976699354,0.2507945024593545
ST,7522,0.21341406125166618,-0.11315967490745941,-0.07928018118253163,0.14957552948473404
ST,7523,0.2785198950275477,-0.13623960213312994,-0.0891188147088548,0.21658043170278063
ST,7524,0.25179980742339936,-0.12709051659330364,-0.06296075839180836,0.18689166996515214
ST,7525,0.26381061334709677,-0.13138514620667957,-0.0493566506348098,0.19416606186033022
ST,7526,0.20442222216370726,-0.11122243330273063,-0.020042605006957998,0.13069417940636238
ST,7527,0.2101709047935304,-0.11280261368804267,-0.006405398025564906,0.13526494748745424
ST,7528,2.6130099156344935,-0.9113968079571445,-1.5842632191886963,1.788429385052225
ST,7529,2.5962786327176426,-0.8927749734552178,-1.4815495950217032,1.750557223676872
ST,7530,-0.11163006345157772,-0.04331821975583777,-0.015500412778472956,-0.09539854184807596
ST,7531,-0.12095519015466791,-0.03297533723168378,0.005294668914831562,-0.10524013164208541
ST,7532,-0.12150344134304968,-0.03264567229964112,0.00933900762248229,-0.10577421605684453
ST,7533,-0.13849049117983023,-0.016134514922349057,0.03936795922807235,-0.12347419675320855
ST,7534,-0.13469030527671366,-0.018540671077818604,0.0359721471685652,-0.11944420505301076
ST,7535,-0.13770796482723952,-0.01671389017919147,0.042485674095677245,-0.1226300540853548
ST,7536,-0.13965874255511332,-0.015290521679699971,0.04696174061451526,-0.12455088116171589
ST,7537,-0.1380394576450014,-0.016398139300687887,0.04721819251027178,-0.12299329140739222
ST,7538,-0.13400435906346378,-0.019429453800831532,0.04516104902520653,-0.11904071127231346
ST,7539,-0.13588987273306877,-0.01747295444704469,0.04997263410173427,-0.1213883044266493
ST,7541,-0.13634573758559446,-0.018181809542388096,0.055091937006757456,-0.12210059639771095
ST,7558,-0.07617681141120819,-0.07310964328273652,-0.05713098248714515,-0.06131491887747977
ST,7559,-0.09611490758414856,-0.056189817245423934,-0.02251139981297984,-0.08150261477041539
ST,7560,-0.0945710190107055,-0.056265544506186385,-0.017671567320984786,-0.08044727717715104
ST,7561,-0.09447102215534758,-0.053304274957417276,-0.011586303838994774,-0.08122966560915157
ST,7562,-0.09289891829384665,-0.059059135148410595,-0.00998850544532828,-0.07827932535151272
ST,7563,-0.0901755699514833,-0.06356704569238554,-0.00815109464991904,-0.07478542230121411
ST,7564,-0.08605176759063679,-0.06819733094741343,-0.006291970459144017,-0.07012633712397398
ST,7565,-0.08765535205241125,-0.0619470018951724,0.004581439824867617,-0.07376343369631819
ST,7566,-0.10045445274269535,-0.0482874031006734,0.023183118756424814,-0.08764616814942841
ST,7567,-0.10052420072082949,-0.04923906944247007,0.028590607626927955,-0.08716742148607283
ST,7568,-0.09670578250570647,-0.052873983651204805,0.031896401895166696,-0.08291099393689702
ST,7569,-0.10249560177056201,-0.05324397712117345,0.04167886906017254,-0.08714594329520385
ST,7570,-0.10120774612971419,-0.04634821287856839,0.04691179782873512,-0.08859318562942455
ST,7571,-0.08076160442371957,-0.07143630913514071,-0.1068034906964165,-0.06446835818717328
ST,7572,-0.09319422742317245,-0.05911945246744061,-0.07135146689644314,-0.07792402249367719
ST,7573,-0.09132300282975751,-0.05680343894931627,-0.06504070408173775,-0.07751908344805689
ST,7574,-0.09084676670598406,-0.056092626318469875,-0.059827234020582085,-0.07743491605658552
ST,7575,-0.08802391005721752,-0.05577973307597693,-0.05701222448327136,-0.07551308073210701
ST,7576,-0.09414677277614401,-0.05429724255931584,-0.0440665359745908,-0.08039658969358685
ST,7577,-0.09078814490450417,-0.05938946838874036,-0.04728884492044478,-0.07601697217546292
ST,7578,-0.09716287778993848,-0.05450298363504363,-0.029945783629625224,-0.0825951387266065
ST,7579,-0.09413925297518476,-0.055983138045549406,-0.028559984004707408,-0.07978631964809876
ST,7580,-0.10416878646579666,-0.0480411358207087,-0.0077161277121893055,-0.08971198357744205
ST,7581,-0.10202145256239485,-0.05213204852732707,-0.007331260539522843,-0.08668286003309822
ST,7582,-0.09921677898039742,-0.05178288179594845,-0.0035864788561348277,-0.08477133414563202
ST,7583,-0.10388476314065188,-0.046331058294566664,0.009013512441655573,-0.09007458598516324
ST,7584,0.01603753251525227,-0.15807768387614754,-0.2695280021735632,0.026850183926061307
ST,7585,0.006111091300486146,-0.1530839418286427,-0.2425958969524608,0.017966632482797402
ST,7600,0.005028242597022671,-0.1617276365169069,-0.19579424087722977,0.02021295402671528
ST,7601,0.003279180453494422,-0.1593881599203826,-0.17899285565642903,0.017612457819001125
ST,7602,0.009876166934957246,-0.16499041579895157,-0.17431296952965833,0.023269598746909377
ST,7603,-0.007486137373668992,-0.14350078473784214,-0.13133325466666243,0.002862976974735232
ST,7604,-0.0010765054520283908,-0.15411971968095936,-0.13218675541803004,0.012002736677381397
ST,7605,-0.001899760461307719,-0.16285599148218097,-0.12296683828173932,0.013990559777046153
ST,7606,-0.004126822901168805,-0.16192129669206246,-0.10664016848250198,0.01181705062641939
ST,7607,-0.015509135817024336,-0.1402821985776965,-0.07476385589134725,-0.004246381592418268
ST,7608,-0.008424635872277628,-0.15715856215456703,-0.07263633069295662,0.0064017894663080145
ST,7609,-0.021241294734678815,-0.14247816709059216,-0.04542623295389235,-0.008329634555794281
ST,7610,-0.03472250095797806,-0.12156615910809339,-0.019040910239742873,-0.02632417352739896
ST,7611,-0.02499508436086638,-0.1339520218707395,-0.015166877194979589,-0.01472648123264743
ST,7612,-0.034100103713780625,-0.13255563756204636,0.0028226310205856074,-0.02181862993877572
ST,7613,-0.040298433786604006,-0.12641629229649687,0.018523226965185074,-0.02872060677984631
ST,7614,-0.045069167288216805,-0.11908597829176669,0.031817209879977514,-0.03595512541067173
ST,7615,0.015452326242162074,-0.17715175060584126,-0.16490070992971304,0.02845993820208169
ST,7616,0.021516663900696578,-0.1869865580115876,-0.16162642196258378,0.036571321367958466
ST,7617,0.0168977222139706,-0.17863159577619475,-0.13801351678860171,0.030081598109252036
ST,7618,0.009405076144085244,-0.17745662740662713,-0.11807655053648286,0.024923747313706564
ST,7619,0.012253693000294243,-0.18143613748655574,-0.10482922228259758,0.026704457455348333
ST,7620,0.00414743582920069,-0.16128780160234688,-0.07681941286228502,0.013811115772737794
ST,7621,-0.00685936313816478,-0.15455738073236755,-0.05351518738673191,0.0033340577917451344
ST,7624,-7.299008805072059e-4,-0.17117159236654533,-0.01468509441194026,0.01234034769995502
ST,7625,-0.013895871883866815,-0.16228204602806942,0.007952067637044532,-4.195080461228674e-4
ST,7626,-0.02241071776757952,-0.14830812987391714,0.025431075666933634,-0.012036084573503782
ST,7627,-0.04174143280189869,-0.12693874096125254,0.04323631253350865,-0.033121854799830354
ST,7628,0.025565097256018635,-0.17962806786004468,-0.22837879940699093,0.032658945048900156
ST,7629,0.023737469224288196,-0.1785134740228077,-0.2112963230686154,0.030994410837774995
ST,7630,0.018168216078318478,-0.17700831402219147,-0.19086287004670624,0.026548136266283377
ST,7631,0.008633607039505815,-0.16610436175944754,-0.16109072856725729,0.016601408884504065
ST,7632,0.018979309408436878,-0.16704142155836887,-0.1530701702676118,0.022785160908958046
ST,7633,-0.006666434281852665,-0.14991042208245567,-0.10907059160506369,-9.206108081204151e-4
ST,7634,-0.01569663133935938,-0.14280086115565796,-0.08537988151397587,-0.009850899143945258
ST,7636,0.02706785526983036,-0.1782781195226283,-0.26405349571014786,0.03981037048862686
ST,7637,0.016137695405514716,-0.16847176101279848,-0.22977514429328455,0.02846906966462902
ST,7638,0.022367878187236023,-0.17312417088728174,-0.2255302922019963,0.034547085590765636
ST,7639,0.008475408746565168,-0.16394012261646093,-0.19221140878249957,0.021796003391339712
ST,7640,0.015285249235955216,-0.1692261918053474,-0.18521876355978822,0.02701484204934579
ST,7641,-0.0016538282133999344,-0.15546375250350514,-0.1465997670327161,0.010049017834990027
ST,7642,-0.0029553252053589173,-0.14596202185694712,-0.12470942621160429,0.005355486380557444
ST,7645,-0.01597896450416662,-0.1413031137582746,-0.07045249298448153,-0.007388532307603801
ST,7646,-0.017679067135683804,-0.14475603715388183,-0.05756266065707458,-0.007214439660959013
ST,7647,-0.02212093542975445,-0.13661904543527503,-0.03811046727491064,-0.0139650503161164
ST,7648,-0.03483059268966289,-0.12115894769796354,-0.014664816595484947,-0.028433351219603768
ST,7649,0.4959879983203894,-0.5511113827085965,-0.9572811631433176,0.45870977207098795
ST,7650,0.5282333384441255,-0.5966889714199949,-0.9780726363642779,0.4932353570165931
ST,7651,0.029377378900270857,-0.19707706045277268,-0.17322394104747063,0.04642762921515218
ST,7652,0.02134867894378467,-0.19296974674386258,-0.14855346007757586,0.038696250666259494
ST,7653,0.022556406597808228,-0.1923926719957675,-0.13292801940387228,0.0389270917322228
ST,7654,0.0044618450178110156,-0.1758211522789614,-0.09740113656910071,0.019717015424236595
ST,7655,0.01304740003373345,-0.18618605693562087,-0.09195860763137681,0.02959320306708898
ST,7656,0.008603407776540952,-0.18266303774400544,-0.07184688356248294,0.024914450345004092
ST,7657,0.002617912654092727,-0.17796064937332684,-0.05093623687007508,0.018608340137119882
ST,7658,-0.00579862973844366,-0.16902818825866486,-0.028920781217511866,0.00932486302527953
ST,7659,0.004279474210394404,-0.1786947509308778,-0.019321481770021912,0.019206519878779513
ST,7660,0.0035403575960169355,-0.1848236194040526,-0.0020074208085902575,0.021121055220288436
ST,7661,-0.019661444928372112,-0.15270260371400202,0.023160538491095367,-0.006496559434160243
ST,7662,-0.025874778068549487,-0.14381514077241586,0.03843864128614355,-0.015619861056026937
ST,7663,-0.018500745731016597,-0.1574995290591129,0.053647149458167384,-0.004871890340338602
ST,7664,0.03205649239414054,-0.182887244432694,-0.18350605815945428,0.0436846144491321
ST,7665,0.016771411425989324,-0.17686631119856958,-0.15251905553801232,0.030095814435940282
ST,7666,-0.0011722720011752951,-0.162905238282704,-0.11672548792711349,0.011935651507547565
ST,7667,0.024416789843878604,-0.19676872106900353,-0.13774208131362728,0.042089708024916905
ST,7668,0.00896551302582686,-0.17388617463795383,-0.10087856084970748,0.022898936868451437
ST,7669,0.01268266480051459,-0.18374769196784935,-0.09147569120325705,0.028923295525454248
ST,7670,0.005048851099960757,-0.17382197770198268,-0.06726699287118892,0.019549342280740106
ST,7671,-0.0013485522370582314,-0.16989358505307048,-0.046796882351876505,0.013537399810693932
ST,7672,-0.022175274649380572,-0.14190174543690515,-0.01522106021722009,-0.012352295940930675
ST,7673,0.002462569087642497,-0.18144545458215644,-0.017334581013130297,0.019786885148181298
ST,7674,-0.009534716012625847,-0.17335479775927012,0.00594803727145894,0.009072089950681837
ST,7675,-0.023571242401639495,-0.14616130479967482,0.025824646926774122,-0.011981761340874069
ST,7676,-0.013779074723758307,-0.16438411231029562,0.04021521807634289,0.001741519504805567
ST,7677,0.23776942379589944,-0.3866649414723119,-0.4962867998672979,0.24398704678073688
ST,7678,0.19874973009769759,-0.3342380175002575,-0.3997551693830061,0.19719086967245814
ST,7679,0.007734694002625064,-0.16098278910873595,-0.17249836027042167,0.02141240489117459
ST,7680,0.017852318365677418,-0.1574949431430446,-0.16316463572186915,0.02650861002112553
ST,7681,0.0018236569324549807,-0.15320481213451656,-0.13338459084575657,0.01262736254250451
ST,7682,2.6739495146472727e-4,-0.15457333098908266,-0.12078405561910852,0.01246738769638791
ST,7683,-0.010046833723539265,-0.1517361675030099,-0.09920506644152889,0.004591786323044969
ST,7684,-0.014757663238186202,-0.14729513012475537,-0.080444132395051507,-4.0078606632418256e-4
ST,7685,-0.01946305301742866,-0.14007589823990715,-0.05976519983099126,-0.007945995395963577
ST,7686,-0.008224207881795625,-0.15886402290524718,-0.059306485788926326,0.006268477528371421
ST,7687,-0.015523679681737573,-0.14996746445985207,-0.03782976832793567,-0.0026094331207694647
ST,7688,-0.026788673282960664,-0.13929805915027085,-0.015668616660637263,-0.014561904035488972
ST,7689,-0.0265603024439937,-0.1392584967609157,-0.00246898583373622,-0.014725725613091501
ST,7690,-0.024373466236377313,-0.14866989051360657,0.01042599504489985,-0.009693158074455777
ST,7691,-0.03221779855256731,-0.1423549289574281,0.028313645551233033,-0.01740870861915882
ST,7692,0.002342849192835204,-0.15929593390077285,-0.19898237423511092,0.017903167777367626
ST,7693,0.019387812275282485,-0.14947046054763188,-0.189548313722423,0.025547071227134597
ST,7694,-5.026648286919898e-4,-0.14896890173160693,-0.15856913056927288,0.01032833917787402
ST,7695,-0.005888287973284667,-0.1396966237548421,-0.13538268088832367,0.0034629335813048784
ST,7696,-0.011036824724759638,-0.1470683486161604,-0.12519178072813164,0.003040362079602135
ST,7697,-0.01662399513579295,-0.1473924577388563,-0.10838349176600481,-7.011377569299125e-4
ST,7698,-0.011829710236834984,-0.1508133054347067,-0.09839998364252187,0.002441659781413511
ST,7699,-0.013140593874247307,-0.149237611579078,-0.08194926656426071,1.379559182563024e-4
ST,7700,-0.018140657707509424,-0.1436684122336165,-0.06205765828731526,-0.005951262140722393
ST,7701,-0.02153259314945042,-0.1456043964119514,-0.04683005839846258,-0.007670543464968355
ST,7702,-0.023266106976712712,-0.140919641233644,-0.030657111982505262,-0.010872407271167936
ST,7703,-0.02796626022320693,-0.13875154525516062,-0.013735500039924776,-0.015112203388963344
ST,7704,-0.030058180379271066,-0.13727993768793043,0.0013523795221701226,-0.016891359067489446
ST,7705,0.016417278737493705,-0.15274984984654522,-0.2539680355487874,0.02638099958994223
ST,7706,0.016882635271959618,-0.14643730361633156,-0.23243041556452532,0.023583847304806935
ST,7707,0.009676744179963202,-0.15722794033528736,-0.22364889200714136,0.02173536272457785
ST,7708,-0.0029165875034106855,-0.14362268319669752,-0.18578594305666707,0.007881950083745192
ST,7709,-0.002006900243580409,-0.13120863233801003,-0.16269578569091023,0.004204223040135826
ST,7710,-0.0082409657301934,-0.13879682903334292,-0.15310079212568836,0.002870894975121081
ST,7711,-0.011432011359151903,-0.1430538725817426,-0.13914988142145038,9.884699995688989e-4
ST,7712,-0.008011249225891501,-0.14961480322947737,-0.13223348704883203,0.0051792520143814505
ST,7713,-0.01889097727779379,-0.1317757182016645,-0.0966927983185337,-0.010012385433426465
ST,7714,-0.018356725782830697,-0.14194886591814598,-0.09123815194759631,-0.005436497902267977
ST,7715,-0.01790118176262745,-0.1369350787836534,-0.07460639890672964,-0.0074539126260847665
ST,7716,-0.024032309939558506,-0.1340386419128116,-0.05563204576559908,-0.012950144856282148
ST,7717,-0.03239253380842779,-0.11888476103156596,-0.03169444137750439,-0.024909982929130065
ST,7718,0.47849010658369545,-0.5173335811581548,-0.9676590354531088,0.448012765152972
ST,7719,0.4654097375352227,-0.46712474268235205,-0.8676864029927801,0.4222982739779223
ST,7720,0.9235642494051444,-0.3373225502754141,-0.7097136619365693,0.18584810874303861
ST,7721,0.8695948944931778,-0.31824573058969724,-0.6293166249372497,0.16578628342849733
ST,7722,0.6927195065555147,-0.2625233313904814,-0.46914096828225726,0.11053982999104724
ST,7723,0.8646210645307442,-0.31579761859670635,-0.5504914750485808,0.15383131808687153
ST,7724,0.8540254130789038,-0.31153910308420557,-0.504803682816,0.14625862872426243
ST,7725,0.8015185167144095,-0.2955578713864663,-0.43660054289593003,0.1271842252307945
ST,7726,0.6749870298219279,-0.26085040680124616,-0.3338031576719745,0.09143145795322748
ST,7727,0.6405109999389084,-0.24664821321972236,-0.2869343802755916,0.08186850774703766
ST,7728,0.5766599374995276,-0.23308992613560608,-0.22945759768968957,0.05998608330960644
ST,7729,0.6473094616286785,-0.25059560862947267,-0.22713499784176305,0.07309303623269084
ST,7730,0.5322877679583217,-0.22135167750300128,-0.15928498326581875,0.04404019204894903
ST,7731,0.40870502519530266,-0.20095958558111032,-0.09995602417645096,0.01647463904486299
ST,7732,0.8172979860358417,-0.27538637876079747,-0.7953511370705765,0.1454731540063013
ST,7733,0.8166472606897813,-0.27298856095631047,-0.7593620720652556,0.14167413704472817
ST,7734,0.8927283326583034,-0.2879365107302091,-0.7912391473261364,0.15929059308660443
ST,7735,0.8418612128098344,-0.2766311286937342,-0.711433238525429,0.13904183060346745
ST,7736,0.691774175678804,-0.24048356286687186,-0.5539493148173766,0.09620454934993843
ST,7737,0.7675285135396593,-0.256396682006902,-0.5808364377478143,0.11119227682635113
ST,7738,0.7121651038506221,-0.24630992684395345,-0.5055307055549879,0.09427317516253096
ST,7739,0.6826492128728383,-0.23696113602882632,-0.45359310603385766,0.08388670863713009
ST,7740,0.6511652039688001,-0.22812245007032664,-0.4030046452739742,0.07237264162409826
ST,7741,0.616494035710165,-0.2217215641695218,-0.35266851224376505,0.05965480700429809
ST,7742,0.540228449559373,-0.20526560806168032,-0.2829627211971124,0.04406846229105412
ST,7743,0.43557610526343993,-0.18899261543805687,-0.20723982528267929,0.018109885582914053
ST,7744,2.063141231186422,-0.6720643349131987,-1.9534950207756374,0.5570441301072102
ST,7745,1.7522670003965963,-0.5667571116639748,-1.5797667700750306,0.455039678019508
ST,7746,2.037770448710661,-0.6349213019282953,-1.7624222723736993,0.539836609711557
ST,7747,0.031800722390744794,-0.1834486918992324,-0.23931863318577148,0.03732874015601061
ST,7748,0.03764104702178619,-0.20446545817717093,-0.247037692813618,0.04764546243264769
ST,7749,0.026373004655349773,-0.18636234636494356,-0.20429192810190783,0.032859818979100223
ST,7750,0.03121385997267369,-0.19029523632389247,-0.19620638375054628,0.03753198105607214
ST,7751,0.016836184738214237,-0.17872293014490456,-0.1604110505096192,0.02320894921925503
ST,7752,0.038354138201421334,-0.2050864897139226,-0.17534124243141377,0.04635417302912512
ST,7753,0.006702531051054664,-0.1623694921574788,-0.11296416310094841,0.010725131291318003
ST,7754,0.009446256668568338,-0.17549133690673582,-0.10623856131419127,0.017170128951840072
ST,7755,-6.166313700042578e-5,-0.16540400797828816,-0.08124081924978319,0.008030053856451298
ST,7757,0.047256928496906304,-0.18428093799763398,-0.3537850052002069,0.05013802125294573
ST,7758,0.02035604917143415,-0.16277649087494525,-0.2831564545766275,0.02356561209633253
ST,7759,0.04084266129508367,-0.18886536662378986,-0.3200415587118758,0.04574349415958365
ST,7760,0.01971019854601875,-0.15106206502689115,-0.2388220151976934,0.018102780780012262
ST,7761,1.5555318189383835e-4,-0.14993619559254207,-0.20508431138965605,0.0032998001063467364
ST,7762,0.03317806150172062,-0.18701761384266805,-0.26113429717151243,0.038757065865749236
ST,7763,0.01257947798712612,-0.16833518504285722,-0.21010651730700386,0.018703268799768736
ST,7764,0.00817562761776841,-0.1599189646709199,-0.18372623775339467,0.012803006669381773
ST,7765,-0.011921524593340796,-0.13930967911925257,-0.1360430235832722,-0.0075878929938709505
ST,7767,0.2400898137733425,-0.37047726830199385,-0.7052766871733567,0.22871125278588988
ST,7768,0.2555608535305281,-0.3714957892979622,-0.6933465468256863,0.2397941032588169
ST,7769,-0.03751408909621722,-0.12318414788332359,-0.07500304611261617,0.018091667196464732
ST,7770,-0.05062122835346542,-0.10917624830839286,-0.0488278158655669,-0.0012655339885725351
ST,7771,-0.05895424263315965,-0.10361992642417968,-0.03431844551817696,-0.010610311507949187
ST,7772,-0.05344460084629853,-0.10815741170841552,-0.027023436638091806,-0.005732793545926488
ST,7773,-0.06598562848868084,-0.09604322054542797,-0.005985669598404486,-0.023106523162928005
ST,7774,-0.05967763552622871,-0.11009644184384842,-0.0033238498781582317,-0.009632579887393947
ST,7775,-0.05830802246812153,-0.10339624728835667,0.006996485230141258,-0.012217967283791778
ST,7776,-0.06452758509166845,-0.08807858817113416,0.021442377954223376,-0.026827553492987294
ST,7777,-0.0643765407841467,-0.0785075448977809,0.030835847173283765,-0.0313876561311109
ST,7778,-0.06591996021285913,-0.08217053204531595,0.04034204471866079,-0.03184270673265182
ST,7779,-0.06004588922905756,-0.05662694017820832,0.04402986469646029,-0.039038855906336024
ST,7780,-0.05808982515387418,-0.05394170446160361,0.05123572012651059,-0.03775789523934673
ST,7781,-0.0337673089894301,-0.12524678348418747,-0.10263150645626322,0.024065733273075637
ST,7782,-0.056050531258656715,-0.11129700179056605,-0.07878674373658837,-0.005327660272172946
ST,7783,-0.06588746923335301,-0.09451049828238423,-0.042188599854380525,-0.021424620698515025
ST,7784,-0.04905489250902531,-0.11303289119812078,-0.05286538373873279,0.0021330716686691416
ST,7785,-0.06253613914102485,-0.0985719090588406,-0.02771445441829779,-0.01747910714946686
ST,7786,-0.06655513118564134,-0.084956745782515,-0.011716709166510533,-0.029129539965049266
ST,7787,-0.06032209408216346,-0.10049774799961839,-0.010670186205541861,-0.014341915654418511
ST,7788,-0.06216816408865842,-0.09506747953935324,0.0016077114887933655,-0.02008854244176081
ST,7789,-0.06766001957472362,-0.09368912979021976,0.014643364152958816,-0.026134045854515498
ST,7790,-0.06167697661516822,-0.09908907316695088,0.020836546000997325,-0.01806982526691651
ST,7791,-0.05467878440528961,-0.07188575100031389,0.026654261321354764,-0.02726800920621691
ST,7792,-0.0630800170165728,-0.061287924411387924,0.03796272815378838,-0.03990173549731325
ST,7793,-0.04380975437974575,-0.11320047258612771,-0.11002785223121828,0.008954633895217312
ST,7794,-0.04201288562583885,-0.11868431240105722,-0.10537008607207295,0.015146985954776801
ST,7795,-0.06046104795530297,-0.0953881707631698,-0.06519909870931484,-0.015216696420508968
ST,7796,-0.05792660601950282,-0.10105765094171448,-0.0611043779354962,-0.011421749379479325
ST,7797,-0.058815589965587965,-0.09955843304540783,-0.05024295963086077,-0.012542447265917894
ST,7798,-0.061214095416743004,-0.10034539958166233,-0.03947914086035486,-0.014052771998777913
ST,7799,-0.06839594563317009,-0.09137469273357636,-0.02107365374243459,-0.025740769014443613
ST,7800,-0.05912283441775984,-0.0921947108293585,-0.018888057508417152,-0.017875325627201566
ST,7801,-0.06456463890521964,-0.08935359864091244,-0.0048025382883321605,-0.02489594101547231
ST,7802,-0.06916486046995891,-0.08058233698641169,0.008510853954525084,-0.034041636966629166
ST,7803,-0.05380046066572757,-0.07344700713209629,0.009056817364321693,-0.024383596724271876
ST,7804,-0.05698580823851247,-0.06316795038217694,0.019770729315246933,-0.033186216424558025
ST,7805,0.270242544690975,-0.41061108291431936,-0.5872436643692781,0.40480142861172114
ST,7806,0.27999711755334356,-0.4234470993067536,-0.5704481228672046,0.4134359490931111
ST,7807,0.26765507757299684,-0.3932982366074037,-0.5100949799341226,0.38628699056027394
ST,7808,0.018305403085899067,-0.176131475969178,-0.23585393250077297,0.08919689817713124
ST,7809,0.025413828370318137,-0.18077714799336808,-0.23188111863942162,0.0984380684513186
ST,7810,0.025205019119051222,-0.18261118183129776,-0.21929301576289723,0.09996424428948351
ST,7811,0.015387568094871443,-0.1726342189194142,-0.1851886431831752,0.08175250677317214
ST,7812,0.013314103242739914,-0.17682305775570964,-0.17194399069990987,0.08404373758701349
ST,7813,0.012555484389184149,-0.17331401647913044,-0.1540892555395095,0.08035931134629172
ST,7814,-0.007577830799040018,-0.1482310256850014,-0.10755145067531112,0.047429486916561174
ST,7815,-0.00911381050328447,-0.1498978645427436,-0.09228258724435374,0.04606803347965515
ST,7816,-0.007964084638949832,-0.14553628811134103,-0.07674648119069077,0.04317783524650821
ST,7817,-0.022869601428613287,-0.1304363094157118,-0.049188402719901346,0.02146017226265019
ST,7818,-0.019574130056034884,-0.09886201813911595,-0.03129447600296859,0.004615460466156133
ST,7819,-0.02634285801436447,-0.07619307431294738,-0.015987586338994775,-0.006102282847889017
ST,7820,0.028133006097028408,-0.17657612696651584,-0.29990874195472167,0.09813168188510196
ST,7821,0.02264585523362829,-0.17054017686513162,-0.27626971954434393,0.09331688150594658
ST,7822,0.007717130281399594,-0.15266465288318953,-0.22888139340512406,0.0687635028472486
ST,7823,0.024831880728678694,-0.17558509983818313,-0.2533812456073553,0.09628878913341667
ST,7824,0.020333132580011293,-0.1768400027121044,-0.23639086135667312,0.09481858484808613
ST,7825,-0.009785598861548362,-0.14932024742973352,-0.168781449233455,0.04670318427911638
ST,7826,0.0024521411306628583,-0.1593925690346956,-0.17301327984330178,0.06761428764777339
ST,7827,-0.005074642464014231,-0.14621592478657067,-0.1400474748803958,0.05031263536797877
ST,7828,-0.013922630531136891,-0.1379218032309324,-0.11254114527315182,0.03605392567332876
ST,7829,-0.030410567265160303,-0.12037870645915856,-0.07538094200348852,0.009254652113182747
ST,7830,-0.007037899679849979,-0.10784993700710653,-0.07679402682711134,0.02102640811852433
ST,7831,-0.021228404105742997,-0.07516219170012704,-0.05189141283691352,-0.0023541045781287615
ST,7832,0.2720348759381889,-0.37664334195557114,-0.7643180780420696,0.394355940120702
ST,7833,0.2938849134469598,-0.38873690716035986,-0.7655268018665097,0.41323572664226105
ST,7834,0.24884118403731184,-0.36824371202270767,-0.6758356492634336,0.36618804977805297
ST,7835,-0.03958169683325679,-0.1094457890159205,-0.015711063334928024,-0.005837389167492356
ST,7836,-0.04866991221740142,-0.098985867096317,0.001174768157655875,-0.019125857678488414
ST,7837,-0.02616682103022621,-0.143042521573507,-0.029019801530415685,0.16760162511149646
ST,7838,-0.03061092747355681,-0.13599914155546552,-0.011399122970484421,0.1555491666547197
ST,7839,-0.016268937425322802,-0.15338661457819666,-0.05800853264342172,0.20306403234627748
ST,7840,-0.034701349872593476,-0.12833428477219574,-0.025471153690398065,0.1421488058531453
ST,7849,0.009719219977145244,-0.17143782978976868,-0.2654490958877109,0.14481507600176322
ST,7850,0.009062204598253487,-0.17691675979564173,-0.2560741840711256,0.1436250348072618
ST,7851,0.010110895380961889,-0.1621501668813195,-0.2291956687820361,0.13137187779089426
ST,7852,-0.026564600411957143,-0.12412097758091177,-0.1488174780770721,0.06260012064475882
ST,7853,-0.0010595467000386477,-0.15684446011600217,-0.1875543591200118,0.1170812507213821
ST,7854,-0.010483753837652,-0.1445543380142745,-0.15623278476343275,0.09427199739326828
ST,7855,-0.009616402689476812,-0.14995963166993037,-0.1482710895465609,0.10031248445178102
ST,7856,-0.01486726710140468,-0.1450762408685312,-0.12732647739796152,0.09025883418247475
ST,7857,-0.017750932009153363,-0.1330945746436648,-0.10456892365853783,0.07570480950482565
ST,7858,-0.010834685366305346,-0.1523154359320172,-0.10705349541174605,0.10148518167334344
ST,7859,-0.025604517692244293,-0.1374773914805182,-0.07470295624768397,0.07209790556171349
ST,7860,-0.012478513954417039,-0.15307700183440293,-0.07688662488340374,0.09964002373918633
ST,7861,-0.01989803800942425,-0.14782910695403098,-0.054754304203857025,0.08608270388463622
ST,7862,-0.02832223711755496,-0.13114730278127312,-0.030609733527063605,0.06013147455597206
ST,7863,-0.025300666959652086,-0.14400570798558446,-0.020346655313936163,0.07557769716479741
ST,7869,0.04096382957365099,-0.18526875308000643,-0.29383670144950697,0.05099846934678834
ST,7870,0.05775549750543622,-0.18292566762988963,-0.28762310038505634,0.06021858454940937
ST,7871,0.058093809652926966,-0.18865432170607796,-0.28038335790857843,0.06290547530384971
ST,7872,0.03446381776324132,-0.1821834551530442,-0.2375854993696691,0.04336796189390471
ST,7873,0.02450048073395145,-0.17565199921324437,-0.2091447010168851,0.0342264223994504
ST,7874,0.017018117530390887,-0.16793063437112518,-0.18119447719640677,0.02554604006143441
ST,7875,0.014654407154136326,-0.15927118413380578,-0.1559557934771386,0.019374251231964616
ST,7876,0.00951741023185833,-0.1584183946986171,-0.13983556195112345,0.016665776484031617
ST,7877,0.003931127310379552,-0.14909282201488858,-0.11377928171174914,0.00783943182902866
ST,7878,0.011328797559944408,-0.17012385403777763,-0.11873424928667088,0.021766994238214463
ST,7879,0.009522883534393102,-0.16647631022371515,-0.0995820563603964,0.01864721371705603
ST,7880,0.0088471437849983,-0.17087516046838302,-0.08527251277897761,0.019756742870037487
ST,7881,0.002620274203253407,-0.16308439229376315,-0.06254783538608792,0.012203746404722304
ST,7882,-9.335957319993742e-5,-0.16418932827163985,-0.0449825447257101,0.010289471673909095
ST,7883,-0.015959247443887187,-0.14469892668083312,-0.01731239522278902,-0.009427602590141658
ST,7884,0.12318364557643074,-0.2747161132509273,-0.4370892269370295,0.13543476289004355
ST,7885,0.0962232157747744,-0.24416610257676788,-0.3577055670194214,0.10384439073868475
ST,7886,0.08654024874946596,-0.24568239404982012,-0.33773585107482246,0.10078313520597663
ST,7887,0.06960136280044037,-0.22080127645032516,-0.2756550329713004,0.07675742990995946
ST,7888,0.06985534419805352,-0.22949560629851054,-0.26439547526517776,0.07987313580283453
ST,7889,0.057667697123359486,-0.21728624311273181,-0.22627591944449077,0.06696011804970553
ST,7890,0.061160186150758127,-0.22247729414261636,-0.21499095996894768,0.07204838654373612
ST,7891,0.0452627333927059,-0.19968523456753703,-0.1660051106339481,0.050254197535055584
ST,7892,0.04990077508782631,-0.2171993758181311,-0.15915807299862406,0.05863158663996074
ST,7893,0.02827745511795986,-0.18286160090649933,-0.1068678206574185,0.02875695363842332
ST,7894,0.05068228598459488,-0.21279317435013628,-0.11616862629833687,0.05537323872104624
ST,7895,0.036460553559782886,-0.19847195493703768,-0.08223462421999563,0.03814753606546764
ST,7896,0.029048442299126016,-0.1790232169694967,-0.056086036346597055,0.025135024104077308
ST,7897,0.12542070395209418,-0.267673694066795,-0.48750860122827216,0.1359404789671995
ST,7898,0.09487313819642688,-0.24148193504263898,-0.4033367916532181,0.10334802149668297
ST,7899,0.08795480741893179,-0.23756186912992666,-0.38066603597984827,0.10013109986028614
ST,7900,0.06812958076702234,-0.21858298109390198,-0.3167723768161171,0.07623316105499474
ST,7901,0.07506408764174644,-0.22870211908690063,-0.3146657229387588,0.08471112363652952
ST,7902,0.0660769289409495,-0.21520157434426085,-0.2752099606135179,0.0735504129395972
ST,7903,0.05421735000140597,-0.20247206288935024,-0.23616742258071663,0.06070663836789151
ST,7904,0.055887156957281504,-0.20774423538890208,-0.2205007354702308,0.06227232936543572
ST,7905,0.05333000162220902,-0.20311362203052255,-0.1930296576165775,0.056846629275891285
ST,7906,0.05505709664639554,-0.21230481956713942,-0.18065715928263557,0.06077892514542226
ST,7907,0.04361078976635775,-0.20076787897431517,-0.1445749261626109,0.047012356905976105
ST,7908,0.04540548706361931,-0.19619894969650245,-0.12277470967146371,0.044661919185830255
ST,7909,-7.109294531991975e-4,-0.15521540043319723,-0.057887074244767064,-0.005003045383732462
ST,7910,0.09720768714450292,-0.2198096584176303,-0.47368781320275577,0.09976907693767652
ST,7911,0.12002918738754413,-0.25575933677897195,-0.5322710857205621,0.12922031376861712
ST,7912,0.057315767620406285,-0.19878414044980003,-0.3739512261880146,0.06544524169386573
ST,7913,0.09879418609411358,-0.23493682518971884,-0.4432704119017769,0.10672233541072908
ST,7914,0.07280707116919889,-0.21537368662496487,-0.3707586976110212,0.08012522296564298
ST,7915,0.056134120098303486,-0.19271834547917852,-0.30814521071885276,0.05971785556779634
ST,7916,0.050560800600299875,-0.1947945277954222,-0.2909316797632042,0.05720722461212481
ST,7917,0.028867362725120013,-0.17799768841956806,-0.22960617515681442,0.03333043684973694
ST,7918,0.04813576122196536,-0.19867677000446501,-0.24918746875357445,0.053625931684222125
ST,7919,0.04200943966326638,-0.18469225660867442,-0.20934984535449452,0.04261480931665982
ST,7920,0.0606427786711236,-0.2094327993088686,-0.2293395473224555,0.06506192688441015
ST,7921,0.031865720176463636,-0.18571462325053992,-0.16302191643204023,0.03310886881307523
ST,7922,0.005533998795298076,-0.15748262872563368,-0.10248264377375225,0.00156575350433133
ST,7923,0.11607156746758437,-0.23678152827823462,-0.5841999737116982,0.11250729313846856
ST,7924,0.11710410665040542,-0.24271362639693536,-0.5743181976702179,0.11449576294872454
ST,7925,0.06501725020530845,-0.19700665587130742,-0.4307273520873299,0.06431351454424765
ST,7926,0.08945765106878391,-0.21898950404198875,-0.47005592457945866,0.0874129751038899
ST,7927,0.06634422692201768,-0.20102364298569142,-0.39694178452219525,0.0643339947826494
ST,7928,0.08737045051754586,-0.21910438430884868,-0.43249882563644776,0.08611275487988237
ST,7929,0.04615997257329126,-0.17977149029653458,-0.31420417040181275,0.04333567383455123
ST,7930,0.06915045147818659,-0.21024078500637014,-0.3600199486947012,0.06914101201212605
ST,7931,0.057304331446126365,-0.19616696966613387,-0.3041640616255831,0.05405359675414619
ST,7932,0.058917502309091686,-0.2015468887679644,-0.2926758481741719,0.056473513828190554
ST,7933,0.048953600658749215,-0.1924033843696021,-0.25069347904428196,0.04517632350498395
ST,7934,0.050654873374952794,-0.19922970321199832,-0.237959116703025,0.04755436299276357
ST,7935,0.028152603073040627,-0.17345605930994742,-0.17166101776745435,0.02165176242233603
ST,7936,1.1081371281103516,-1.036864443661822,-2.510516848468646,1.0276402395131505
ST,7937,1.0542223820130399,-1.024628380325022,-2.372639368227559,0.9890093233516942
ST,7951,0.7292709882111549,-0.30987371640094896,-0.5278715865175978,0.5818340707668647
ST,7952,0.8447139206014853,-0.34231389189438205,-0.5753430805595813,0.6808817205663016
ST,7953,0.8577725293539283,-0.35431972007489115,-0.5485206543912085,0.6774731648744287
ST,7954,0.8726540683325501,-0.3603704560940929,-0.5164060708873625,0.6838033254441345
ST,7955,0.8068655935775431,-0.33355021095313175,-0.4401659930848169,0.6137926443464474
ST,7956,0.8919556528841909,-0.360732337720394,-0.4480637016697125,0.6745122791331805
ST,7957,0.7922007062441752,-0.3305529729049348,-0.35940184701398437,0.5799121294300754
ST,7958,0.6135855346626123,-0.2627801868312102,-0.24511990978774933,0.4130437379734875
ST,7959,0.7792609222511878,-0.3184786164805473,-0.28030320923527163,0.5517023092997984
ST,7960,0.7622196563112202,-0.3142846015109431,-0.23596127040437764,0.5316941142382905
ST,7961,0.7657633537023096,-0.31397290795930766,-0.20016045370683586,0.5306529437208489
ST,7962,0.7093705556704857,-0.28873517502815255,-0.15101669764043285,0.4730166141497813
ST,7963,0.6041195122610045,-0.2575555111195787,-0.093062784822012,0.37852603108928357
ST,7964,0.7445743244588361,-0.3047080717663749,-0.07998225872444452,0.488600533256364
ST,7965,0.6023852031281031,-0.25592901922686784,-0.03375410320788527,0.36189304484602114
ST,7966,-0.051880949764162396,-0.12547384021029775,-0.050360203121101905,0.44450144333408037
ST,7967,-0.05007167282743449,-0.11010518030153507,-0.034045146665231805,0.3941390419038502
ST,7968,-0.05579927744053503,-0.11426399123378154,-0.06904624900788729,0.407204827146878
ST,7969,-0.053442398230582285,-0.11031229098995705,-0.05813240478898801,0.4008882699441849
ST,7970,0.0806857405640058,-0.2556902229745668,-0.40019617097818,0.717396065375803
ST,7971,0.06693079030583975,-0.23065032833202434,-0.3424538276034068,0.644293429344147
ST,7972,0.06677195773402719,-0.24587151687191264,-0.3383900373327571,0.6856080173929339
ST,7973,0.05849574824692448,-0.23417269494030507,-0.2999782316706588,0.6291843061705966
ST,7974,0.055375872665854024,-0.23337484122785662,-0.2750768297788798,0.6080924303351415
ST,7975,0.04451615104810072,-0.21230412267305898,-0.2300350746934444,0.5384569419530798
ST,7976,0.06301990740773376,-0.2360158633595742,-0.24080136845365996,0.6179891675991696
ST,7977,0.01919681138153006,-0.1733835948596488,-0.1464565418649791,0.39368188235993656
ST,7978,0.03067458940684862,-0.19786470631397782,-0.15243183984303474,0.47322583781873373
ST,7979,0.01578360628150225,-0.18165402825274637,-0.11580029304330491,0.4041329287803124
ST,7980,0.03515518826040849,-0.21474573780080922,-0.12508893227546297,0.5175905492201346
ST,7981,0.0064635265315321905,-0.17024991761688346,-0.07134823936061327,0.34782420928362656
ST,7982,-0.0031088238786846707,-0.15499695409565467,-0.044436631833337306,0.2743885948625652
ST,7983,0.0747169273818037,-0.23110143580598974,-0.41678282385926135,0.6655548155371348
ST,7984,0.08766699192602445,-0.24940519631860827,-0.4303153787210938,0.7404134816651515
ST,7985,0.0627153403726276,-0.22523965947372063,-0.3618749731720893,0.6451511145027363
ST,7986,0.058572744822646294,-0.22333890266819145,-0.3364166111835221,0.6197714524671915
ST,7987,0.05446644848874766,-0.22284391836574255,-0.31084997350178306,0.5972243347971568
ST,7988,0.058108896696619575,-0.23144433173852952,-0.3024646435392537,0.6256734881706565
ST,7989,0.055349057964306655,-0.22881829193745426,-0.27621479881214467,0.607394848742116
ST,7990,0.011876863319100858,-0.16309827491277384,-0.16611407026249458,0.365888091101103
ST,7991,0.026978569610962604,-0.19454362597231842,-0.18638000872130236,0.47457031238067676
ST,7992,0.030714734587081072,-0.20286718345928426,-0.1765146730999061,0.5002492709486446
ST,7993,0.030562710823565285,-0.20563693574133216,-0.15882083488832702,0.5037593712026436
ST,7994,0.0128718492151505,-0.1716536348666084,-0.10840799803690196,0.3727043897867766
ST,7995,-0.005485518174433693,-0.14862915447415065,-0.06813439321535386,0.2626374196972025
ST,7996,0.31877482933897605,-0.4652822959100437,-0.926764768612458,1.5052743009694955
ST,7997,0.3330576950751843,-0.5022401530795508,-0.946604614595298,1.5956165879997806
ST,8037,0.043795630332809976,-0.1924755996785771,-0.3526464194022005,0.34762400609224725
ST,8038,0.043965274138878435,-0.193381035471673,-0.3339265882684127,0.32821624881524747
ST,8039,0.08115386468643376,-0.21462718799551056,-0.37692884760191975,0.3997135460505852
ST,8040,0.05793344169122633,-0.21294384612791267,-0.33632314734694396,0.3777033017955254
ST,8041,0.05493218609967497,-0.22003827320533553,-0.3244063875964537,0.3896952782339974
ST,8042,0.036968650069409796,-0.1934964849202787,-0.26434983408784335,0.3161351935797035
ST,8043,0.049278400206822344,-0.2157907819582159,-0.27734481062961397,0.3651540784898156
ST,8044,0.0275825082446213,-0.19315540668021197,-0.2232124079193385,0.3069497945913097
ST,8045,0.03754682262299762,-0.20373112017196848,-0.2209191319278318,0.33126342286591554
ST,8046,0.019823239930766567,-0.17869088140494133,-0.17159903485786762,0.2716625793986475
ST,8047,0.020770391308695135,-0.16171929414090908,-0.14635908560382588,0.24309230729104991
ST,8048,0.013493013877739782,-0.16463028870637608,-0.12600262336755186,0.2380106289865768
ST,8049,0.029279514073811522,-0.18623813115157445,-0.13086356710911698,0.2937827189098743
ST,8050,0.00939454585710548,-0.1554146678973024,-0.08728471237734728,0.21584633540456918
ST,8051,0.005371874066780808,-0.1190302700888086,-0.06034556012198187,0.15517925805654847
ST,8052,-0.15471636860070065,-0.10671835482849285,0.09311596286110088,-0.04205734581679154
ST,8053,-0.16085251629323688,-0.13255054522309503,0.10446590570340954,-0.018470087336266934
ST,8054,-0.1609326027098825,-0.12838836960777814,0.11011001482773544,-0.021432096485287665
ST,8055,-0.1657461658299693,-0.13820116691551454,0.11847230957860774,-0.015371380820130884
ST,8056,-0.16631036207397867,-0.13728829232549958,0.12424354782161741,-0.016506310077697105
ST,8057,-0.1636095559948694,-0.12944640062143034,0.12676013910332987,-0.02204613363689679
ST,8058,-0.1663002075719146,-0.1345207657858745,0.13447785773841764,-0.01823423464046522
ST,8059,-0.16722711303383433,-0.13655918646559914,0.1410097054237332,-0.018119902079582622
ST,8060,-0.15310200825614975,-0.07930140845035423,0.12162282328656708,-0.06729354299369485
ST,8061,-0.14969343485708525,-0.05875858530446256,0.11709506527478673,-0.08464264987937113
ST,8062,-0.16056492210703496,-0.09550912235016261,0.13810043902452565,-0.05506264745616941
ST,8063,-0.16712640395183567,-0.1175310708765744,0.1544365446784088,-0.03594798907218864
ST,8064,-0.16589024940452865,-0.10778370370034962,0.1552351210375043,-0.04389144381958324
ST,8065,-0.15792178497501522,-0.10237851470959933,0.07876249738793621,-0.022032149362495413
ST,8066,-0.16510413020078268,-0.11737983934710011,0.08784929802668602,-0.008502621378500648
ST,8067,-0.16576356194207778,-0.11944452406393095,0.0929536805068962,-0.0067347857571513365
ST,8068,-0.16791391388716886,-0.1221820967721611,0.0990625889945766,-0.004881762135183567
ST,8069,-0.16048624291853955,-0.10625187387813333,0.10033165404784236,-0.02166094088838494
ST,8070,-0.16704839553593137,-0.1324877432527212,0.11171165321347067,0.003969896149357326
ST,8071,-0.16782107456174414,-0.12752709894324388,0.11658070581487982,-0.0023069078779770556
ST,8072,-0.16824343056475774,-0.1343871140423626,0.12397203849046196,0.005560644706215806
ST,8073,-0.1518426923700187,-0.07246692017786724,0.10655373128074026,-0.05656045962613248
ST,8074,-0.1487491239519713,-0.05423879905108699,0.10344270313744652,-0.07588942983244099
ST,8075,-0.15990081210986115,-0.09147660056155284,0.1235265284537967,-0.03875734296808328
ST,8076,-0.15243569421591274,-0.06572320845977128,0.11786797317587368,-0.061209754645506056
ST,8077,-0.16339654867753747,-0.09518212950117941,0.134661759916715,-0.03672140629893894
ST,8078,-0.16150988680510492,-0.10980110483539507,0.07378959450568838,-0.014950501830676243
ST,8079,-0.16428880841013885,-0.11476518416729256,0.07988676184307293,-0.01010554395113138
ST,8080,-0.16793199661318817,-0.12467170256004637,0.08667289181950247,-0.001207518929925335
ST,8081,-0.16547487713393855,-0.11551932674730113,0.08989380467330964,-0.009507350073703897
ST,8082,-0.1685493099749212,-0.12041906060146634,0.09676440676187564,-0.006180968673559142
ST,8083,-0.1621383855031791,-0.11056047948942471,0.0992026400726634,-0.01630665769506491
ST,8084,-0.16888484973213636,-0.1318584918956283,0.10956243306465349,0.0033334927490772013
ST,8085,-0.16730567265201357,-0.1290351993690109,0.11410743780177006,8.576848945507963e-4
ST,8086,-0.15387620759898415,-0.07187177605456127,0.10183195917783981,-0.05793224185204386
ST,8087,-0.14511059547876715,-0.03852698918072661,0.09395058299277458,-0.08980981935964899
ST,8088,-0.16274296860769388,-0.09736011781482598,0.11880345972371817,-0.03451688886519203
ST,8089,-0.1678486841274168,-0.11105532281210807,0.1297202351227505,-0.021321083218263887
ST,8090,-0.16330941418725126,-0.09325739003417059,0.12705631881792523,-0.038474221657368926
ST,8091,-0.058949288751724276,-0.10963331061442398,0.004773341966097507,-0.041412349945860835
ST,8092,-0.06262534387755497,-0.09916660571493775,0.017340597155815155,-0.047219927567886726
ST,8093,-0.06478263516543803,-0.0860563200371605,0.03018726363089498,-0.0511815246324642
ST,8094,-0.0659414066289501,-0.09334964083372294,0.039353966659110874,-0.05082170563208751
ST,8095,-0.06830967616272887,-0.08789547596987181,0.049282906511839586,-0.054345747547528814
ST,8096,-0.06838090890279225,-0.09699593783361009,0.058833860296461114,-0.05260348806190514
ST,8097,-0.07665471378812126,-0.08302307841799417,0.07162651367034814,-0.06200565150034716
ST,8098,-0.07875547819150162,-0.07517268419060764,0.07775399404366165,-0.06612705677867675
ST,8099,-0.07805492545179184,-0.08327125595798293,0.09017789333214984,-0.06302486678393655
ST,8100,-0.08548085138078836,-0.07578673977361795,0.0960176001615873,-0.07131129546143845
ST,8101,-0.08198275729040021,-0.088443429076519,0.10826761947710443,-0.06520032197227489
ST,8102,-0.01337196161090095,-0.46136653886920687,-0.04816727129442552,0.33848977711410294
ST,8103,-0.02658927862016435,-0.45422933477118727,-0.01865556642891153,0.32336440345194584
ST,8238,-0.030325317378025594,-0.09590702371322095,-0.3508980844603618,0.07453613585886942
ST,8239,-0.038936940230160366,-0.08650933800449559,-0.30927568416630596,0.055832831337283305
ST,8240,-0.05007206993556079,-0.0772091451749112,-0.25963469733982886,0.03068911744811762
ST,8241,-0.05324335582548121,-0.07740161803452997,-0.24841706170621186,0.028711633006925124
ST,8242,-0.05428530009851612,-0.08079471331987483,-0.2486081631671266,0.03153941236959254
ST,8243,-0.06224177167669473,-0.07412819126731342,-0.21444077885690696,0.014966508960558287
ST,8244,-0.07027173392250362,-0.06743831076212226,-0.17770311872172695,-0.0026764206854389414
ST,8245,-0.06460298117869481,-0.07371844230994179,-0.19509011845604832,0.010988888017322646
ST,8246,-0.057146373965778846,-0.08031103625451666,-0.21441419240432058,0.026909308498178162
ST,8247,-0.06687773534418738,-0.07369932530540488,-0.1728947728190289,0.006475664254011457
ST,8248,-0.06843279917890682,-0.08266397095842289,-0.16530568271556478,0.0030156859656454435
ST,8249,-0.07180463634841239,-0.15742709094314816,-0.2240138788834372,0.020500229285386196
ST,8250,-0.08926308689654355,-0.1625766752253188,-0.19341870576364292,-0.006581185445457755
ST,8251,-0.10620071319784877,-0.467128381706456,-0.44956225008490214,0.05018127294318039
ST,8252,-0.11074676001534287,-0.3005480468919681,-0.35500444608976295,0.014692825394932213
ST,8265,-0.00947425741291599,-0.11438963300083493,-0.38937106296707485,0.07425143763041443
ST,8266,-0.011893830206447697,-0.1127947823524652,-0.37082456398896535,0.07111551239287474
ST,8267,-0.0018306114459261877,-0.12054933100659765,-0.39179899935948787,0.08630118260315453
ST,8268,-0.021809956759350803,-0.10806335412017677,-0.32679822411361753,0.05611985045395081
ST,8269,-0.03741400381643512,-0.09365119754525408,-0.2577784015463375,0.025766049976657934
ST,8270,-0.026107172034562517,-0.10647395104957343,-0.30361406102808536,0.05294803543809505
ST,8271,-0.022902992656663696,-0.10746455288290639,-0.2986031902999639,0.056036150634895456
ST,8272,-0.03900547776238577,-0.09399093843028988,-0.2368241768373725,0.028618778757245243
ST,8273,-0.04057424614747044,-0.093133902050008,-0.2264950839877374,0.02792622211191804
ST,8274,-0.05544897966099257,-0.08152074330975873,-0.16870763998759672,-6.225859667606241e-4
ST,8275,-0.05798634041972082,-0.08057823650614546,-0.14844452085069715,-0.008229104021371439
ST,8276,-0.07067830942783133,-0.07141216804123228,-0.09793079292987618,-0.03441322676888442
ST,8277,-0.07717983103374575,-0.06666084877071618,-0.08061456330350353,-0.0419907649622395
ST,8278,-0.00992500295349376,-0.11250718220072174,-0.39202381821311644,0.07279733204460086
ST,8279,-0.013125451018953974,-0.10976654479171191,-0.36910066384356,0.06769408598696387
ST,8280,-5.338717825745945e-5,-0.12076998465421694,-0.4041860824968563,0.08921016791907396
ST,8281,-0.022191213262462033,-0.10261771036888237,-0.3179692567401032,0.050285567049269723
ST,8282,-0.029282785482577872,-0.10049239597092183,-0.29497138825462066,0.04168450848767256
ST,8283,-0.026107890809263283,-0.10228097289574667,-0.3001111057420557,0.04906639733247963
ST,8284,-0.0330577223876032,-0.09844741530604013,-0.2691066003564259,0.037292246947241474
ST,8285,-0.031555979181631125,-0.09976559179952574,-0.2695768770921912,0.04333508347454009
ST,8286,-0.037489704972882905,-0.09291353097955252,-0.23749405106940874,0.03157089206918206
ST,8287,-0.06377136825243744,-0.0756861853892682,-0.14893984751294514,-0.014827063630015057
ST,8288,-0.059001670087638965,-0.07914668768869655,-0.14939690441031378,-0.010132562361733509
ST,8289,-0.07322772178301308,-0.06991922870353216,-0.09793785967795554,-0.036950820261157126
ST,8290,-0.07778199767874247,-0.06621803798384591,-0.08168294730485334,-0.043162292821518615
ST,8291,0.19895688554402866,-0.2759214516612839,-1.0600663786732007,0.38077061191268496
ST,8356,-0.1409516363111912,-0.432990776928783,-0.18271830045704662,0.29783314190091853
ST,8357,-0.1465427276821505,-0.45847068260962165,-0.17510975901158035,0.31886691048559923
ST,8358,-0.13455352126800152,-0.43345929719528037,-0.15528408037044844,0.303036762261793
ST,8359,-0.13361242466337925,-0.3989929976149324,-0.125985701171742,0.26318770770951444
ST,8360,-0.16165002178686458,-0.45522188849712253,-0.1112263620238877,0.3103924261024188
ST,8361,-0.14595210820844132,-0.40838312676124866,-0.08866696450312801,0.26842072502880593
ST,8362,-0.15383345073067362,-0.42267177145130846,-0.07182072781443238,0.2771909616043775
ST,8363,-0.12823487045984427,-0.31012918937113315,-0.04061253853761463,0.16783270744255838
ST,8364,-0.14531465526410675,-0.42311490489744463,-0.043430073187047356,0.279749643750247
ST,8365,-0.1560867019195774,-0.41169458848898965,-0.017260828016012343,0.2590008771653673
ST,8366,-0.11306295451664393,-0.2987675708635279,-0.006587363437954415,0.1560867053360035
ST,8367,-0.1070875916381168,-0.2757779391538909,0.007105715861148668,0.13238363000027362
ST,8368,-0.12093322671235766,-0.31918359776720884,0.02379386238754843,0.1772186376857132
ST,8369,-0.08981190035629336,-0.20853012119993855,0.028304393689930936,0.06258986567544003
ST,8370,-0.0740676133652519,-0.15233300471127786,0.03301632676336922,-0.0013776657786029147
ST,8466,0.03638651286048938,-0.17107343083337875,-0.37933482956262804,0.06672506967617783
ST,8467,0.01898830924595211,-0.14741938035350258,-0.3133830534029145,0.04324457970359076
ST,8468,0.014111120833645487,-0.15022943035679576,-0.3016332859692455,0.04088392339399891
ST,8470,0.01032707265413824,-0.1562738847398375,-0.277372722492349,0.03946476682452103
ST,8471,-0.0014953775448429186,-0.14303453114089615,-0.23619290831755677,0.024509031133218787
ST,8472,-0.013027825365364107,-0.13230315599827788,-0.2004776353314861,0.011264271827792435
ST,8473,-0.009681584341517042,-0.13853565165283976,-0.19966030578255062,0.01694571935773968
ST,8474,-0.015442257537351177,-0.1354575025534774,-0.1786925572903926,0.011288270034820502
ST,8475,-0.01549232192535433,-0.13724767300466956,-0.1662131682510078,0.011457293074748564
ST,8476,-0.01748785752426006,-0.12945533286680072,-0.14240931265337883,0.005533089222249695
ST,8477,-0.0176361040163865,-0.1332167652653179,-0.13359746486472796,0.007481144993946898
ST,8478,-0.017973778668700167,-0.13650739366736966,-0.12282861737227713,0.00875763478218282
ST,8479,-0.019042882064921135,-0.13536975068048937,-0.1071235948326679,0.007432895064573568
ST,8480,-0.03321907694350332,-0.12474795002615202,-0.07565749358452961,-0.008218184137855047
ST,8586,0.08979657107192458,-0.2313204491683186,-0.47194809511751523,0.1548475414447385
ST,8587,0.1150172219761583,-0.2540039190256044,-0.504711930003948,0.18295527604412853
ST,8588,0.08786216751568923,-0.23018882461220783,-0.430564500288279,0.14847847995938432
ST,8589,0.05277366140649685,-0.1975477163617402,-0.33718624766475563,0.1023971983535631
ST,8590,0.07571170211791153,-0.223409424873732,-0.3764196431458462,0.13772300176728047
ST,8591,0.06668551114338551,-0.2092371098248279,-0.3351418114610075,0.12240938137266869
ST,8592,0.06604504681038992,-0.2104471300323977,-0.3143536922185472,0.11997617422929857
ST,8593,0.06556242654329088,-0.21873845640064757,-0.3056189722610828,0.12544599937541837
ST,8594,0.06208429328779466,-0.21819516187739163,-0.2829383629085859,0.12239601085358855
ST,8595,0.05531397462398326,-0.20489894947838033,-0.24510791115549163,0.10933496816308587
ST,8596,0.0712058894782487,-0.21537630153876894,-0.24592766235343103,0.12747021095729716
ST,8597,0.04976444714733079,-0.2011872916811692,-0.19737588900361133,0.10050615431624785
ST,8598,0.04736511431816547,-0.20412623794066162,-0.1779158713603188,0.10040110240135776
ST,8599,0.02157942153113773,-0.17374847407015262,-0.12175232187716999,0.06030739611246214
ST,8600,0.002953290378251749,-0.1496711237363198,-0.08116005835325453,0.032017804621458146
ST,8739,-0.04037232018648413,-0.19660135641739576,-0.041702884542124986,-0.022746756932151842
ST,8740,-0.05786428454011029,-0.33550620147909216,0.013283407857860308,-0.03422578668480299
ST,8741,-0.061090195251190325,-0.3714080199319819,0.02789603704669156,-0.03675518688237844
ST,8742,-0.056605800441213154,-0.22711547668560034,0.006978337782694516,-0.03679575343486928
ST,8743,-0.033789564216780754,0.40912407641113757,-0.07811955661879068,-0.04198486866950807
ST,8744,-0.0677668896277579,0.12626468433143753,-0.010059105224492954,-0.055702328401706934
ST,8745,-0.08374989562447227,0.2368173154823434,0.005773164241339625,-0.07342236775308973
ST,8746,-0.073310323144406,-0.13030298541877472,0.049699766408712716,-0.05838474278443616
ST,8747,-0.06508004076180218,-0.17793469022372987,0.060402016949538576,-0.0508658337939136
ST,8748,-0.07278502477891158,-0.2214620333308408,0.07572604986124544,-0.05529717729072099
ST,8749,-0.08595121642861911,0.2464023801219087,0.08109125027487872,-0.08642353973590133
ST,8750,-0.0839516962700409,0.21282130326287993,0.1003593093020435,-0.08544353436477818
ST,8760,0.0019777566023942714,-0.1797362776794072,-0.12884107654385765,0.39554652309075494
ST,8761,-0.013165743297075188,-0.16783545090211388,-0.09820762816066066,0.35451632344856654
ST,8762,0.003058895416541026,-0.19055071318984024,-0.10345250311387179,0.41759287411407237
ST,8763,-0.006125904905719616,-0.17789209203154108,-0.07778441715303112,0.3717968194869005
ST,8764,-0.0019068664677535647,-0.18993577883717735,-0.06841627507038013,0.39816797155853173
ST,8765,0.0027238893558254183,-0.19219285832048721,-0.054864331235639004,0.4037823403713158
ST,8766,-0.022071413713568504,-0.15916671307664698,-0.01917268868814003,0.2964383084581787
ST,8767,-0.024912252169188936,-0.15359439102276282,-0.003245224519250245,0.28414831657630407
ST,8768,-0.04061635940705311,-0.13742432162339896,0.01836301916966007,0.23132081423724737
ST,8769,-0.030815006285043054,-0.1516596259399137,0.02744177998473057,0.2704763212068533
ST,8770,-0.02102903849281096,-0.17248484824938962,0.04069624878477144,0.3259062028589157
ST,8771,-0.040694113804692254,-0.14392856972395093,0.058344851084794924,0.23705471890021557
ST,8772,-0.037717724064488756,-0.15343032377370733,0.07433144739130428,0.261086899092801
ST,8773,0.006794299474993972,-0.1707017932126392,-0.17509631976373155,0.3269731113513539
ST,8774,-0.008236223973921973,-0.16382511315262113,-0.14489487937015702,0.2995615805872049
ST,8775,0.0011743835778745546,-0.18183300119087237,-0.14813146437642316,0.3393544854168688
ST,8776,-0.0012132388551884088,-0.17770446438914334,-0.1290644949618918,0.32300705091054976
ST,8777,-0.001524487376029233,-0.17692475911882208,-0.11299560680910735,0.3172632182450851
ST,8778,0.001013540977827848,-0.18118492173038583,-0.10032167806549747,0.32411955429845407
ST,8779,-0.02396318671077036,-0.14347715932579058,-0.054447657396209194,0.21644650915406163
ST,8780,-0.026973137847701317,-0.1414482672286235,-0.039134598247369784,0.2117711317603197
ST,8781,-0.027028686180068213,-0.14510826613348432,-0.027206759888519963,0.22247259304885836
ST,8782,-0.01446192700710222,-0.17228020306072236,-0.023737427723508453,0.28852823233702674
ST,8783,-0.02632373125564072,-0.15211569572863917,-1.9545460237863757e-4,0.23093789477552756
ST,8784,-0.0372898026332866,-0.14207079388244287,0.019627342455276534,0.19826944554362014
ST,8785,-0.04344040527797771,-0.1282367101846375,0.03439650591629591,0.16120962200486205
ST,8786,0.17480708449002896,-0.34446257021937865,-0.42063112195249575,0.8664889239165013
ST,8787,0.18065634221477608,-0.35243851825610434,-0.4035616994794886,0.8769604959885924
ST,8832,0.8099914036306519,-0.3666016833117654,-0.32257129154360303,0.1831593495760576
ST,8833,0.6857289496188946,-0.31419148208259157,-0.2378275704862491,0.13682017334589777
ST,8834,0.7848449832963703,-0.35145733084229647,-0.2401646800672829,0.16851161175941257
ST,8835,0.7171129335792211,-0.3300892037538912,-0.18057688135967362,0.13862990988179957
ST,8836,0.7317054708148382,-0.3306977567052611,-0.1507383997760848,0.1407492808514127
ST,8837,0.6578374408991655,-0.303664199363476,-0.09823223527098421,0.1110733714006299
ST,8838,0.7034838143829046,-0.3150176713723745,-0.07616659690836912,0.12597656470601842
ST,8839,0.6461961929834625,-0.2938323824026696,-0.03540616916277062,0.10310852468536073
ST,8840,0.6627856092579418,-0.2956427420052664,-0.010162416754122123,0.10786908671496806
ST,8841,0.5303735443659169,-0.25301226146931644,0.030319655696723707,0.0622422698242997
ST,8842,0.5732861983374764,-0.2677248420474252,0.05757251326809513,0.07334861490121351
ST,8843,0.4744349357515881,-0.23474384133032108,0.07822404856782272,0.04233132150925461
ST,8844,0.46433513976743146,0.4847725744832136,0.2963042695617308,-0.021723682826828888
ST,8845,0.7860704626200623,-0.34392798139883296,-0.354950762557263,0.1738216536182387
ST,8846,0.7181806383631693,-0.31146241508183614,-0.29140862249757876,0.1496827219747463
ST,8847,0.6672136522282395,-0.29701665404783356,-0.2359476049018086,0.12590794384107343
ST,8848,0.7372756390530248,-0.3203592752649641,-0.23073440839841514,0.1474363795975564
ST,8849,0.6458995094796158,-0.2934958597503193,-0.16406498133818637,0.10915200850943732
ST,8850,0.7174271389476204,-0.3198995912805691,-0.15080561014758914,0.12866951986299607
ST,8851,0.5926286852972578,-0.2733927530482443,-0.08857317068081953,0.08560841497103017
ST,8852,0.6723040533966884,-0.2974464634148872,-0.07620998419049883,0.10986341360123782
ST,8853,0.6464057355368181,-0.2870386319144865,-0.042703384397181694,0.09982837039287587
ST,8854,0.626665229192111,-0.2807162568962415,-0.007541924047529737,0.09045567515686205
ST,8855,0.4888846884404009,-0.2361827796464565,0.02636090630824274,0.047515439704330246
ST,8856,0.5380844185111521,-0.24881643910794018,0.04778070907056521,0.06247483127728445
ST,8857,0.42620951050948747,-0.22331568879805352,0.0763536335962065,0.024344483465572855
ST,8858,1.6532647845821706,-0.6484439573587888,-0.8399403044588745,0.49409653169037854
ST,8859,1.8042071657813552,-0.6624065639994422,-0.8482738963981187,0.5518031177893443
ST,8860,-0.05561343696197443,-0.3033090512110275,-0.07425982498719241,-0.0246159311342774
ST,8861,-0.05370191132975077,-0.16323123530149625,-0.06873361384979879,-0.033017328142860077
ST,8862,-0.07416049633436325,-0.01629560023383907,-0.07548203460414184,-0.049124718055511434
ST,8863,-0.08377006513490838,0.18572320613397372,-0.06544350588726847,-0.0664841188048092
ST,8864,-0.08489418437826149,0.29197461578158945,-0.040125607133505645,-0.0748549293332156
ST,8865,-0.08035363171342497,0.38267578789587403,-0.0036194685706468417,-0.0828477657160726
ST,8866,-0.07267843585655591,0.4326503601802085,0.04049185081141714,-0.0827672211275454
ST,8867,-0.05365909382027599,0.5464092010969914,0.09854845741855746,-0.08117653549557516
ST,8868,-0.04254149754800499,0.6582118493754192,0.16991296658640473,-0.08765474073767915
ST,8869,-0.05014668393762203,0.7032973877880705,0.20005415250476458,-0.10352918633618206
ST,8870,-0.046654187056387984,0.775002503235112,0.2674448226298148,-0.113630193659274
ST,8871,-0.0635285927937486,0.7253164297771642,0.259233154667481,-0.1259551392255458
ST,8872,-0.05225286392933052,0.8486944976361152,0.3497121092324691,-0.13482396509865063
ST,8873,-0.058267438702431715,-0.3902063173882446,-0.1498662650595312,-0.005528211340823753
ST,8874,-0.07643996485730054,-0.22710613771471597,-0.18071822273558613,-0.019374342803480545
ST,8875,-0.08459792509432094,-0.18287646387244327,-0.1877817651281614,-0.02325551833337767
ST,8876,-0.09576011065776747,4.461992363011596e-4,-0.20800069570774718,-0.03491287057268565
ST,8877,-0.09308753758065298,0.1176520882323096,-0.2028644943649884,-0.03884758605374061
ST,8878,-0.08697353032490812,0.08089187388090395,-0.12630311834949365,-0.04650706378844638
ST,8879,-0.0891547538401754,0.17772887082484173,-0.15156503318315828,-0.042431090393420405
ST,8880,-0.08232840820272096,0.25335291903575813,-0.10953970309835333,-0.0472485197909474
ST,8881,-0.06844612323198486,0.32373949110642053,-0.07711743040783203,-0.042423018341664516
ST,8882,-0.06892997153194474,0.39636934223766035,-0.013269876275758964,-0.05633987759404371
ST,8883,-0.07334019694517956,0.4630726143728852,0.04304898408571288,-0.07504286184152775
ST,8884,-0.07496352612705842,0.5017456494481691,0.09602692871202524,-0.08654875847921531
ST,8885,-0.07282432006053816,0.5750168518734067,0.13031447192688425,-0.09654565278151596
ST,8886,0.1279153543706746,-0.9110647775720498,-0.18073399700831216,0.14654660929989824
ST,8887,0.10701058536755971,-0.8729090100572544,-0.22650250208725237,0.14514706151629755
ST,8901,-0.18522507342924424,1.1798075285369718,-0.2495774387699308,2.261237458322779
ST,8902,-0.18814897485651064,1.3238309200297471,-0.25503136120998837,2.321387792232284
ST,8903,-0.20550883538273287,1.7716239684026793,-0.2466602995903319,2.2625018185933765
ST,8904,-0.21561020127730743,1.9809169644569338,-0.12275089549888821,1.8115678505341468
ST,8905,-0.19933798671394726,1.8161313403704495,-0.1734550207666863,2.354058517614149
ST,8906,-0.19691632277432403,1.8428539836231375,-0.10714282244547943,2.1186881203244634
ST,8907,-0.19865128415437994,1.9186611121652484,-0.051537369070967225,2.107450323296843
ST,8908,-0.19125007139569467,1.9325870490996386,0.0029216096627667043,1.9813894083348444
ST,8909,-0.19726749367901522,2.004300950197915,0.04486990516640015,1.4590375282989236
ST,8910,-0.1868025565697851,2.1175501431897232,0.08266119212012712,1.679319910398073
ST,8911,-0.18364497710827446,2.1724912301725867,0.1280048912778804,1.7190223514182412
ST,8912,-0.1701307694168116,2.2158416684147855,0.14484220593607977,1.5719875112210808
ST,8913,-0.16307051848070803,2.2658551492826793,0.22165485996624817,1.709305067947865
ST,8914,-0.15726377796924995,2.2547960336308766,0.22965652709717677,1.5327099065335468
ST,8915,-0.15834963641581482,2.3737858281548228,0.33554107676025074,1.7183104345046718
ST,8916,-0.09872852506505338,-0.022552495579554667,-0.0909261855559019,-0.0713235554246522
ST,8917,-0.09871635072058839,0.17480212148437294,-0.0984349528325257,-0.0807603953945458
ST,8918,-0.10914657518002713,0.1173057332356051,-0.0683440723933193,-0.08686040459374383
ST,8919,-0.11070159271901667,0.18879414021303384,-0.0502777097813966,-0.09373769595242631
ST,8920,-0.11350156433677129,0.2555321560566366,-0.0132649415681525,-0.10608365421847257
ST,8921,-0.10622483667322376,0.2693802593766336,-0.0027340165652438926,-0.10160012987518395
ST,8922,-0.09402083540339647,0.36225999792266633,0.015913639252777723,-0.10212983817939109
ST,8923,-0.09823870879171741,0.3635802789578558,0.04812214720835204,-0.10933926777898867
ST,8924,-0.0990144009141532,0.4042036941359947,0.07096969250097425,-0.11619947618848317
ST,8925,-0.09583738827545836,0.4390910823244309,0.10178205058437234,-0.1197025063437155
ST,8926,-0.08529855929698382,0.5160943698206167,0.14264939316213232,-0.12175992030695246
ST,8927,-0.09662716010974935,0.4844345500230871,0.13821196696386065,-0.12931267273527647
ST,8928,-0.10175812354635423,0.4765052543702514,0.14659194369686335,-0.1339812900582868
ST,8929,-0.08236007886947884,-0.0790403893497724,-0.044284163098813716,-0.06176456328540669
ST,8930,-0.11648747642073451,0.16775667576860867,-0.0996692933521347,-0.08033527293955457
ST,8931,-0.11316566337629186,0.1186845224192968,-0.08403313353272357,-0.07688964596672693
ST,8932,-0.1092963800354282,0.17535986663942615,-0.07378220268401324,-0.07765050552361134
ST,8933,-0.10599545863877614,0.2370332269881625,-0.044020403595436235,-0.08395215585226751
ST,8934,-0.10897180020400173,0.2654574929804167,-0.00828282101822502,-0.09331343342554659
ST,8935,-0.09013756156894223,0.36393195037196563,0.00516267364258597,-0.08764082040902507
ST,8936,-0.08949881164885388,0.3826591754257706,0.042408338357635175,-0.0910288253503164
ST,8937,-0.0954399367039154,0.41343641664837205,0.06961937057466965,-0.10389352277262094
ST,8938,-0.0972336526684098,0.43715128486442656,0.0927318070255389,-0.11112937318228516
ST,8939,-0.0872293227255273,0.5390183803927101,0.1438728827010441,-0.1182215855537269
ST,8940,-0.09926409665303819,0.49640741604799077,0.14672159495730824,-0.125680216973807
ST,8941,-0.04007242948590684,-0.20688661710647566,-0.21422610800916042,0.002131641699228335
ST,8942,-0.03057339334698073,-0.0330186372035858,-0.2624119005661908,0.008637189526655297
ST,8948,0.029185940048737032,-0.19141059864871546,-0.1306338103827793,0.04935863353061066
ST,8949,0.003798837774777921,-0.1656054194718352,-0.08762786304099852,0.020905908044897337
ST,8950,0.003438914293948819,-0.17353539864854947,-0.0763506203644914,0.02367527091912349
ST,8951,0.007880781196382108,-0.17363187001726005,-0.06456136198643984,0.02689279618310977
ST,8952,0.002594769678072602,-0.17758979575302583,-0.04724641713990216,0.024923675826338955
ST,8953,-0.006850275948668151,-0.16660439862798643,-0.023903849197921125,0.01197325772417709
ST,8954,0.00265206583480963,-0.17456986355405973,-0.01449993985838353,0.021431787014626953
ST,8955,-0.008143206927898938,-0.16216711780102752,0.006388227573661718,0.00894056086448868
ST,8956,-0.01656662940935112,-0.1550484329595425,0.024569194313671796,1.983177054382038e-4
ST,8957,-0.024988912548104078,-0.1417746261104908,0.039890156866741695,-0.01190886852091499
ST,8958,-0.023734468225095402,-0.15097122584586758,0.05539795662689014,-0.007679808841445134
ST,8959,-0.03447246550035868,-0.13899389793821482,0.06972650116740368,-0.019077189649829098
ST,8960,0.01534469327350268,-0.17384368715316875,-0.12953919842862677,0.03091554825562131
ST,8961,0.022993573640750446,-0.19215460810940363,-0.12932379367403637,0.04337593910834069
ST,8962,0.0022057818609838627,-0.16756374136425492,-0.08933397606591095,0.018979058233030085
ST,8963,-0.005430238325796055,-0.16693975455678375,-0.07025365863125789,0.013474357839552881
ST,8964,-0.003730707753209076,-0.16468619631555095,-0.056368762130935134,0.013900264832411757
ST,8965,0.006044582336706013,-0.17759568143882015,-0.04882808117076893,0.023756485967051492
ST,8966,0.004740697607352676,-0.18207751900043925,-0.03242079880812723,0.02412179101665055
ST,8967,-0.0069679100370127,-0.16755205590934752,-0.009055958955033675,0.01031375654587057
ST,8968,-0.019274231245686217,-0.14415594783169156,0.011553827433780639,-0.007710385739943264
ST,8969,-0.021461614575081535,-0.1512229651049213,0.027034662519793674,-0.006929646105108024
ST,8970,-0.021941611453508744,-0.15338802442521923,0.041922317937561286,-0.006905901965976746
ST,8971,-0.028229691763595275,-0.14716128456730643,0.05774946162767321,-0.012671514363655354
ST,8972,0.024922816196337627,-0.19226913420580793,-0.15966874937009365,0.04538832740445121
ST,8973,0.024768809814783955,-0.18530897639842658,-0.13991842434774734,0.042418730422395176
ST,8974,-0.0027436504938668635,-0.1509338800161967,-0.08931010697719971,0.00933423975024079
ST,8975,0.002461697531136522,-0.17130660176244308,-0.08830866353809484,0.02114757270255497
ST,8976,0.001269047305969539,-0.16941247652727132,-0.07213951645532268,0.01970302754526813
ST,8977,-0.001656376571827277,-0.1726307386155574,-0.054881237919922735,0.017177541394895832
ST,8978,-0.01422084935880651,-0.14779574626263492,-0.027342455918740897,-0.002066300397766797
ST,8979,-0.018000843307252292,-0.148215674860575,-0.012048186982324023,-0.004415003212399322
ST,8980,-0.012884463462976075,-0.15334961122160354,-0.0012542626568210868,0.0013593491288918045
ST,8981,-0.021911998262817117,-0.15436635095208745,0.018030762768878682,-0.005184263844679748
ST,8982,-0.021709021028195195,-0.14732721526014814,0.031203884888788874,-0.008440942078243162
ST,8983,-0.03858602015248973,-0.1342554441544355,0.04973111710731969,-0.024398504889087753
ST,8984,0.03041354483690038,-0.18230095045646127,-0.21296009543940855,0.046936400118131064
ST,8985,0.022623929081383054,-0.17632899523804832,-0.18691520673234033,0.03891330397156542
ST,8986,0.009859990888605048,-0.16183244425782814,-0.15191201964655082,0.024007399127552835
ST,8987,-0.009652320324307507,-0.15232199056628667,-0.11762194844771887,0.006477780585272913
ST,8988,3.6516814669579215e-4,-0.16241181037938834,-0.11762461269892215,0.017791291121699866
ST,8989,-0.0011439563533708625,-0.16393266199869913,-0.10115788731212517,0.015847032753087683
ST,8990,1.7568443931292063e-4,-0.16504609417331878,-0.08711571711138337,0.016783625845600166
ST,8991,-0.02011066236053684,-0.13889239611582344,-0.04973457414086243,-0.00809827914127138
ST,8992,-0.017626055339733517,-0.14812862623045667,-0.0410024027979503,-0.002400992285572317
ST,8993,-0.017321703345710673,-0.1436532471614757,-0.025979249612892007,-0.0046208129184909935
ST,8994,-0.02171042844248486,-0.14785609572434769,-0.009733384908696043,-0.006419137721772686
ST,8995,-0.03320113308408206,-0.13037990478517011,0.010330467695466253,-0.020628917289328644
ST,8996,0.7835577606240477,-0.7458003572388957,-1.1520998850927222,0.7357036864760303
ST,8997,0.7595931441590238,-0.7216844258912251,-1.0582518995318249,0.7096491870915621
ST,8998,0.6939097028808321,-0.7407241474285385,-0.9626964840573542,0.6684029015871491
ST,8999,0.011004884076500363,-0.1664526709130433,-0.16255744522154875,0.03904978402176439
ST,9000,0.0184895916607285,-0.16682397723087028,-0.15346958237470304,0.04394323608134406
ST,9001,5.434338561134579e-4,-0.15799796694617962,-0.12038098394441656,0.025935562601125357
ST,9002,0.005604223841033542,-0.16799179173578863,-0.11612186303529731,0.03419227285429531
ST,9003,-0.004544546152292819,-0.1608290008135141,-0.0921576112632273,0.024120792625965604
ST,9004,-0.010313023485983718,-0.15940272719738308,-0.07376983371499515,0.019388771495719832
ST,9005,-0.012702976483849467,-0.15390922643864338,-0.05475436605923378,0.01293336220528737
ST,9006,-0.005074740020515871,-0.16791811825450617,-0.048083836883525806,0.02400293171228566
ST,9007,-0.02054285558744209,-0.14993974310557817,-0.02077870509920304,0.0040351915878539465
ST,9008,-0.01768216905402044,-0.15188384711325828,-0.008647125888921268,0.006981396802692325
ST,9009,-0.021935783590135725,-0.1412580714214335,0.007725461527466589,-0.001509811056379267
ST,9010,-0.022174743700541705,-0.1496902806700647,0.022580009012399396,0.00216152746607419
ST,9011,-0.03584934123256093,-0.13454042111747957,0.04035269294820718,-0.014533993726935458
ST,9012,0.013931844198943071,-0.1847333124899952,-0.12898992880264404,0.09819490528006432
ST,9013,0.016387595618281594,-0.17998299226658265,-0.11278966142417153,0.09655022324321019
ST,9014,0.014919372484525325,-0.1810894129670226,-0.09648583828480742,0.09430565487252242
ST,9015,-0.006841166112550309,-0.1513855699242189,-0.058851879325078765,0.05608059784317724
ST,9016,-0.0053862719598832985,-0.17041136318310493,-0.05171675477538975,0.07081591144306162
ST,9017,-0.011910662363265698,-0.16597613380350404,-0.03241871380371705,0.06263095048665876
ST,9018,-0.016236551053569786,-0.16058269046857207,-0.014907558827730127,0.055440548380868725
ST,9019,-0.025660678297741466,-0.1477716507406902,0.0051429450892156794,0.038190075975523284
ST,9020,-0.023386805622188336,-0.15700684642545093,0.018124495106931697,0.04590377358755093
ST,9021,-0.030193505367246156,-0.1451885409649456,0.034175737695141144,0.03180285567663511
ST,9022,-0.031026566457451298,-0.14589337154213544,0.04838918337205994,0.03073079468419195
ST,9023,-0.04237473411150797,-0.12914688738513394,0.06158124138720578,0.009360809870942642
ST,9024,-0.045140350538979475,-0.13078525992538462,0.07600449662306524,0.008873728773146275
ST,9025,0.2345643159331826,-0.3594553376258156,-0.44914098408799585,0.313582141220935
ST,9026,0.22619502644200806,-0.36946827144886607,-0.423779952707852,0.3140516010000076
ST,9027,1.0390808186136091,-0.4451266254028627,-0.42485912476196164,0.3625969901620707
ST,9028,0.9676735978443939,-0.4257331703084623,-0.34795665276499893,0.323423373135887
ST,9029,0.9029413271261131,-0.3913785351485116,-0.2838597097400727,0.29124868136400156
ST,9030,0.898603407446428,-0.3902849514901532,-0.2416075985773459,0.28339133307970676
ST,9031,0.8800473736385713,-0.3877392039556015,-0.1924913196313896,0.2672859371889923
ST,9032,0.8466638922225197,-0.3764783131934887,-0.14261195706753826,0.247951650387763
ST,9033,0.7128004375418592,-0.32155680944220094,-0.08042362644418363,0.18797757057411438
ST,9034,1.0260150062858722,-0.4418307616285919,-0.44785926084907124,0.353725273642304
ST,9035,0.967623632422759,-0.4240222874325441,-0.3759519339022694,0.3215284564004526
ST,9036,0.9762718230418783,-0.41704296743458213,-0.338412471123085,0.32299696556690055
ST,9037,0.8744771566312931,-0.381865195778794,-0.25846795556982294,0.2701126540699483
ST,9038,0.869927658439723,-0.37580829963869883,-0.21731814414679448,0.2624459112418809
ST,9039,0.768999159829919,-0.342545586583733,-0.1491735504525975,0.2132915486877746
ST,9040,0.8546683164121623,-0.37342304104692786,-0.1295366665244039,0.24620074008902385
ST,9041,2.0353913845320766,-0.7877838728537568,-1.0169106189635555,0.8041324898994207
ST,9042,2.143226386630182,-0.8283764455270034,-0.9948266475506607,0.8452976997604481
ST,9043,-0.027828596927786966,-0.11958163856065764,-0.17287752091197747,-0.018347403182362814
ST,9044,-0.0202043342353651,-0.12281293585067202,-0.17257478923618505,-0.012234746260387579
ST,9045,-0.024108443069090445,-0.12376766026514471,-0.15984923049872637,-0.014838493051613692
ST,9046,-0.030120717465591456,-0.112741060652174,-0.13266842416330188,-0.02326764032818714
ST,9047,-0.0254649342200317,-0.12306936874885571,-0.13663109421790084,-0.016292195623079733
ST,9048,-0.03060866969037165,-0.12213875675404658,-0.12070952221498378,-0.020326430795201335
ST,9049,-0.05034017285552835,-0.10290561141082312,-0.0796584516919663,-0.04061413346606251
ST,9050,-0.04005974954635396,-0.11180334110755825,-0.08345534314143523,-0.03091153930402811
ST,9051,-0.039701734891576586,-0.1160303483677855,-0.07524923353439716,-0.029682585547898172
ST,9052,-0.054750399795851674,-0.10139049296744215,-0.04462126350657501,-0.04581412396392678
ST,9053,-0.04941694221139129,-0.11386746547126073,-0.04391866423263981,-0.03830158698322053
ST,9054,-0.043089353116514774,-0.11405052164749294,-0.03713196942932004,-0.033914520756297466
ST,9055,-0.039124524819278424,-0.12149847421789227,-0.030717691309756358,-0.02849587704544087
ST,9056,-0.05340978113318139,-0.1026995897624072,-0.0054441233492186405,-0.04551192744101851
ST,9057,-0.05030628914053304,-0.10712889240382767,0.002714846870479034,-0.04170762644236568
ST,9058,-0.005667971078027941,-0.13194448182832497,-0.24437939525601066,8.859616016985758e-4
ST,9060,-0.013860503438626827,-0.1289740322191257,-0.20988274369833332,-0.006120913834023072
ST,9061,-0.02263965953966339,-0.12143426954384852,-0.18105032206887095,-0.01496301207792467
ST,9062,-0.019138299161504477,-0.12956946582564788,-0.1828078679350678,-0.009806530217048057
ST,9063,-0.021023830451348344,-0.12816084759461108,-0.1676350965270811,-0.011743466088232297
ST,9064,-0.018851469175917786,-0.1253110487658748,-0.15342475441162942,-0.011683657324052705
ST,9065,-0.04549453261112413,-0.10062994849915262,-0.0957234967779062,-0.03877205211063119
ST,9066,-0.04395702521241686,-0.10560807513564095,-0.09076861389650018,-0.036361589603827606
ST,9067,-0.04910231363245314,-0.0967014794519247,-0.06723920080954376,-0.04392693735631598
ST,9068,-0.037234442818373986,-0.11469656615712757,-0.08083620515078953,-0.02894051847313272
ST,9069,-0.039518424138465874,-0.10836639901853068,-0.06357043631353708,-0.03268374189424213
ST,9070,-0.050954383625003506,-0.10226372929503444,-0.04080492311830876,-0.04285010781677667
ST,9071,0.0012385158751836082,-0.12327147784745819,-0.31989026771860224,0.0039609385509960645
ST,9073,-0.02213810640180546,-0.1121602175726416,-0.24944331265580022,-0.016948353312661053
ST,9074,-0.016030854122727034,-0.1202304443216707,-0.26430736445385283,-0.009417535687985668
ST,9075,-0.0180480199195977,-0.11883178609375072,-0.24863269803739932,-0.011514341269777705
ST,9076,-0.0247462654173497,-0.11473611973892645,-0.22294850830614735,-0.017911404448900534
ST,9077,-0.03637289348527694,-0.1050699482416869,-0.1844554209938867,-0.02961243363254181
ST,9078,-0.032477206880115204,-0.10800732168175885,-0.1872587360007888,-0.025121356757392337
ST,9079,-0.03331729398028307,-0.10695246954561802,-0.1732920284474911,-0.026402387171965757
ST,9080,-0.0361654930716652,-0.1041719915853789,-0.153181752465667,-0.030070548308065156
ST,9081,-0.037086420330151366,-0.10615228482615532,-0.14483550370265127,-0.030022252572496508
ST,9082,-0.04518917755347243,-0.09880802344372741,-0.11734728670977565,-0.03830240125076447
ST,9083,-0.053072394267204254,-0.0923397420780935,-0.0922788627305743,-0.04617879527211263
ST,9084,-0.00951902434181842,-0.07414489789600442,-0.5542515830834165,-0.013612386458826512
ST,9085,-0.01577658267062908,-0.07189685725626534,-0.5229796219526363,-0.019016633047250108
ST,9086,-0.034906666527426494,-0.0684097946622788,-0.4390156038993798,-0.03461044793482961
ST,9087,-0.017868459059725384,-0.07091435169670117,-0.5019484537821209,-0.02126898607004998
ST,9088,-0.028714398212796005,-0.06910843618780534,-0.44627571796905996,-0.030379750203637233
ST,9089,-0.035242230431404925,-0.0675265223951329,-0.4329850685472728,-0.035137300547839354
ST,9090,-0.04123210810218584,-0.06456856630246484,-0.38115486271476723,-0.04122583295810848
ST,9091,-0.04645940517299331,-0.06634091770106564,-0.3582182002224158,-0.045101029549955984
ST,9092,-0.0468616322097709,-0.06534599029274162,-0.3556502643524668,-0.045536795793206096
ST,9093,-0.0615177111541658,-0.06408433590625227,-0.27504410065774865,-0.0579246855786318
ST,9094,-0.06421936160117539,-0.06150826614547605,-0.24533022374103394,-0.06102826675255431
ST,9095,-0.001384103962705802,-0.08745000078608296,-0.5551893238167371,-0.004222161145613802
ST,9097,-0.011289897520152756,-0.08157294206200637,-0.494496950870567,-0.01373541751926767
ST,9098,-0.016929326191614347,-0.08126151729746729,-0.4784160990773423,-0.017859865406091302
ST,9099,-0.04184321581481093,-0.0730486415132796,-0.3669187814681794,-0.03942315450808994
ST,9100,-0.024730313558293034,-0.07845859742852242,-0.43053803529377777,-0.025080109100686677
ST,9101,-0.024029383327402797,-0.08004327305946234,-0.4312329469149694,-0.024333035823141305
ST,9102,-0.035992843120190667,-0.07564812055821236,-0.38291526224638706,-0.03441640765121954
ST,9103,-0.046473210856699615,-0.0722625180138522,-0.32537377045215227,-0.04392164967791648
ST,9104,-0.036118502686268775,-0.07524239586186152,-0.35492552443812136,-0.03572956104379551
ST,9105,-0.0376253176358981,-0.07363402695903594,-0.34400154205365946,-0.037207162482604146
ST,9106,-0.054094268983402166,-0.07029466991410958,-0.2647385130119248,-0.0515056347792672
ST,9107,-0.05269775743304835,-0.06835975679450058,-0.2728458892157719,-0.050265612671857196
ST,9109,-0.06656814880674007,-0.08353668934960203,-0.0947082215547506,-0.054589345821075566
ST,9110,-0.06453836774006874,-0.07528481075914256,-0.08030989710811574,-0.056064719498124915
ST,9111,-0.07485455648398892,-0.07718072772922537,-0.06711006935259542,-0.06243585919290715
ST,9112,-0.09333017438144843,-0.05918237620828467,-0.027421668364497862,-0.08204912026356406
ST,9113,-0.09247423960867059,-0.060027916336618435,-0.022811437021905485,-0.08133994090520504
ST,9114,-0.07105589069426484,-0.07783430942133093,-0.04455223009394734,-0.0616864119481471
ST,9115,-0.07620164415719866,-0.07684637957953447,-0.035046174930130715,-0.06441712078324666
ST,9116,-0.08785597253879227,-0.0684484180417965,-0.013178271323410009,-0.07580370443452675
ST,9117,-0.10030666568916308,-0.05331542249994274,0.011010673685059638,-0.09015119707238359
ST,9118,-0.10634454975713094,-0.048576762368994976,0.022203839267263815,-0.09598342738665766
ST,9119,-0.1028022993349529,-0.05312792507279406,0.02236057733863502,-0.09155956278184434
ST,9120,-0.09341801907003269,-0.06294996289406238,0.019266246904626087,-0.08161725289960996
ST,9121,-0.10797442111925633,-0.047653588262600424,0.036867535477010834,-0.0971200287071959
ST,9122,-0.04859148442453171,-0.08427800669977827,-0.1458096191598019,-0.04147423521601863
ST,9123,-0.0610854555138925,-0.0832756737140027,-0.1258385499583397,-0.050368236455232265
ST,9124,-0.07881402838623261,-0.06871047313793918,-0.08202267705673645,-0.06799833511581807
ST,9125,-0.08417748177428148,-0.06559438849548915,-0.06565172365472065,-0.07322454909038595
ST,9126,-0.08776309871282233,-0.05857128283246584,-0.04579588857794517,-0.0787603016114602
ST,9127,-0.07244835627944829,-0.07878963789326543,-0.07470907421677396,-0.06178834375229495
ST,9128,-0.08112498241364448,-0.06811794673377693,-0.051225697239911355,-0.07069773296305061
ST,9129,-0.10111740529882826,-0.04974888095695258,-0.006948046146791551,-0.0921124078247304
ST,9130,-0.09969511587081918,-0.052504255706714256,-0.0077159683536574455,-0.08965670810576365
ST,9131,-0.10040920445512269,-0.048801296692540866,0.0011366186434440745,-0.09156359149738832
ST,9132,-0.09242124769602457,-0.05659282206734955,-0.006968929541021084,-0.08272890212863544
ST,9133,-0.09730354230326138,-0.0530808133218947,0.005610753270194888,-0.08785577889305543
ST,9134,-0.09943509481578848,-0.05042409127599833,0.013550694655242342,-0.09012069856677285
ST,9135,0.05116496514162837,-0.1784054507299972,-0.34480373731552283,0.051949088427697625
ST,9136,0.05753241218543137,-0.17349478851557573,-0.3260139250677174,0.05317833466386192
ST,9137,-0.14308065179231322,-0.01781754685918456,0.0833424211865284,-0.12426713650265622
ST,9138,-0.1417419939108697,-0.02095182123076254,0.08672109790111933,-0.12243290076305012
ST,9139,-0.1425191012184994,-0.01976555243203629,0.08865902674107572,-0.123403738543212
ST,9140,-0.14423254864642343,-0.017199333752698713,0.08984687341187414,-0.12549845183263314
ST,9141,-0.1443592543902319,-0.015012261146471332,0.09036690984949772,-0.12641938913950482
ST,9144,-0.14588031326589465,-0.01497414403765737,0.096735099558915,-0.12759375830714767
ST,9145,-0.1441078830043015,-0.01608754364902184,0.08293592567409726,-0.12553833432473363
ST,9146,-0.1419844991644342,-0.019526007042908928,0.08605110484417143,-0.12306334001228628
ST,9147,-0.1432504869674761,-0.017074991744812966,0.08728804861876914,-0.12479568483786078
ST,9148,-0.14820309122328865,-0.010148667529616217,0.08644604272467649,-0.13055861775349692
ST,9149,-0.14344148521843014,-0.0179318991702837,0.09228803955168405,-0.1248062830374207
ST,9152,-0.14677822583183775,-0.013897854304915283,0.09593283817895652,-0.1285633466349955
ST,9153,-0.1436498085795264,-0.01438329186838719,0.06506164399376124,-0.12527641165173603
ST,9154,-0.14134681121441883,-0.016434043194786613,0.06608343513445682,-0.12311780720550723
ST,9155,-0.14273652191308642,-0.015218302290623263,0.06880853602219919,-0.12454166284581306
ST,9156,-0.1429239308028169,-0.015653590160523458,0.07112818753991736,-0.12458148701191403
ST,9157,-0.1416309256873301,-0.01784295973881825,0.07336452045635342,-0.12304714731446328
ST,9159,-0.07581114619630389,-0.09161508853952041,0.05676460497746941,-0.0602678364244961
ST,9160,-0.06742724245781538,-0.08628293678459271,0.05867174898475926,-0.056040945345279446
ST,9161,-0.06098170573266672,-0.08410714099159151,0.06245600559038692,-0.05243447481228065
ST,9176,-0.14959371665304091,-0.001462624648282862,0.04385478777323302,-0.13263078299261472
ST,9177,-0.15277060964473294,-5.696453856126382e-4,0.05015058808383019,-0.13520378219858564
ST,9178,-0.15389855047597095,-0.0010409866493967742,0.053089166917409926,-0.13610779079698143
ST,9179,-0.15003064177793388,-0.0013393831989912083,0.04446078070169642,-0.1329640447374887
ST,9180,-0.15267932734706358,-5.537807030276942e-4,0.050093598668496955,-0.13514757832475607
ST,9181,-0.15388450666259176,-0.001070173428191777,0.053059179648625374,-0.1360935818033145
ST,10084,0.03380191508694799,-0.09947837691273312,-0.7067366528398212,0.021601358873538833
ST,10085,0.03300974519432016,-0.09845045550389958,-0.7046070269620723,0.020986069382111016
ST,10086,0.01858361175944523,-0.09510483547084474,-0.6395793725734277,0.009113811475093781
ST,10087,0.007581059790561935,-0.0962989681593075,-0.6006058366051588,0.0011135180683532577
ST,10088,0.017807896361592024,-0.09399837700193728,-0.6172026816103031,0.007636949673054714
ST,10089,0.017520442804911652,-0.0968743222259979,-0.6448143948268341,0.008909808027231769
ST,10090,0.003622342212996663,-0.093113775420828,-0.536797483885936,-0.004412479574528495
ST,10091,0.015902768290485897,-0.09269473773877952,-0.6359784522968498,0.006904259544138606
ST,10092,2.5357429155355783e-4,-0.08956117550019288,-0.5269824888172728,-0.007211836749118624
ST,10093,-0.00619387728094874,-0.09121089386626949,-0.47650472656624604,-0.012746156444179877
ST,10204,-0.00151404008418447,-0.09765436055257132,-0.6128229557234038,-0.005578972678492023
ST,10205,0.008793652573856047,-0.08977401312828016,-0.6556700702441776,0.0010804658335234537
ST,10206,-0.021361524593920194,-0.08050084117688075,-0.5199615636279643,-0.02335548342898834
ST,10207,-0.012842611504037876,-0.08308224791677672,-0.5569609081004033,-0.01662999217405281
ST,10208,-0.008926674874364294,-0.07714058103161853,-0.5832500652550834,-0.014338950782476934
ST,10209,-0.01060768759492208,-0.08098774469411461,-0.5506084718171782,-0.016032640140907065
ST,10210,-0.023218920328478276,-0.0716162623427291,-0.5086470281637729,-0.026552469283499133
ST,10211,-0.024565198470478528,-0.075343190867634,-0.4754003209643472,-0.02791903013491839
